ATLAS CONCORDE,./temp_files/logo/ATLAS CONCORDE.png,"atlas concorde, атлас конкорд, плитка atlas concorde, керамогранит atlas concorde, плитка, керамогранит, atlas concord, плитка конкорд, плитка atlas, поставщик, атлас конкорд италия, атлас конкорд сайт","Каталог керамической плитки и керамогранита ATLAS CONCORDE / АТЛАС КОНКОРД (Италия) от прямого поставщика КЕРАМОТЕКА. Низкие цены, скидки. Оптовые и розничные продажи. Материал в наличии.",ATLAS CONCORDE / АТЛАС КОНКОРД (Италия) Керамическая плитка и керамогранит от прямого поставщика - компании КЕРАМОТЕКА,Италия,SPARK,"atlas concorde spark, атлас конкорд спарк, керамогранит spark, купить, поставщик, скидки, цены",Каталог керамического гранита ATLAS CONCORDE SPARK от прямого поставщика КЕРАМОТЕКА. Опт и розница. Скидки. Цены.,ATLAS CONCORDE SPARK / АТЛАС КОНКОРД СПАРК - проектный керамогранит для общественных пространств. КЕРАМОТЕКА.,Под заказ,$$$,https://www.keramoteka.ru/upload/uf/9cf/keramoteka-atlas-concorde-spark.pdf,СНЯТО С ПРОИЗВОДСТВА,Керамогранит,Sand,60X60 СМ,ACW1,./temp_files/img/ATLAS CONCORDE_SPARK_Sand.jpg
ATLAS CONCORDE,./temp_files/logo/ATLAS CONCORDE.png,"atlas concorde, атлас конкорд, плитка atlas concorde, керамогранит atlas concorde, плитка, керамогранит, atlas concord, плитка конкорд, плитка atlas, поставщик, атлас конкорд италия, атлас конкорд сайт","Каталог керамической плитки и керамогранита ATLAS CONCORDE / АТЛАС КОНКОРД (Италия) от прямого поставщика КЕРАМОТЕКА. Низкие цены, скидки. Оптовые и розничные продажи. Материал в наличии.",ATLAS CONCORDE / АТЛАС КОНКОРД (Италия) Керамическая плитка и керамогранит от прямого поставщика - компании КЕРАМОТЕКА,Италия,SPARK,"atlas concorde spark, атлас конкорд спарк, керамогранит spark, купить, поставщик, скидки, цены",Каталог керамического гранита ATLAS CONCORDE SPARK от прямого поставщика КЕРАМОТЕКА. Опт и розница. Скидки. Цены.,ATLAS CONCORDE SPARK / АТЛАС КОНКОРД СПАРК - проектный керамогранит для общественных пространств. КЕРАМОТЕКА.,Под заказ,$$$,https://www.keramoteka.ru/upload/uf/9cf/keramoteka-atlas-concorde-spark.pdf,СНЯТО С ПРОИЗВОДСТВА,Керамогранит,Canvas,60X60 СМ,ACW2,./temp_files/img/ATLAS CONCORDE_SPARK_Canvas.jpg
ATLAS CONCORDE,./temp_files/logo/ATLAS CONCORDE.png,"atlas concorde, атлас конкорд, плитка atlas concorde, керамогранит atlas concorde, плитка, керамогранит, atlas concord, плитка конкорд, плитка atlas, поставщик, атлас конкорд италия, атлас конкорд сайт","Каталог керамической плитки и керамогранита ATLAS CONCORDE / АТЛАС КОНКОРД (Италия) от прямого поставщика КЕРАМОТЕКА. Низкие цены, скидки. Оптовые и розничные продажи. Материал в наличии.",ATLAS CONCORDE / АТЛАС КОНКОРД (Италия) Керамическая плитка и керамогранит от прямого поставщика - компании КЕРАМОТЕКА,Италия,SPARK,"atlas concorde spark, атлас конкорд спарк, керамогранит spark, купить, поставщик, скидки, цены",Каталог керамического гранита ATLAS CONCORDE SPARK от прямого поставщика КЕРАМОТЕКА. Опт и розница. Скидки. Цены.,ATLAS CONCORDE SPARK / АТЛАС КОНКОРД СПАРК - проектный керамогранит для общественных пространств. КЕРАМОТЕКА.,Под заказ,$$$,https://www.keramoteka.ru/upload/uf/9cf/keramoteka-atlas-concorde-spark.pdf,СНЯТО С ПРОИЗВОДСТВА,Керамогранит,Pearl,60X60 СМ,ACW3,./temp_files/img/ATLAS CONCORDE_SPARK_Pearl.jpg
ATLAS CONCORDE,./temp_files/logo/ATLAS CONCORDE.png,"atlas concorde, атлас конкорд, плитка atlas concorde, керамогранит atlas concorde, плитка, керамогранит, atlas concord, плитка конкорд, плитка atlas, поставщик, атлас конкорд италия, атлас конкорд сайт","Каталог керамической плитки и керамогранита ATLAS CONCORDE / АТЛАС КОНКОРД (Италия) от прямого поставщика КЕРАМОТЕКА. Низкие цены, скидки. Оптовые и розничные продажи. Материал в наличии.",ATLAS CONCORDE / АТЛАС КОНКОРД (Италия) Керамическая плитка и керамогранит от прямого поставщика - компании КЕРАМОТЕКА,Италия,SPARK,"atlas concorde spark, атлас конкорд спарк, керамогранит spark, купить, поставщик, скидки, цены",Каталог керамического гранита ATLAS CONCORDE SPARK от прямого поставщика КЕРАМОТЕКА. Опт и розница. Скидки. Цены.,ATLAS CONCORDE SPARK / АТЛАС КОНКОРД СПАРК - проектный керамогранит для общественных пространств. КЕРАМОТЕКА.,Под заказ,$$$,https://www.keramoteka.ru/upload/uf/9cf/keramoteka-atlas-concorde-spark.pdf,СНЯТО С ПРОИЗВОДСТВА,Керамогранит,Jasmine,60X60 СМ,ACW0,./temp_files/img/ATLAS CONCORDE_SPARK_Jasmine.jpg
ATLAS CONCORDE,./temp_files/logo/ATLAS CONCORDE.png,"atlas concorde, атлас конкорд, плитка atlas concorde, керамогранит atlas concorde, плитка, керамогранит, atlas concord, плитка конкорд, плитка atlas, поставщик, атлас конкорд италия, атлас конкорд сайт","Каталог керамической плитки и керамогранита ATLAS CONCORDE / АТЛАС КОНКОРД (Италия) от прямого поставщика КЕРАМОТЕКА. Низкие цены, скидки. Оптовые и розничные продажи. Материал в наличии.",ATLAS CONCORDE / АТЛАС КОНКОРД (Италия) Керамическая плитка и керамогранит от прямого поставщика - компании КЕРАМОТЕКА,Италия,SPARK,"atlas concorde spark, атлас конкорд спарк, керамогранит spark, купить, поставщик, скидки, цены",Каталог керамического гранита ATLAS CONCORDE SPARK от прямого поставщика КЕРАМОТЕКА. Опт и розница. Скидки. Цены.,ATLAS CONCORDE SPARK / АТЛАС КОНКОРД СПАРК - проектный керамогранит для общественных пространств. КЕРАМОТЕКА.,Под заказ,$$$,https://www.keramoteka.ru/upload/uf/9cf/keramoteka-atlas-concorde-spark.pdf,СНЯТО С ПРОИЗВОДСТВА,Керамогранит,Carbon,60X60 СМ,ACW4,./temp_files/img/ATLAS CONCORDE_SPARK_Carbon.jpg
ATLAS CONCORDE,./temp_files/logo/ATLAS CONCORDE.png,"atlas concorde, атлас конкорд, плитка atlas concorde, керамогранит atlas concorde, плитка, керамогранит, atlas concord, плитка конкорд, плитка atlas, поставщик, атлас конкорд италия, атлас конкорд сайт","Каталог керамической плитки и керамогранита ATLAS CONCORDE / АТЛАС КОНКОРД (Италия) от прямого поставщика КЕРАМОТЕКА. Низкие цены, скидки. Оптовые и розничные продажи. Материал в наличии.",ATLAS CONCORDE / АТЛАС КОНКОРД (Италия) Керамическая плитка и керамогранит от прямого поставщика - компании КЕРАМОТЕКА,Италия,SPARK,"atlas concorde spark, атлас конкорд спарк, керамогранит spark, купить, поставщик, скидки, цены",Каталог керамического гранита ATLAS CONCORDE SPARK от прямого поставщика КЕРАМОТЕКА. Опт и розница. Скидки. Цены.,ATLAS CONCORDE SPARK / АТЛАС КОНКОРД СПАРК - проектный керамогранит для общественных пространств. КЕРАМОТЕКА.,Под заказ,$$$,https://www.keramoteka.ru/upload/uf/9cf/keramoteka-atlas-concorde-spark.pdf,СНЯТО С ПРОИЗВОДСТВА,Керамогранит,Sand,30X60 СМ,ACQ0,./temp_files/img/ATLAS CONCORDE_SPARK_Sand.jpg
ATLAS CONCORDE,./temp_files/logo/ATLAS CONCORDE.png,"atlas concorde, атлас конкорд, плитка atlas concorde, керамогранит atlas concorde, плитка, керамогранит, atlas concord, плитка конкорд, плитка atlas, поставщик, атлас конкорд италия, атлас конкорд сайт","Каталог керамической плитки и керамогранита ATLAS CONCORDE / АТЛАС КОНКОРД (Италия) от прямого поставщика КЕРАМОТЕКА. Низкие цены, скидки. Оптовые и розничные продажи. Материал в наличии.",ATLAS CONCORDE / АТЛАС КОНКОРД (Италия) Керамическая плитка и керамогранит от прямого поставщика - компании КЕРАМОТЕКА,Италия,SPARK,"atlas concorde spark, атлас конкорд спарк, керамогранит spark, купить, поставщик, скидки, цены",Каталог керамического гранита ATLAS CONCORDE SPARK от прямого поставщика КЕРАМОТЕКА. Опт и розница. Скидки. Цены.,ATLAS CONCORDE SPARK / АТЛАС КОНКОРД СПАРК - проектный керамогранит для общественных пространств. КЕРАМОТЕКА.,Под заказ,$$$,https://www.keramoteka.ru/upload/uf/9cf/keramoteka-atlas-concorde-spark.pdf,СНЯТО С ПРОИЗВОДСТВА,Керамогранит,Canvas,30X60 СМ,ACQ1,./temp_files/img/ATLAS CONCORDE_SPARK_Canvas.jpg
ATLAS CONCORDE,./temp_files/logo/ATLAS CONCORDE.png,"atlas concorde, атлас конкорд, плитка atlas concorde, керамогранит atlas concorde, плитка, керамогранит, atlas concord, плитка конкорд, плитка atlas, поставщик, атлас конкорд италия, атлас конкорд сайт","Каталог керамической плитки и керамогранита ATLAS CONCORDE / АТЛАС КОНКОРД (Италия) от прямого поставщика КЕРАМОТЕКА. Низкие цены, скидки. Оптовые и розничные продажи. Материал в наличии.",ATLAS CONCORDE / АТЛАС КОНКОРД (Италия) Керамическая плитка и керамогранит от прямого поставщика - компании КЕРАМОТЕКА,Италия,SPARK,"atlas concorde spark, атлас конкорд спарк, керамогранит spark, купить, поставщик, скидки, цены",Каталог керамического гранита ATLAS CONCORDE SPARK от прямого поставщика КЕРАМОТЕКА. Опт и розница. Скидки. Цены.,ATLAS CONCORDE SPARK / АТЛАС КОНКОРД СПАРК - проектный керамогранит для общественных пространств. КЕРАМОТЕКА.,Под заказ,$$$,https://www.keramoteka.ru/upload/uf/9cf/keramoteka-atlas-concorde-spark.pdf,СНЯТО С ПРОИЗВОДСТВА,Керамогранит,Pearl,30X60 СМ,ACQ2,./temp_files/img/ATLAS CONCORDE_SPARK_Pearl.jpg
ATLAS CONCORDE,./temp_files/logo/ATLAS CONCORDE.png,"atlas concorde, атлас конкорд, плитка atlas concorde, керамогранит atlas concorde, плитка, керамогранит, atlas concord, плитка конкорд, плитка atlas, поставщик, атлас конкорд италия, атлас конкорд сайт","Каталог керамической плитки и керамогранита ATLAS CONCORDE / АТЛАС КОНКОРД (Италия) от прямого поставщика КЕРАМОТЕКА. Низкие цены, скидки. Оптовые и розничные продажи. Материал в наличии.",ATLAS CONCORDE / АТЛАС КОНКОРД (Италия) Керамическая плитка и керамогранит от прямого поставщика - компании КЕРАМОТЕКА,Италия,SPARK,"atlas concorde spark, атлас конкорд спарк, керамогранит spark, купить, поставщик, скидки, цены",Каталог керамического гранита ATLAS CONCORDE SPARK от прямого поставщика КЕРАМОТЕКА. Опт и розница. Скидки. Цены.,ATLAS CONCORDE SPARK / АТЛАС КОНКОРД СПАРК - проектный керамогранит для общественных пространств. КЕРАМОТЕКА.,Под заказ,$$$,https://www.keramoteka.ru/upload/uf/9cf/keramoteka-atlas-concorde-spark.pdf,СНЯТО С ПРОИЗВОДСТВА,Керамогранит,Jasmine,30X60 СМ,ACQZ,./temp_files/img/ATLAS CONCORDE_SPARK_Jasmine.jpg
ATLAS CONCORDE,./temp_files/logo/ATLAS CONCORDE.png,"atlas concorde, атлас конкорд, плитка atlas concorde, керамогранит atlas concorde, плитка, керамогранит, atlas concord, плитка конкорд, плитка atlas, поставщик, атлас конкорд италия, атлас конкорд сайт","Каталог керамической плитки и керамогранита ATLAS CONCORDE / АТЛАС КОНКОРД (Италия) от прямого поставщика КЕРАМОТЕКА. Низкие цены, скидки. Оптовые и розничные продажи. Материал в наличии.",ATLAS CONCORDE / АТЛАС КОНКОРД (Италия) Керамическая плитка и керамогранит от прямого поставщика - компании КЕРАМОТЕКА,Италия,SPARK,"atlas concorde spark, атлас конкорд спарк, керамогранит spark, купить, поставщик, скидки, цены",Каталог керамического гранита ATLAS CONCORDE SPARK от прямого поставщика КЕРАМОТЕКА. Опт и розница. Скидки. Цены.,ATLAS CONCORDE SPARK / АТЛАС КОНКОРД СПАРК - проектный керамогранит для общественных пространств. КЕРАМОТЕКА.,Под заказ,$$$,https://www.keramoteka.ru/upload/uf/9cf/keramoteka-atlas-concorde-spark.pdf,СНЯТО С ПРОИЗВОДСТВА,Керамогранит,Carbon,30X60 СМ,ACQ3,./temp_files/img/ATLAS CONCORDE_SPARK_Carbon.jpg
ATLAS CONCORDE,./temp_files/logo/ATLAS CONCORDE.png,"atlas concorde, атлас конкорд, плитка atlas concorde, керамогранит atlas concorde, плитка, керамогранит, atlas concord, плитка конкорд, плитка atlas, поставщик, атлас конкорд италия, атлас конкорд сайт","Каталог керамической плитки и керамогранита ATLAS CONCORDE / АТЛАС КОНКОРД (Италия) от прямого поставщика КЕРАМОТЕКА. Низкие цены, скидки. Оптовые и розничные продажи. Материал в наличии.",ATLAS CONCORDE / АТЛАС КОНКОРД (Италия) Керамическая плитка и керамогранит от прямого поставщика - компании КЕРАМОТЕКА,Италия,SPARK,"atlas concorde spark, атлас конкорд спарк, керамогранит spark, купить, поставщик, скидки, цены",Каталог керамического гранита ATLAS CONCORDE SPARK от прямого поставщика КЕРАМОТЕКА. Опт и розница. Скидки. Цены.,ATLAS CONCORDE SPARK / АТЛАС КОНКОРД СПАРК - проектный керамогранит для общественных пространств. КЕРАМОТЕКА.,Под заказ,$$$,https://www.keramoteka.ru/upload/uf/9cf/keramoteka-atlas-concorde-spark.pdf,СНЯТО С ПРОИЗВОДСТВА,Керамогранит,"Sand Linea 4,8 mm",30X60 СМ,ACV2,"./temp_files/img/ATLAS CONCORDE_SPARK_Sand Linea 4,8 mm.jpg"
ATLAS CONCORDE,./temp_files/logo/ATLAS CONCORDE.png,"atlas concorde, атлас конкорд, плитка atlas concorde, керамогранит atlas concorde, плитка, керамогранит, atlas concord, плитка конкорд, плитка atlas, поставщик, атлас конкорд италия, атлас конкорд сайт","Каталог керамической плитки и керамогранита ATLAS CONCORDE / АТЛАС КОНКОРД (Италия) от прямого поставщика КЕРАМОТЕКА. Низкие цены, скидки. Оптовые и розничные продажи. Материал в наличии.",ATLAS CONCORDE / АТЛАС КОНКОРД (Италия) Керамическая плитка и керамогранит от прямого поставщика - компании КЕРАМОТЕКА,Италия,SPARK,"atlas concorde spark, атлас конкорд спарк, керамогранит spark, купить, поставщик, скидки, цены",Каталог керамического гранита ATLAS CONCORDE SPARK от прямого поставщика КЕРАМОТЕКА. Опт и розница. Скидки. Цены.,ATLAS CONCORDE SPARK / АТЛАС КОНКОРД СПАРК - проектный керамогранит для общественных пространств. КЕРАМОТЕКА.,Под заказ,$$$,https://www.keramoteka.ru/upload/uf/9cf/keramoteka-atlas-concorde-spark.pdf,СНЯТО С ПРОИЗВОДСТВА,Керамогранит,"Canvas Linea 4,8 mm",30X60 СМ,ACV4,"./temp_files/img/ATLAS CONCORDE_SPARK_Canvas Linea 4,8 mm.jpg"
ATLAS CONCORDE,./temp_files/logo/ATLAS CONCORDE.png,"atlas concorde, атлас конкорд, плитка atlas concorde, керамогранит atlas concorde, плитка, керамогранит, atlas concord, плитка конкорд, плитка atlas, поставщик, атлас конкорд италия, атлас конкорд сайт","Каталог керамической плитки и керамогранита ATLAS CONCORDE / АТЛАС КОНКОРД (Италия) от прямого поставщика КЕРАМОТЕКА. Низкие цены, скидки. Оптовые и розничные продажи. Материал в наличии.",ATLAS CONCORDE / АТЛАС КОНКОРД (Италия) Керамическая плитка и керамогранит от прямого поставщика - компании КЕРАМОТЕКА,Италия,SPARK,"atlas concorde spark, атлас конкорд спарк, керамогранит spark, купить, поставщик, скидки, цены",Каталог керамического гранита ATLAS CONCORDE SPARK от прямого поставщика КЕРАМОТЕКА. Опт и розница. Скидки. Цены.,ATLAS CONCORDE SPARK / АТЛАС КОНКОРД СПАРК - проектный керамогранит для общественных пространств. КЕРАМОТЕКА.,Под заказ,$$$,https://www.keramoteka.ru/upload/uf/9cf/keramoteka-atlas-concorde-spark.pdf,СНЯТО С ПРОИЗВОДСТВА,Керамогранит,"Pearl Linea 4,8 mm",30X60 СМ,ACV5,"./temp_files/img/ATLAS CONCORDE_SPARK_Pearl Linea 4,8 mm.jpg"
ATLAS CONCORDE,./temp_files/logo/ATLAS CONCORDE.png,"atlas concorde, атлас конкорд, плитка atlas concorde, керамогранит atlas concorde, плитка, керамогранит, atlas concord, плитка конкорд, плитка atlas, поставщик, атлас конкорд италия, атлас конкорд сайт","Каталог керамической плитки и керамогранита ATLAS CONCORDE / АТЛАС КОНКОРД (Италия) от прямого поставщика КЕРАМОТЕКА. Низкие цены, скидки. Оптовые и розничные продажи. Материал в наличии.",ATLAS CONCORDE / АТЛАС КОНКОРД (Италия) Керамическая плитка и керамогранит от прямого поставщика - компании КЕРАМОТЕКА,Италия,SPARK,"atlas concorde spark, атлас конкорд спарк, керамогранит spark, купить, поставщик, скидки, цены",Каталог керамического гранита ATLAS CONCORDE SPARK от прямого поставщика КЕРАМОТЕКА. Опт и розница. Скидки. Цены.,ATLAS CONCORDE SPARK / АТЛАС КОНКОРД СПАРК - проектный керамогранит для общественных пространств. КЕРАМОТЕКА.,Под заказ,$$$,https://www.keramoteka.ru/upload/uf/9cf/keramoteka-atlas-concorde-spark.pdf,СНЯТО С ПРОИЗВОДСТВА,Керамогранит,"Jasmine Linea 4,8 mm",30X60 СМ,ACV1,"./temp_files/img/ATLAS CONCORDE_SPARK_Jasmine Linea 4,8 mm.jpg"
ATLAS CONCORDE,./temp_files/logo/ATLAS CONCORDE.png,"atlas concorde, атлас конкорд, плитка atlas concorde, керамогранит atlas concorde, плитка, керамогранит, atlas concord, плитка конкорд, плитка atlas, поставщик, атлас конкорд италия, атлас конкорд сайт","Каталог керамической плитки и керамогранита ATLAS CONCORDE / АТЛАС КОНКОРД (Италия) от прямого поставщика КЕРАМОТЕКА. Низкие цены, скидки. Оптовые и розничные продажи. Материал в наличии.",ATLAS CONCORDE / АТЛАС КОНКОРД (Италия) Керамическая плитка и керамогранит от прямого поставщика - компании КЕРАМОТЕКА,Италия,SPARK,"atlas concorde spark, атлас конкорд спарк, керамогранит spark, купить, поставщик, скидки, цены",Каталог керамического гранита ATLAS CONCORDE SPARK от прямого поставщика КЕРАМОТЕКА. Опт и розница. Скидки. Цены.,ATLAS CONCORDE SPARK / АТЛАС КОНКОРД СПАРК - проектный керамогранит для общественных пространств. КЕРАМОТЕКА.,Под заказ,$$$,https://www.keramoteka.ru/upload/uf/9cf/keramoteka-atlas-concorde-spark.pdf,СНЯТО С ПРОИЗВОДСТВА,Керамогранит,"Carbon Linea 4,8 mm",30X60 СМ,ACV6,"./temp_files/img/ATLAS CONCORDE_SPARK_Carbon Linea 4,8 mm.jpg"
ATLAS CONCORDE,./temp_files/logo/ATLAS CONCORDE.png,"atlas concorde, атлас конкорд, плитка atlas concorde, керамогранит atlas concorde, плитка, керамогранит, atlas concord, плитка конкорд, плитка atlas, поставщик, атлас конкорд италия, атлас конкорд сайт","Каталог керамической плитки и керамогранита ATLAS CONCORDE / АТЛАС КОНКОРД (Италия) от прямого поставщика КЕРАМОТЕКА. Низкие цены, скидки. Оптовые и розничные продажи. Материал в наличии.",ATLAS CONCORDE / АТЛАС КОНКОРД (Италия) Керамическая плитка и керамогранит от прямого поставщика - компании КЕРАМОТЕКА,Италия,SPARK,"atlas concorde spark, атлас конкорд спарк, керамогранит spark, купить, поставщик, скидки, цены",Каталог керамического гранита ATLAS CONCORDE SPARK от прямого поставщика КЕРАМОТЕКА. Опт и розница. Скидки. Цены.,ATLAS CONCORDE SPARK / АТЛАС КОНКОРД СПАРК - проектный керамогранит для общественных пространств. КЕРАМОТЕКА.,Под заказ,$$$,https://www.keramoteka.ru/upload/uf/9cf/keramoteka-atlas-concorde-spark.pdf,СНЯТО С ПРОИЗВОДСТВА,Декоративные элементы /Керамогранит/,Бордюр Linea Listello Platino,2X60 СМ,ACWT,./temp_files/img/ATLAS CONCORDE_SPARK_Бордюр Linea Listello Platino.jpg
ATLAS CONCORDE,./temp_files/logo/ATLAS CONCORDE.png,"atlas concorde, атлас конкорд, плитка atlas concorde, керамогранит atlas concorde, плитка, керамогранит, atlas concord, плитка конкорд, плитка atlas, поставщик, атлас конкорд италия, атлас конкорд сайт","Каталог керамической плитки и керамогранита ATLAS CONCORDE / АТЛАС КОНКОРД (Италия) от прямого поставщика КЕРАМОТЕКА. Низкие цены, скидки. Оптовые и розничные продажи. Материал в наличии.",ATLAS CONCORDE / АТЛАС КОНКОРД (Италия) Керамическая плитка и керамогранит от прямого поставщика - компании КЕРАМОТЕКА,Италия,SPARK,"atlas concorde spark, атлас конкорд спарк, керамогранит spark, купить, поставщик, скидки, цены",Каталог керамического гранита ATLAS CONCORDE SPARK от прямого поставщика КЕРАМОТЕКА. Опт и розница. Скидки. Цены.,ATLAS CONCORDE SPARK / АТЛАС КОНКОРД СПАРК - проектный керамогранит для общественных пространств. КЕРАМОТЕКА.,Под заказ,$$$,https://www.keramoteka.ru/upload/uf/9cf/keramoteka-atlas-concorde-spark.pdf,СНЯТО С ПРОИЗВОДСТВА,Декоративные элементы /Керамогранит/,Бордюр Linea Listello Bronzo,2X60 СМ,ACWU,./temp_files/img/ATLAS CONCORDE_SPARK_Бордюр Linea Listello Bronzo.jpg
ATLAS CONCORDE,./temp_files/logo/ATLAS CONCORDE.png,"atlas concorde, атлас конкорд, плитка atlas concorde, керамогранит atlas concorde, плитка, керамогранит, atlas concord, плитка конкорд, плитка atlas, поставщик, атлас конкорд италия, атлас конкорд сайт","Каталог керамической плитки и керамогранита ATLAS CONCORDE / АТЛАС КОНКОРД (Италия) от прямого поставщика КЕРАМОТЕКА. Низкие цены, скидки. Оптовые и розничные продажи. Материал в наличии.",ATLAS CONCORDE / АТЛАС КОНКОРД (Италия) Керамическая плитка и керамогранит от прямого поставщика - компании КЕРАМОТЕКА,Италия,SPARK,"atlas concorde spark, атлас конкорд спарк, керамогранит spark, купить, поставщик, скидки, цены",Каталог керамического гранита ATLAS CONCORDE SPARK от прямого поставщика КЕРАМОТЕКА. Опт и розница. Скидки. Цены.,ATLAS CONCORDE SPARK / АТЛАС КОНКОРД СПАРК - проектный керамогранит для общественных пространств. КЕРАМОТЕКА.,Под заказ,$$$,https://www.keramoteka.ru/upload/uf/9cf/keramoteka-atlas-concorde-spark.pdf,СНЯТО С ПРОИЗВОДСТВА,Декоративные элементы /Керамогранит/,Бордюр Linea Metal Satin Listello,"0,6X60 СМ",LG8L,./temp_files/img/ATLAS CONCORDE_SPARK_Бордюр Linea Metal Satin Listello.jpg
ATLAS CONCORDE,./temp_files/logo/ATLAS CONCORDE.png,"atlas concorde, атлас конкорд, плитка atlas concorde, керамогранит atlas concorde, плитка, керамогранит, atlas concord, плитка конкорд, плитка atlas, поставщик, атлас конкорд италия, атлас конкорд сайт","Каталог керамической плитки и керамогранита ATLAS CONCORDE / АТЛАС КОНКОРД (Италия) от прямого поставщика КЕРАМОТЕКА. Низкие цены, скидки. Оптовые и розничные продажи. Материал в наличии.",ATLAS CONCORDE / АТЛАС КОНКОРД (Италия) Керамическая плитка и керамогранит от прямого поставщика - компании КЕРАМОТЕКА,Италия,SPARK,"atlas concorde spark, атлас конкорд спарк, керамогранит spark, купить, поставщик, скидки, цены",Каталог керамического гранита ATLAS CONCORDE SPARK от прямого поставщика КЕРАМОТЕКА. Опт и розница. Скидки. Цены.,ATLAS CONCORDE SPARK / АТЛАС КОНКОРД СПАРК - проектный керамогранит для общественных пространств. КЕРАМОТЕКА.,Под заказ,$$$,https://www.keramoteka.ru/upload/uf/9cf/keramoteka-atlas-concorde-spark.pdf,СНЯТО С ПРОИЗВОДСТВА,Декоративные элементы для стен /Керамогранит/,"Sand Inserto Damask 4,8 mm",30X60 СМ,ACV8,"./temp_files/img/ATLAS CONCORDE_SPARK_Sand Inserto Damask 4,8 mm.jpg"
ATLAS CONCORDE,./temp_files/logo/ATLAS CONCORDE.png,"atlas concorde, атлас конкорд, плитка atlas concorde, керамогранит atlas concorde, плитка, керамогранит, atlas concord, плитка конкорд, плитка atlas, поставщик, атлас конкорд италия, атлас конкорд сайт","Каталог керамической плитки и керамогранита ATLAS CONCORDE / АТЛАС КОНКОРД (Италия) от прямого поставщика КЕРАМОТЕКА. Низкие цены, скидки. Оптовые и розничные продажи. Материал в наличии.",ATLAS CONCORDE / АТЛАС КОНКОРД (Италия) Керамическая плитка и керамогранит от прямого поставщика - компании КЕРАМОТЕКА,Италия,SPARK,"atlas concorde spark, атлас конкорд спарк, керамогранит spark, купить, поставщик, скидки, цены",Каталог керамического гранита ATLAS CONCORDE SPARK от прямого поставщика КЕРАМОТЕКА. Опт и розница. Скидки. Цены.,ATLAS CONCORDE SPARK / АТЛАС КОНКОРД СПАРК - проектный керамогранит для общественных пространств. КЕРАМОТЕКА.,Под заказ,$$$,https://www.keramoteka.ru/upload/uf/9cf/keramoteka-atlas-concorde-spark.pdf,СНЯТО С ПРОИЗВОДСТВА,Декоративные элементы для стен /Керамогранит/,"Canvas Inserto Damask 4,8 mm",30X60 СМ,ACV9,"./temp_files/img/ATLAS CONCORDE_SPARK_Canvas Inserto Damask 4,8 mm.jpg"
ATLAS CONCORDE,./temp_files/logo/ATLAS CONCORDE.png,"atlas concorde, атлас конкорд, плитка atlas concorde, керамогранит atlas concorde, плитка, керамогранит, atlas concord, плитка конкорд, плитка atlas, поставщик, атлас конкорд италия, атлас конкорд сайт","Каталог керамической плитки и керамогранита ATLAS CONCORDE / АТЛАС КОНКОРД (Италия) от прямого поставщика КЕРАМОТЕКА. Низкие цены, скидки. Оптовые и розничные продажи. Материал в наличии.",ATLAS CONCORDE / АТЛАС КОНКОРД (Италия) Керамическая плитка и керамогранит от прямого поставщика - компании КЕРАМОТЕКА,Италия,SPARK,"atlas concorde spark, атлас конкорд спарк, керамогранит spark, купить, поставщик, скидки, цены",Каталог керамического гранита ATLAS CONCORDE SPARK от прямого поставщика КЕРАМОТЕКА. Опт и розница. Скидки. Цены.,ATLAS CONCORDE SPARK / АТЛАС КОНКОРД СПАРК - проектный керамогранит для общественных пространств. КЕРАМОТЕКА.,Под заказ,$$$,https://www.keramoteka.ru/upload/uf/9cf/keramoteka-atlas-concorde-spark.pdf,СНЯТО С ПРОИЗВОДСТВА,Декоративные элементы для стен /Керамогранит/,"Pearl Inserto Damask 4,8 mm",30X60 СМ,ACWA,"./temp_files/img/ATLAS CONCORDE_SPARK_Pearl Inserto Damask 4,8 mm.jpg"
ATLAS CONCORDE,./temp_files/logo/ATLAS CONCORDE.png,"atlas concorde, атлас конкорд, плитка atlas concorde, керамогранит atlas concorde, плитка, керамогранит, atlas concord, плитка конкорд, плитка atlas, поставщик, атлас конкорд италия, атлас конкорд сайт","Каталог керамической плитки и керамогранита ATLAS CONCORDE / АТЛАС КОНКОРД (Италия) от прямого поставщика КЕРАМОТЕКА. Низкие цены, скидки. Оптовые и розничные продажи. Материал в наличии.",ATLAS CONCORDE / АТЛАС КОНКОРД (Италия) Керамическая плитка и керамогранит от прямого поставщика - компании КЕРАМОТЕКА,Италия,SPARK,"atlas concorde spark, атлас конкорд спарк, керамогранит spark, купить, поставщик, скидки, цены",Каталог керамического гранита ATLAS CONCORDE SPARK от прямого поставщика КЕРАМОТЕКА. Опт и розница. Скидки. Цены.,ATLAS CONCORDE SPARK / АТЛАС КОНКОРД СПАРК - проектный керамогранит для общественных пространств. КЕРАМОТЕКА.,Под заказ,$$$,https://www.keramoteka.ru/upload/uf/9cf/keramoteka-atlas-concorde-spark.pdf,СНЯТО С ПРОИЗВОДСТВА,Декоративные элементы для стен /Керамогранит/,"Jasmine Inserto Damask 4,8 mm",30X60 СМ,ACV7,"./temp_files/img/ATLAS CONCORDE_SPARK_Jasmine Inserto Damask 4,8 mm.jpg"
ATLAS CONCORDE,./temp_files/logo/ATLAS CONCORDE.png,"atlas concorde, атлас конкорд, плитка atlas concorde, керамогранит atlas concorde, плитка, керамогранит, atlas concord, плитка конкорд, плитка atlas, поставщик, атлас конкорд италия, атлас конкорд сайт","Каталог керамической плитки и керамогранита ATLAS CONCORDE / АТЛАС КОНКОРД (Италия) от прямого поставщика КЕРАМОТЕКА. Низкие цены, скидки. Оптовые и розничные продажи. Материал в наличии.",ATLAS CONCORDE / АТЛАС КОНКОРД (Италия) Керамическая плитка и керамогранит от прямого поставщика - компании КЕРАМОТЕКА,Италия,SPARK,"atlas concorde spark, атлас конкорд спарк, керамогранит spark, купить, поставщик, скидки, цены",Каталог керамического гранита ATLAS CONCORDE SPARK от прямого поставщика КЕРАМОТЕКА. Опт и розница. Скидки. Цены.,ATLAS CONCORDE SPARK / АТЛАС КОНКОРД СПАРК - проектный керамогранит для общественных пространств. КЕРАМОТЕКА.,Под заказ,$$$,https://www.keramoteka.ru/upload/uf/9cf/keramoteka-atlas-concorde-spark.pdf,СНЯТО С ПРОИЗВОДСТВА,Декоративные элементы для стен /Керамогранит/,"Carbon Inserto Damask 4,8 mm",30X60 СМ,ACWB,"./temp_files/img/ATLAS CONCORDE_SPARK_Carbon Inserto Damask 4,8 mm.jpg"
ATLAS CONCORDE,./temp_files/logo/ATLAS CONCORDE.png,"atlas concorde, атлас конкорд, плитка atlas concorde, керамогранит atlas concorde, плитка, керамогранит, atlas concord, плитка конкорд, плитка atlas, поставщик, атлас конкорд италия, атлас конкорд сайт","Каталог керамической плитки и керамогранита ATLAS CONCORDE / АТЛАС КОНКОРД (Италия) от прямого поставщика КЕРАМОТЕКА. Низкие цены, скидки. Оптовые и розничные продажи. Материал в наличии.",ATLAS CONCORDE / АТЛАС КОНКОРД (Италия) Керамическая плитка и керамогранит от прямого поставщика - компании КЕРАМОТЕКА,Италия,SPARK,"atlas concorde spark, атлас конкорд спарк, керамогранит spark, купить, поставщик, скидки, цены",Каталог керамического гранита ATLAS CONCORDE SPARK от прямого поставщика КЕРАМОТЕКА. Опт и розница. Скидки. Цены.,ATLAS CONCORDE SPARK / АТЛАС КОНКОРД СПАРК - проектный керамогранит для общественных пространств. КЕРАМОТЕКА.,Под заказ,$$$,https://www.keramoteka.ru/upload/uf/9cf/keramoteka-atlas-concorde-spark.pdf,СНЯТО С ПРОИЗВОДСТВА,Декоративные элементы для стен /Керамогранит/,"Linea Jasmine Mosaico Dek 4,8 mm",30X30 СМ,ACWM,"./temp_files/img/ATLAS CONCORDE_SPARK_Linea Jasmine Mosaico Dek 4,8 mm.jpg"
ATLAS CONCORDE,./temp_files/logo/ATLAS CONCORDE.png,"atlas concorde, атлас конкорд, плитка atlas concorde, керамогранит atlas concorde, плитка, керамогранит, atlas concord, плитка конкорд, плитка atlas, поставщик, атлас конкорд италия, атлас конкорд сайт","Каталог керамической плитки и керамогранита ATLAS CONCORDE / АТЛАС КОНКОРД (Италия) от прямого поставщика КЕРАМОТЕКА. Низкие цены, скидки. Оптовые и розничные продажи. Материал в наличии.",ATLAS CONCORDE / АТЛАС КОНКОРД (Италия) Керамическая плитка и керамогранит от прямого поставщика - компании КЕРАМОТЕКА,Италия,SPARK,"atlas concorde spark, атлас конкорд спарк, керамогранит spark, купить, поставщик, скидки, цены",Каталог керамического гранита ATLAS CONCORDE SPARK от прямого поставщика КЕРАМОТЕКА. Опт и розница. Скидки. Цены.,ATLAS CONCORDE SPARK / АТЛАС КОНКОРД СПАРК - проектный керамогранит для общественных пространств. КЕРАМОТЕКА.,Под заказ,$$$,https://www.keramoteka.ru/upload/uf/9cf/keramoteka-atlas-concorde-spark.pdf,СНЯТО С ПРОИЗВОДСТВА,Декоративные элементы для стен /Керамогранит/,"Linea Carbon Mosaico Dek 4,8 mm",30X30 СМ,ACWQ,"./temp_files/img/ATLAS CONCORDE_SPARK_Linea Carbon Mosaico Dek 4,8 mm.jpg"
