ATLAS CONCORDE,./temp_files/logo/ATLAS CONCORDE.png,"atlas concorde, атлас конкорд, плитка atlas concorde, керамогранит atlas concorde, плитка, керамогранит, atlas concord, плитка конкорд, плитка atlas, поставщик, атлас конкорд италия, атлас конкорд сайт","Каталог керамической плитки и керамогранита ATLAS CONCORDE / АТЛАС КОНКОРД (Италия) от прямого поставщика КЕРАМОТЕКА. Низкие цены, скидки. Оптовые и розничные продажи. Материал в наличии.",ATLAS CONCORDE / АТЛАС КОНКОРД (Италия) Керамическая плитка и керамогранит от прямого поставщика - компании КЕРАМОТЕКА,Италия,ARTY,"atlas concorde arty, атлас конкорд арти, плитка arty, sugar, milk, malt, charcoal, tabasco, curry, urnban, купить, поставщик, скидки, цены",Каталог керамической плитки ATLAS CONCORDE ARTY от прямого поставщика КЕРАМОТЕКА. Опт и розница. В наличии. Привлекательные цены и скидки.,ATLAS CONCORDE ARTY / АТЛАС КОНКОРД АРТИ - авангардная керамическая плитка для современных ванных комнат. КЕРАМОТЕКА.,На складе,$$$,https://www.keramoteka.ru/upload/uf/691/keramoteka-atlas-concorde-arty-bord.pdf,Статус NHS - ОТСУТСВУЕТ,Керамическая плитка для стен,Sugar,40X80 СМ,8ARS,./temp_files/img/ATLAS CONCORDE_ARTY_Sugar.jpg
ATLAS CONCORDE,./temp_files/logo/ATLAS CONCORDE.png,"atlas concorde, атлас конкорд, плитка atlas concorde, керамогранит atlas concorde, плитка, керамогранит, atlas concord, плитка конкорд, плитка atlas, поставщик, атлас конкорд италия, атлас конкорд сайт","Каталог керамической плитки и керамогранита ATLAS CONCORDE / АТЛАС КОНКОРД (Италия) от прямого поставщика КЕРАМОТЕКА. Низкие цены, скидки. Оптовые и розничные продажи. Материал в наличии.",ATLAS CONCORDE / АТЛАС КОНКОРД (Италия) Керамическая плитка и керамогранит от прямого поставщика - компании КЕРАМОТЕКА,Италия,ARTY,"atlas concorde arty, атлас конкорд арти, плитка arty, sugar, milk, malt, charcoal, tabasco, curry, urnban, купить, поставщик, скидки, цены",Каталог керамической плитки ATLAS CONCORDE ARTY от прямого поставщика КЕРАМОТЕКА. Опт и розница. В наличии. Привлекательные цены и скидки.,ATLAS CONCORDE ARTY / АТЛАС КОНКОРД АРТИ - авангардная керамическая плитка для современных ванных комнат. КЕРАМОТЕКА.,На складе,$$$,https://www.keramoteka.ru/upload/uf/691/keramoteka-atlas-concorde-arty-bord.pdf,Статус NHS - ОТСУТСВУЕТ,Керамическая плитка для стен,Milk,40X80 СМ,8ARI,./temp_files/img/ATLAS CONCORDE_ARTY_Milk.jpg
ATLAS CONCORDE,./temp_files/logo/ATLAS CONCORDE.png,"atlas concorde, атлас конкорд, плитка atlas concorde, керамогранит atlas concorde, плитка, керамогранит, atlas concord, плитка конкорд, плитка atlas, поставщик, атлас конкорд италия, атлас конкорд сайт","Каталог керамической плитки и керамогранита ATLAS CONCORDE / АТЛАС КОНКОРД (Италия) от прямого поставщика КЕРАМОТЕКА. Низкие цены, скидки. Оптовые и розничные продажи. Материал в наличии.",ATLAS CONCORDE / АТЛАС КОНКОРД (Италия) Керамическая плитка и керамогранит от прямого поставщика - компании КЕРАМОТЕКА,Италия,ARTY,"atlas concorde arty, атлас конкорд арти, плитка arty, sugar, milk, malt, charcoal, tabasco, curry, urnban, купить, поставщик, скидки, цены",Каталог керамической плитки ATLAS CONCORDE ARTY от прямого поставщика КЕРАМОТЕКА. Опт и розница. В наличии. Привлекательные цены и скидки.,ATLAS CONCORDE ARTY / АТЛАС КОНКОРД АРТИ - авангардная керамическая плитка для современных ванных комнат. КЕРАМОТЕКА.,На складе,$$$,https://www.keramoteka.ru/upload/uf/691/keramoteka-atlas-concorde-arty-bord.pdf,Статус NHS - ОТСУТСВУЕТ,Керамическая плитка для стен,Malt,40X80 СМ,8ARM,./temp_files/img/ATLAS CONCORDE_ARTY_Malt.jpg
ATLAS CONCORDE,./temp_files/logo/ATLAS CONCORDE.png,"atlas concorde, атлас конкорд, плитка atlas concorde, керамогранит atlas concorde, плитка, керамогранит, atlas concord, плитка конкорд, плитка atlas, поставщик, атлас конкорд италия, атлас конкорд сайт","Каталог керамической плитки и керамогранита ATLAS CONCORDE / АТЛАС КОНКОРД (Италия) от прямого поставщика КЕРАМОТЕКА. Низкие цены, скидки. Оптовые и розничные продажи. Материал в наличии.",ATLAS CONCORDE / АТЛАС КОНКОРД (Италия) Керамическая плитка и керамогранит от прямого поставщика - компании КЕРАМОТЕКА,Италия,ARTY,"atlas concorde arty, атлас конкорд арти, плитка arty, sugar, milk, malt, charcoal, tabasco, curry, urnban, купить, поставщик, скидки, цены",Каталог керамической плитки ATLAS CONCORDE ARTY от прямого поставщика КЕРАМОТЕКА. Опт и розница. В наличии. Привлекательные цены и скидки.,ATLAS CONCORDE ARTY / АТЛАС КОНКОРД АРТИ - авангардная керамическая плитка для современных ванных комнат. КЕРАМОТЕКА.,На складе,$$$,https://www.keramoteka.ru/upload/uf/691/keramoteka-atlas-concorde-arty-bord.pdf,Статус NHS - ОТСУТСВУЕТ,Керамическая плитка для стен,Charcoal,40X80 СМ,8ARH,./temp_files/img/ATLAS CONCORDE_ARTY_Charcoal.jpg
ATLAS CONCORDE,./temp_files/logo/ATLAS CONCORDE.png,"atlas concorde, атлас конкорд, плитка atlas concorde, керамогранит atlas concorde, плитка, керамогранит, atlas concord, плитка конкорд, плитка atlas, поставщик, атлас конкорд италия, атлас конкорд сайт","Каталог керамической плитки и керамогранита ATLAS CONCORDE / АТЛАС КОНКОРД (Италия) от прямого поставщика КЕРАМОТЕКА. Низкие цены, скидки. Оптовые и розничные продажи. Материал в наличии.",ATLAS CONCORDE / АТЛАС КОНКОРД (Италия) Керамическая плитка и керамогранит от прямого поставщика - компании КЕРАМОТЕКА,Италия,ARTY,"atlas concorde arty, атлас конкорд арти, плитка arty, sugar, milk, malt, charcoal, tabasco, curry, urnban, купить, поставщик, скидки, цены",Каталог керамической плитки ATLAS CONCORDE ARTY от прямого поставщика КЕРАМОТЕКА. Опт и розница. В наличии. Привлекательные цены и скидки.,ATLAS CONCORDE ARTY / АТЛАС КОНКОРД АРТИ - авангардная керамическая плитка для современных ванных комнат. КЕРАМОТЕКА.,На складе,$$$,https://www.keramoteka.ru/upload/uf/691/keramoteka-atlas-concorde-arty-bord.pdf,Статус NHS - ОТСУТСВУЕТ,Керамическая плитка для стен,Tabasco,40X80 СМ,8ART,./temp_files/img/ATLAS CONCORDE_ARTY_Tabasco.jpg
ATLAS CONCORDE,./temp_files/logo/ATLAS CONCORDE.png,"atlas concorde, атлас конкорд, плитка atlas concorde, керамогранит atlas concorde, плитка, керамогранит, atlas concord, плитка конкорд, плитка atlas, поставщик, атлас конкорд италия, атлас конкорд сайт","Каталог керамической плитки и керамогранита ATLAS CONCORDE / АТЛАС КОНКОРД (Италия) от прямого поставщика КЕРАМОТЕКА. Низкие цены, скидки. Оптовые и розничные продажи. Материал в наличии.",ATLAS CONCORDE / АТЛАС КОНКОРД (Италия) Керамическая плитка и керамогранит от прямого поставщика - компании КЕРАМОТЕКА,Италия,ARTY,"atlas concorde arty, атлас конкорд арти, плитка arty, sugar, milk, malt, charcoal, tabasco, curry, urnban, купить, поставщик, скидки, цены",Каталог керамической плитки ATLAS CONCORDE ARTY от прямого поставщика КЕРАМОТЕКА. Опт и розница. В наличии. Привлекательные цены и скидки.,ATLAS CONCORDE ARTY / АТЛАС КОНКОРД АРТИ - авангардная керамическая плитка для современных ванных комнат. КЕРАМОТЕКА.,На складе,$$$,https://www.keramoteka.ru/upload/uf/691/keramoteka-atlas-concorde-arty-bord.pdf,Статус NHS - ОТСУТСВУЕТ,Керамическая плитка для стен,Curry,40X80 СМ,8ARC,./temp_files/img/ATLAS CONCORDE_ARTY_Curry.jpg
ATLAS CONCORDE,./temp_files/logo/ATLAS CONCORDE.png,"atlas concorde, атлас конкорд, плитка atlas concorde, керамогранит atlas concorde, плитка, керамогранит, atlas concord, плитка конкорд, плитка atlas, поставщик, атлас конкорд италия, атлас конкорд сайт","Каталог керамической плитки и керамогранита ATLAS CONCORDE / АТЛАС КОНКОРД (Италия) от прямого поставщика КЕРАМОТЕКА. Низкие цены, скидки. Оптовые и розничные продажи. Материал в наличии.",ATLAS CONCORDE / АТЛАС КОНКОРД (Италия) Керамическая плитка и керамогранит от прямого поставщика - компании КЕРАМОТЕКА,Италия,ARTY,"atlas concorde arty, атлас конкорд арти, плитка arty, sugar, milk, malt, charcoal, tabasco, curry, urnban, купить, поставщик, скидки, цены",Каталог керамической плитки ATLAS CONCORDE ARTY от прямого поставщика КЕРАМОТЕКА. Опт и розница. В наличии. Привлекательные цены и скидки.,ATLAS CONCORDE ARTY / АТЛАС КОНКОРД АРТИ - авангардная керамическая плитка для современных ванных комнат. КЕРАМОТЕКА.,На складе,$$$,https://www.keramoteka.ru/upload/uf/691/keramoteka-atlas-concorde-arty-bord.pdf,Статус NHS - ОТСУТСВУЕТ,Керамическая плитка для стен,Sugar Wave,40X80 СМ,8AWS,./temp_files/img/ATLAS CONCORDE_ARTY_Sugar Wave.jpg
ATLAS CONCORDE,./temp_files/logo/ATLAS CONCORDE.png,"atlas concorde, атлас конкорд, плитка atlas concorde, керамогранит atlas concorde, плитка, керамогранит, atlas concord, плитка конкорд, плитка atlas, поставщик, атлас конкорд италия, атлас конкорд сайт","Каталог керамической плитки и керамогранита ATLAS CONCORDE / АТЛАС КОНКОРД (Италия) от прямого поставщика КЕРАМОТЕКА. Низкие цены, скидки. Оптовые и розничные продажи. Материал в наличии.",ATLAS CONCORDE / АТЛАС КОНКОРД (Италия) Керамическая плитка и керамогранит от прямого поставщика - компании КЕРАМОТЕКА,Италия,ARTY,"atlas concorde arty, атлас конкорд арти, плитка arty, sugar, milk, malt, charcoal, tabasco, curry, urnban, купить, поставщик, скидки, цены",Каталог керамической плитки ATLAS CONCORDE ARTY от прямого поставщика КЕРАМОТЕКА. Опт и розница. В наличии. Привлекательные цены и скидки.,ATLAS CONCORDE ARTY / АТЛАС КОНКОРД АРТИ - авангардная керамическая плитка для современных ванных комнат. КЕРАМОТЕКА.,На складе,$$$,https://www.keramoteka.ru/upload/uf/691/keramoteka-atlas-concorde-arty-bord.pdf,Статус NHS - ОТСУТСВУЕТ,Керамическая плитка для стен,Milk Wave,40X80 СМ,8AWM,./temp_files/img/ATLAS CONCORDE_ARTY_Milk Wave.jpg
ATLAS CONCORDE,./temp_files/logo/ATLAS CONCORDE.png,"atlas concorde, атлас конкорд, плитка atlas concorde, керамогранит atlas concorde, плитка, керамогранит, atlas concord, плитка конкорд, плитка atlas, поставщик, атлас конкорд италия, атлас конкорд сайт","Каталог керамической плитки и керамогранита ATLAS CONCORDE / АТЛАС КОНКОРД (Италия) от прямого поставщика КЕРАМОТЕКА. Низкие цены, скидки. Оптовые и розничные продажи. Материал в наличии.",ATLAS CONCORDE / АТЛАС КОНКОРД (Италия) Керамическая плитка и керамогранит от прямого поставщика - компании КЕРАМОТЕКА,Италия,ARTY,"atlas concorde arty, атлас конкорд арти, плитка arty, sugar, milk, malt, charcoal, tabasco, curry, urnban, купить, поставщик, скидки, цены",Каталог керамической плитки ATLAS CONCORDE ARTY от прямого поставщика КЕРАМОТЕКА. Опт и розница. В наличии. Привлекательные цены и скидки.,ATLAS CONCORDE ARTY / АТЛАС КОНКОРД АРТИ - авангардная керамическая плитка для современных ванных комнат. КЕРАМОТЕКА.,На складе,$$$,https://www.keramoteka.ru/upload/uf/691/keramoteka-atlas-concorde-arty-bord.pdf,Статус NHS - ОТСУТСВУЕТ,Декоративные элементы,Панно Curry Urban C2 /Комплект из 2-х плиток 40х80 см/,80X80 СМ,8A2C,./temp_files/img/ATLAS CONCORDE_ARTY_Панно Curry Urban C2 -Комплект из 2-х плиток 40х80 см-.jpg
ATLAS CONCORDE,./temp_files/logo/ATLAS CONCORDE.png,"atlas concorde, атлас конкорд, плитка atlas concorde, керамогранит atlas concorde, плитка, керамогранит, atlas concord, плитка конкорд, плитка atlas, поставщик, атлас конкорд италия, атлас конкорд сайт","Каталог керамической плитки и керамогранита ATLAS CONCORDE / АТЛАС КОНКОРД (Италия) от прямого поставщика КЕРАМОТЕКА. Низкие цены, скидки. Оптовые и розничные продажи. Материал в наличии.",ATLAS CONCORDE / АТЛАС КОНКОРД (Италия) Керамическая плитка и керамогранит от прямого поставщика - компании КЕРАМОТЕКА,Италия,ARTY,"atlas concorde arty, атлас конкорд арти, плитка arty, sugar, milk, malt, charcoal, tabasco, curry, urnban, купить, поставщик, скидки, цены",Каталог керамической плитки ATLAS CONCORDE ARTY от прямого поставщика КЕРАМОТЕКА. Опт и розница. В наличии. Привлекательные цены и скидки.,ATLAS CONCORDE ARTY / АТЛАС КОНКОРД АРТИ - авангардная керамическая плитка для современных ванных комнат. КЕРАМОТЕКА.,На складе,$$$,https://www.keramoteka.ru/upload/uf/691/keramoteka-atlas-concorde-arty-bord.pdf,Статус NHS - ОТСУТСВУЕТ,Декоративные элементы,Панно Tabasco Urban C2 /Комплект из 2-х плиток 40х80 см/,80X80 СМ,8A2T,./temp_files/img/ATLAS CONCORDE_ARTY_Панно Tabasco Urban C2 -Комплект из 2-х плиток 40х80 см-.jpg
ATLAS CONCORDE,./temp_files/logo/ATLAS CONCORDE.png,"atlas concorde, атлас конкорд, плитка atlas concorde, керамогранит atlas concorde, плитка, керамогранит, atlas concord, плитка конкорд, плитка atlas, поставщик, атлас конкорд италия, атлас конкорд сайт","Каталог керамической плитки и керамогранита ATLAS CONCORDE / АТЛАС КОНКОРД (Италия) от прямого поставщика КЕРАМОТЕКА. Низкие цены, скидки. Оптовые и розничные продажи. Материал в наличии.",ATLAS CONCORDE / АТЛАС КОНКОРД (Италия) Керамическая плитка и керамогранит от прямого поставщика - компании КЕРАМОТЕКА,Италия,ARTY,"atlas concorde arty, атлас конкорд арти, плитка arty, sugar, milk, malt, charcoal, tabasco, curry, urnban, купить, поставщик, скидки, цены",Каталог керамической плитки ATLAS CONCORDE ARTY от прямого поставщика КЕРАМОТЕКА. Опт и розница. В наличии. Привлекательные цены и скидки.,ATLAS CONCORDE ARTY / АТЛАС КОНКОРД АРТИ - авангардная керамическая плитка для современных ванных комнат. КЕРАМОТЕКА.,На складе,$$$,https://www.keramoteka.ru/upload/uf/691/keramoteka-atlas-concorde-arty-bord.pdf,Статус NHS - ОТСУТСВУЕТ,Декоративные элементы,Панно Sugar Urban C2 /Комплект из 2-х плиток 40х80 см/,80X80 СМ,8A2S,./temp_files/img/ATLAS CONCORDE_ARTY_Панно Sugar Urban C2 -Комплект из 2-х плиток 40х80 см-.jpg
ATLAS CONCORDE,./temp_files/logo/ATLAS CONCORDE.png,"atlas concorde, атлас конкорд, плитка atlas concorde, керамогранит atlas concorde, плитка, керамогранит, atlas concord, плитка конкорд, плитка atlas, поставщик, атлас конкорд италия, атлас конкорд сайт","Каталог керамической плитки и керамогранита ATLAS CONCORDE / АТЛАС КОНКОРД (Италия) от прямого поставщика КЕРАМОТЕКА. Низкие цены, скидки. Оптовые и розничные продажи. Материал в наличии.",ATLAS CONCORDE / АТЛАС КОНКОРД (Италия) Керамическая плитка и керамогранит от прямого поставщика - компании КЕРАМОТЕКА,Италия,ARTY,"atlas concorde arty, атлас конкорд арти, плитка arty, sugar, milk, malt, charcoal, tabasco, curry, urnban, купить, поставщик, скидки, цены",Каталог керамической плитки ATLAS CONCORDE ARTY от прямого поставщика КЕРАМОТЕКА. Опт и розница. В наличии. Привлекательные цены и скидки.,ATLAS CONCORDE ARTY / АТЛАС КОНКОРД АРТИ - авангардная керамическая плитка для современных ванных комнат. КЕРАМОТЕКА.,На складе,$$$,https://www.keramoteka.ru/upload/uf/691/keramoteka-atlas-concorde-arty-bord.pdf,Статус NHS - ОТСУТСВУЕТ,Декоративные элементы,Milk Textile,40X80 СМ,8ATM,./temp_files/img/ATLAS CONCORDE_ARTY_Milk Textile.jpg
ATLAS CONCORDE,./temp_files/logo/ATLAS CONCORDE.png,"atlas concorde, атлас конкорд, плитка atlas concorde, керамогранит atlas concorde, плитка, керамогранит, atlas concord, плитка конкорд, плитка atlas, поставщик, атлас конкорд италия, атлас конкорд сайт","Каталог керамической плитки и керамогранита ATLAS CONCORDE / АТЛАС КОНКОРД (Италия) от прямого поставщика КЕРАМОТЕКА. Низкие цены, скидки. Оптовые и розничные продажи. Материал в наличии.",ATLAS CONCORDE / АТЛАС КОНКОРД (Италия) Керамическая плитка и керамогранит от прямого поставщика - компании КЕРАМОТЕКА,Италия,ARTY,"atlas concorde arty, атлас конкорд арти, плитка arty, sugar, milk, malt, charcoal, tabasco, curry, urnban, купить, поставщик, скидки, цены",Каталог керамической плитки ATLAS CONCORDE ARTY от прямого поставщика КЕРАМОТЕКА. Опт и розница. В наличии. Привлекательные цены и скидки.,ATLAS CONCORDE ARTY / АТЛАС КОНКОРД АРТИ - авангардная керамическая плитка для современных ванных комнат. КЕРАМОТЕКА.,На складе,$$$,https://www.keramoteka.ru/upload/uf/691/keramoteka-atlas-concorde-arty-bord.pdf,Статус NHS - ОТСУТСВУЕТ,Декоративные элементы,Tabasco Textile,40X80 СМ,8ATT,./temp_files/img/ATLAS CONCORDE_ARTY_Tabasco Textile.jpg
ATLAS CONCORDE,./temp_files/logo/ATLAS CONCORDE.png,"atlas concorde, атлас конкорд, плитка atlas concorde, керамогранит atlas concorde, плитка, керамогранит, atlas concord, плитка конкорд, плитка atlas, поставщик, атлас конкорд италия, атлас конкорд сайт","Каталог керамической плитки и керамогранита ATLAS CONCORDE / АТЛАС КОНКОРД (Италия) от прямого поставщика КЕРАМОТЕКА. Низкие цены, скидки. Оптовые и розничные продажи. Материал в наличии.",ATLAS CONCORDE / АТЛАС КОНКОРД (Италия) Керамическая плитка и керамогранит от прямого поставщика - компании КЕРАМОТЕКА,Италия,ARTY,"atlas concorde arty, атлас конкорд арти, плитка arty, sugar, milk, malt, charcoal, tabasco, curry, urnban, купить, поставщик, скидки, цены",Каталог керамической плитки ATLAS CONCORDE ARTY от прямого поставщика КЕРАМОТЕКА. Опт и розница. В наличии. Привлекательные цены и скидки.,ATLAS CONCORDE ARTY / АТЛАС КОНКОРД АРТИ - авангардная керамическая плитка для современных ванных комнат. КЕРАМОТЕКА.,На складе,$$$,https://www.keramoteka.ru/upload/uf/691/keramoteka-atlas-concorde-arty-bord.pdf,Статус NHS - ОТСУТСВУЕТ,Мозаика,Sugar Minibrick,"30,5X30,5 СМ",9ASS,./temp_files/img/ATLAS CONCORDE_ARTY_Sugar Minibrick.jpg
ATLAS CONCORDE,./temp_files/logo/ATLAS CONCORDE.png,"atlas concorde, атлас конкорд, плитка atlas concorde, керамогранит atlas concorde, плитка, керамогранит, atlas concord, плитка конкорд, плитка atlas, поставщик, атлас конкорд италия, атлас конкорд сайт","Каталог керамической плитки и керамогранита ATLAS CONCORDE / АТЛАС КОНКОРД (Италия) от прямого поставщика КЕРАМОТЕКА. Низкие цены, скидки. Оптовые и розничные продажи. Материал в наличии.",ATLAS CONCORDE / АТЛАС КОНКОРД (Италия) Керамическая плитка и керамогранит от прямого поставщика - компании КЕРАМОТЕКА,Италия,ARTY,"atlas concorde arty, атлас конкорд арти, плитка arty, sugar, milk, malt, charcoal, tabasco, curry, urnban, купить, поставщик, скидки, цены",Каталог керамической плитки ATLAS CONCORDE ARTY от прямого поставщика КЕРАМОТЕКА. Опт и розница. В наличии. Привлекательные цены и скидки.,ATLAS CONCORDE ARTY / АТЛАС КОНКОРД АРТИ - авангардная керамическая плитка для современных ванных комнат. КЕРАМОТЕКА.,На складе,$$$,https://www.keramoteka.ru/upload/uf/691/keramoteka-atlas-concorde-arty-bord.pdf,Статус NHS - ОТСУТСВУЕТ,Мозаика,Milk Minibrick,"30,5X30,5 СМ",9ASI,./temp_files/img/ATLAS CONCORDE_ARTY_Milk Minibrick.jpg
ATLAS CONCORDE,./temp_files/logo/ATLAS CONCORDE.png,"atlas concorde, атлас конкорд, плитка atlas concorde, керамогранит atlas concorde, плитка, керамогранит, atlas concord, плитка конкорд, плитка atlas, поставщик, атлас конкорд италия, атлас конкорд сайт","Каталог керамической плитки и керамогранита ATLAS CONCORDE / АТЛАС КОНКОРД (Италия) от прямого поставщика КЕРАМОТЕКА. Низкие цены, скидки. Оптовые и розничные продажи. Материал в наличии.",ATLAS CONCORDE / АТЛАС КОНКОРД (Италия) Керамическая плитка и керамогранит от прямого поставщика - компании КЕРАМОТЕКА,Италия,ARTY,"atlas concorde arty, атлас конкорд арти, плитка arty, sugar, milk, malt, charcoal, tabasco, curry, urnban, купить, поставщик, скидки, цены",Каталог керамической плитки ATLAS CONCORDE ARTY от прямого поставщика КЕРАМОТЕКА. Опт и розница. В наличии. Привлекательные цены и скидки.,ATLAS CONCORDE ARTY / АТЛАС КОНКОРД АРТИ - авангардная керамическая плитка для современных ванных комнат. КЕРАМОТЕКА.,На складе,$$$,https://www.keramoteka.ru/upload/uf/691/keramoteka-atlas-concorde-arty-bord.pdf,Статус NHS - ОТСУТСВУЕТ,Мозаика,Malt Minibrick,"30,5X30,5 СМ",9ASM,./temp_files/img/ATLAS CONCORDE_ARTY_Malt Minibrick.jpg
ATLAS CONCORDE,./temp_files/logo/ATLAS CONCORDE.png,"atlas concorde, атлас конкорд, плитка atlas concorde, керамогранит atlas concorde, плитка, керамогранит, atlas concord, плитка конкорд, плитка atlas, поставщик, атлас конкорд италия, атлас конкорд сайт","Каталог керамической плитки и керамогранита ATLAS CONCORDE / АТЛАС КОНКОРД (Италия) от прямого поставщика КЕРАМОТЕКА. Низкие цены, скидки. Оптовые и розничные продажи. Материал в наличии.",ATLAS CONCORDE / АТЛАС КОНКОРД (Италия) Керамическая плитка и керамогранит от прямого поставщика - компании КЕРАМОТЕКА,Италия,ARTY,"atlas concorde arty, атлас конкорд арти, плитка arty, sugar, milk, malt, charcoal, tabasco, curry, urnban, купить, поставщик, скидки, цены",Каталог керамической плитки ATLAS CONCORDE ARTY от прямого поставщика КЕРАМОТЕКА. Опт и розница. В наличии. Привлекательные цены и скидки.,ATLAS CONCORDE ARTY / АТЛАС КОНКОРД АРТИ - авангардная керамическая плитка для современных ванных комнат. КЕРАМОТЕКА.,На складе,$$$,https://www.keramoteka.ru/upload/uf/691/keramoteka-atlas-concorde-arty-bord.pdf,Статус NHS - ОТСУТСВУЕТ,Мозаика,Charcoal Minibrick,"30,5X30,5 СМ",9ASH,./temp_files/img/ATLAS CONCORDE_ARTY_Charcoal Minibrick.jpg
ATLAS CONCORDE,./temp_files/logo/ATLAS CONCORDE.png,"atlas concorde, атлас конкорд, плитка atlas concorde, керамогранит atlas concorde, плитка, керамогранит, atlas concord, плитка конкорд, плитка atlas, поставщик, атлас конкорд италия, атлас конкорд сайт","Каталог керамической плитки и керамогранита ATLAS CONCORDE / АТЛАС КОНКОРД (Италия) от прямого поставщика КЕРАМОТЕКА. Низкие цены, скидки. Оптовые и розничные продажи. Материал в наличии.",ATLAS CONCORDE / АТЛАС КОНКОРД (Италия) Керамическая плитка и керамогранит от прямого поставщика - компании КЕРАМОТЕКА,Италия,ARTY,"atlas concorde arty, атлас конкорд арти, плитка arty, sugar, milk, malt, charcoal, tabasco, curry, urnban, купить, поставщик, скидки, цены",Каталог керамической плитки ATLAS CONCORDE ARTY от прямого поставщика КЕРАМОТЕКА. Опт и розница. В наличии. Привлекательные цены и скидки.,ATLAS CONCORDE ARTY / АТЛАС КОНКОРД АРТИ - авангардная керамическая плитка для современных ванных комнат. КЕРАМОТЕКА.,На складе,$$$,https://www.keramoteka.ru/upload/uf/691/keramoteka-atlas-concorde-arty-bord.pdf,Статус NHS - ОТСУТСВУЕТ,Мозаика,Tabasco Minibrick,"30,5X30,5 СМ",9AST,./temp_files/img/ATLAS CONCORDE_ARTY_Tabasco Minibrick.jpg
ATLAS CONCORDE,./temp_files/logo/ATLAS CONCORDE.png,"atlas concorde, атлас конкорд, плитка atlas concorde, керамогранит atlas concorde, плитка, керамогранит, atlas concord, плитка конкорд, плитка atlas, поставщик, атлас конкорд италия, атлас конкорд сайт","Каталог керамической плитки и керамогранита ATLAS CONCORDE / АТЛАС КОНКОРД (Италия) от прямого поставщика КЕРАМОТЕКА. Низкие цены, скидки. Оптовые и розничные продажи. Материал в наличии.",ATLAS CONCORDE / АТЛАС КОНКОРД (Италия) Керамическая плитка и керамогранит от прямого поставщика - компании КЕРАМОТЕКА,Италия,ARTY,"atlas concorde arty, атлас конкорд арти, плитка arty, sugar, milk, malt, charcoal, tabasco, curry, urnban, купить, поставщик, скидки, цены",Каталог керамической плитки ATLAS CONCORDE ARTY от прямого поставщика КЕРАМОТЕКА. Опт и розница. В наличии. Привлекательные цены и скидки.,ATLAS CONCORDE ARTY / АТЛАС КОНКОРД АРТИ - авангардная керамическая плитка для современных ванных комнат. КЕРАМОТЕКА.,На складе,$$$,https://www.keramoteka.ru/upload/uf/691/keramoteka-atlas-concorde-arty-bord.pdf,Статус NHS - ОТСУТСВУЕТ,Мозаика,Curry Minibrick,"30,5X30,5 СМ",9ASC,./temp_files/img/ATLAS CONCORDE_ARTY_Curry Minibrick.jpg
ATLAS CONCORDE,./temp_files/logo/ATLAS CONCORDE.png,"atlas concorde, атлас конкорд, плитка atlas concorde, керамогранит atlas concorde, плитка, керамогранит, atlas concord, плитка конкорд, плитка atlas, поставщик, атлас конкорд италия, атлас конкорд сайт","Каталог керамической плитки и керамогранита ATLAS CONCORDE / АТЛАС КОНКОРД (Италия) от прямого поставщика КЕРАМОТЕКА. Низкие цены, скидки. Оптовые и розничные продажи. Материал в наличии.",ATLAS CONCORDE / АТЛАС КОНКОРД (Италия) Керамическая плитка и керамогранит от прямого поставщика - компании КЕРАМОТЕКА,Италия,ARTY,"atlas concorde arty, атлас конкорд арти, плитка arty, sugar, milk, malt, charcoal, tabasco, curry, urnban, купить, поставщик, скидки, цены",Каталог керамической плитки ATLAS CONCORDE ARTY от прямого поставщика КЕРАМОТЕКА. Опт и розница. В наличии. Привлекательные цены и скидки.,ATLAS CONCORDE ARTY / АТЛАС КОНКОРД АРТИ - авангардная керамическая плитка для современных ванных комнат. КЕРАМОТЕКА.,На складе,$$$,https://www.keramoteka.ru/upload/uf/691/keramoteka-atlas-concorde-arty-bord.pdf,Статус NHS - ОТСУТСВУЕТ,Специальные элементы,Внешний угол Milk Spigolo,"0,8X20 СМ",LASK,./temp_files/img/ATLAS CONCORDE_ARTY_Внешний угол Milk Spigolo.jpg
ATLAS CONCORDE,./temp_files/logo/ATLAS CONCORDE.png,"atlas concorde, атлас конкорд, плитка atlas concorde, керамогранит atlas concorde, плитка, керамогранит, atlas concord, плитка конкорд, плитка atlas, поставщик, атлас конкорд италия, атлас конкорд сайт","Каталог керамической плитки и керамогранита ATLAS CONCORDE / АТЛАС КОНКОРД (Италия) от прямого поставщика КЕРАМОТЕКА. Низкие цены, скидки. Оптовые и розничные продажи. Материал в наличии.",ATLAS CONCORDE / АТЛАС КОНКОРД (Италия) Керамическая плитка и керамогранит от прямого поставщика - компании КЕРАМОТЕКА,Италия,ARTY,"atlas concorde arty, атлас конкорд арти, плитка arty, sugar, milk, malt, charcoal, tabasco, curry, urnban, купить, поставщик, скидки, цены",Каталог керамической плитки ATLAS CONCORDE ARTY от прямого поставщика КЕРАМОТЕКА. Опт и розница. В наличии. Привлекательные цены и скидки.,ATLAS CONCORDE ARTY / АТЛАС КОНКОРД АРТИ - авангардная керамическая плитка для современных ванных комнат. КЕРАМОТЕКА.,На складе,$$$,https://www.keramoteka.ru/upload/uf/691/keramoteka-atlas-concorde-arty-bord.pdf,Статус NHS - ОТСУТСВУЕТ,Специальные элементы,Внешний угол Curry Spigolo,"0,8X20 СМ",LASC,./temp_files/img/ATLAS CONCORDE_ARTY_Внешний угол Curry Spigolo.jpg
ATLAS CONCORDE,./temp_files/logo/ATLAS CONCORDE.png,"atlas concorde, атлас конкорд, плитка atlas concorde, керамогранит atlas concorde, плитка, керамогранит, atlas concord, плитка конкорд, плитка atlas, поставщик, атлас конкорд италия, атлас конкорд сайт","Каталог керамической плитки и керамогранита ATLAS CONCORDE / АТЛАС КОНКОРД (Италия) от прямого поставщика КЕРАМОТЕКА. Низкие цены, скидки. Оптовые и розничные продажи. Материал в наличии.",ATLAS CONCORDE / АТЛАС КОНКОРД (Италия) Керамическая плитка и керамогранит от прямого поставщика - компании КЕРАМОТЕКА,Италия,ARTY,"atlas concorde arty, атлас конкорд арти, плитка arty, sugar, milk, malt, charcoal, tabasco, curry, urnban, купить, поставщик, скидки, цены",Каталог керамической плитки ATLAS CONCORDE ARTY от прямого поставщика КЕРАМОТЕКА. Опт и розница. В наличии. Привлекательные цены и скидки.,ATLAS CONCORDE ARTY / АТЛАС КОНКОРД АРТИ - авангардная керамическая плитка для современных ванных комнат. КЕРАМОТЕКА.,На складе,$$$,https://www.keramoteka.ru/upload/uf/691/keramoteka-atlas-concorde-arty-bord.pdf,Статус NHS - ОТСУТСВУЕТ,Специальные элементы,Внешний угол Malt Spigolo,"0,8X20 СМ",LASD,./temp_files/img/ATLAS CONCORDE_ARTY_Внешний угол Malt Spigolo.jpg
ATLAS CONCORDE,./temp_files/logo/ATLAS CONCORDE.png,"atlas concorde, атлас конкорд, плитка atlas concorde, керамогранит atlas concorde, плитка, керамогранит, atlas concord, плитка конкорд, плитка atlas, поставщик, атлас конкорд италия, атлас конкорд сайт","Каталог керамической плитки и керамогранита ATLAS CONCORDE / АТЛАС КОНКОРД (Италия) от прямого поставщика КЕРАМОТЕКА. Низкие цены, скидки. Оптовые и розничные продажи. Материал в наличии.",ATLAS CONCORDE / АТЛАС КОНКОРД (Италия) Керамическая плитка и керамогранит от прямого поставщика - компании КЕРАМОТЕКА,Италия,ARTY,"atlas concorde arty, атлас конкорд арти, плитка arty, sugar, milk, malt, charcoal, tabasco, curry, urnban, купить, поставщик, скидки, цены",Каталог керамической плитки ATLAS CONCORDE ARTY от прямого поставщика КЕРАМОТЕКА. Опт и розница. В наличии. Привлекательные цены и скидки.,ATLAS CONCORDE ARTY / АТЛАС КОНКОРД АРТИ - авангардная керамическая плитка для современных ванных комнат. КЕРАМОТЕКА.,На складе,$$$,https://www.keramoteka.ru/upload/uf/691/keramoteka-atlas-concorde-arty-bord.pdf,Статус NHS - ОТСУТСВУЕТ,Специальные элементы,Внешний угол Charcoal Spigolo,"0,8X20 СМ",LASH,./temp_files/img/ATLAS CONCORDE_ARTY_Внешний угол Charcoal Spigolo.jpg
ATLAS CONCORDE,./temp_files/logo/ATLAS CONCORDE.png,"atlas concorde, атлас конкорд, плитка atlas concorde, керамогранит atlas concorde, плитка, керамогранит, atlas concord, плитка конкорд, плитка atlas, поставщик, атлас конкорд италия, атлас конкорд сайт","Каталог керамической плитки и керамогранита ATLAS CONCORDE / АТЛАС КОНКОРД (Италия) от прямого поставщика КЕРАМОТЕКА. Низкие цены, скидки. Оптовые и розничные продажи. Материал в наличии.",ATLAS CONCORDE / АТЛАС КОНКОРД (Италия) Керамическая плитка и керамогранит от прямого поставщика - компании КЕРАМОТЕКА,Италия,ARTY,"atlas concorde arty, атлас конкорд арти, плитка arty, sugar, milk, malt, charcoal, tabasco, curry, urnban, купить, поставщик, скидки, цены",Каталог керамической плитки ATLAS CONCORDE ARTY от прямого поставщика КЕРАМОТЕКА. Опт и розница. В наличии. Привлекательные цены и скидки.,ATLAS CONCORDE ARTY / АТЛАС КОНКОРД АРТИ - авангардная керамическая плитка для современных ванных комнат. КЕРАМОТЕКА.,На складе,$$$,https://www.keramoteka.ru/upload/uf/691/keramoteka-atlas-concorde-arty-bord.pdf,Статус NHS - ОТСУТСВУЕТ,Специальные элементы,Внешний угол Tabasco Spigolo,"0,8X20 СМ",LASO,./temp_files/img/ATLAS CONCORDE_ARTY_Внешний угол Tabasco Spigolo.jpg
ATLAS CONCORDE,./temp_files/logo/ATLAS CONCORDE.png,"atlas concorde, атлас конкорд, плитка atlas concorde, керамогранит atlas concorde, плитка, керамогранит, atlas concord, плитка конкорд, плитка atlas, поставщик, атлас конкорд италия, атлас конкорд сайт","Каталог керамической плитки и керамогранита ATLAS CONCORDE / АТЛАС КОНКОРД (Италия) от прямого поставщика КЕРАМОТЕКА. Низкие цены, скидки. Оптовые и розничные продажи. Материал в наличии.",ATLAS CONCORDE / АТЛАС КОНКОРД (Италия) Керамическая плитка и керамогранит от прямого поставщика - компании КЕРАМОТЕКА,Италия,ARTY,"atlas concorde arty, атлас конкорд арти, плитка arty, sugar, milk, malt, charcoal, tabasco, curry, urnban, купить, поставщик, скидки, цены",Каталог керамической плитки ATLAS CONCORDE ARTY от прямого поставщика КЕРАМОТЕКА. Опт и розница. В наличии. Привлекательные цены и скидки.,ATLAS CONCORDE ARTY / АТЛАС КОНКОРД АРТИ - авангардная керамическая плитка для современных ванных комнат. КЕРАМОТЕКА.,На складе,$$$,https://www.keramoteka.ru/upload/uf/691/keramoteka-atlas-concorde-arty-bord.pdf,Статус NHS - ОТСУТСВУЕТ,Специальные элементы,Внешний угол Sugar Spigolo,"0,8X20 СМ",LASS,./temp_files/img/ATLAS CONCORDE_ARTY_Внешний угол Sugar Spigolo.jpg
ATLAS CONCORDE,./temp_files/logo/ATLAS CONCORDE.png,"atlas concorde, атлас конкорд, плитка atlas concorde, керамогранит atlas concorde, плитка, керамогранит, atlas concord, плитка конкорд, плитка atlas, поставщик, атлас конкорд италия, атлас конкорд сайт","Каталог керамической плитки и керамогранита ATLAS CONCORDE / АТЛАС КОНКОРД (Италия) от прямого поставщика КЕРАМОТЕКА. Низкие цены, скидки. Оптовые и розничные продажи. Материал в наличии.",ATLAS CONCORDE / АТЛАС КОНКОРД (Италия) Керамическая плитка и керамогранит от прямого поставщика - компании КЕРАМОТЕКА,Италия,ARTY,"atlas concorde arty, атлас конкорд арти, плитка arty, sugar, milk, malt, charcoal, tabasco, curry, urnban, купить, поставщик, скидки, цены",Каталог керамической плитки ATLAS CONCORDE ARTY от прямого поставщика КЕРАМОТЕКА. Опт и розница. В наличии. Привлекательные цены и скидки.,ATLAS CONCORDE ARTY / АТЛАС КОНКОРД АРТИ - авангардная керамическая плитка для современных ванных комнат. КЕРАМОТЕКА.,На складе,$$$,https://www.keramoteka.ru/upload/uf/691/keramoteka-atlas-concorde-arty-bord.pdf,Статус NHS - ОТСУТСВУЕТ,Специальные элементы,Спецэлемент для внешнего угла Tabasco Spigolo AE,"0,8X0,8 СМ",AASO,./temp_files/img/ATLAS CONCORDE_ARTY_Спецэлемент для внешнего угла Tabasco Spigolo AE.jpg
ATLAS CONCORDE,./temp_files/logo/ATLAS CONCORDE.png,"atlas concorde, атлас конкорд, плитка atlas concorde, керамогранит atlas concorde, плитка, керамогранит, atlas concord, плитка конкорд, плитка atlas, поставщик, атлас конкорд италия, атлас конкорд сайт","Каталог керамической плитки и керамогранита ATLAS CONCORDE / АТЛАС КОНКОРД (Италия) от прямого поставщика КЕРАМОТЕКА. Низкие цены, скидки. Оптовые и розничные продажи. Материал в наличии.",ATLAS CONCORDE / АТЛАС КОНКОРД (Италия) Керамическая плитка и керамогранит от прямого поставщика - компании КЕРАМОТЕКА,Италия,ARTY,"atlas concorde arty, атлас конкорд арти, плитка arty, sugar, milk, malt, charcoal, tabasco, curry, urnban, купить, поставщик, скидки, цены",Каталог керамической плитки ATLAS CONCORDE ARTY от прямого поставщика КЕРАМОТЕКА. Опт и розница. В наличии. Привлекательные цены и скидки.,ATLAS CONCORDE ARTY / АТЛАС КОНКОРД АРТИ - авангардная керамическая плитка для современных ванных комнат. КЕРАМОТЕКА.,На складе,$$$,https://www.keramoteka.ru/upload/uf/691/keramoteka-atlas-concorde-arty-bord.pdf,Статус NHS - ОТСУТСВУЕТ,Специальные элементы,Спецэлемент для внешнего угла Charcoal Spigolo AE,"0,8X0,8 СМ",AASH,./temp_files/img/ATLAS CONCORDE_ARTY_Спецэлемент для внешнего угла Charcoal Spigolo AE.jpg
ATLAS CONCORDE,./temp_files/logo/ATLAS CONCORDE.png,"atlas concorde, атлас конкорд, плитка atlas concorde, керамогранит atlas concorde, плитка, керамогранит, atlas concord, плитка конкорд, плитка atlas, поставщик, атлас конкорд италия, атлас конкорд сайт","Каталог керамической плитки и керамогранита ATLAS CONCORDE / АТЛАС КОНКОРД (Италия) от прямого поставщика КЕРАМОТЕКА. Низкие цены, скидки. Оптовые и розничные продажи. Материал в наличии.",ATLAS CONCORDE / АТЛАС КОНКОРД (Италия) Керамическая плитка и керамогранит от прямого поставщика - компании КЕРАМОТЕКА,Италия,ARTY,"atlas concorde arty, атлас конкорд арти, плитка arty, sugar, milk, malt, charcoal, tabasco, curry, urnban, купить, поставщик, скидки, цены",Каталог керамической плитки ATLAS CONCORDE ARTY от прямого поставщика КЕРАМОТЕКА. Опт и розница. В наличии. Привлекательные цены и скидки.,ATLAS CONCORDE ARTY / АТЛАС КОНКОРД АРТИ - авангардная керамическая плитка для современных ванных комнат. КЕРАМОТЕКА.,На складе,$$$,https://www.keramoteka.ru/upload/uf/691/keramoteka-atlas-concorde-arty-bord.pdf,Статус NHS - ОТСУТСВУЕТ,Специальные элементы,Спецэлемент для внешнего угла Malt Spigolo AE,"0,8X0,8 СМ",AASM,./temp_files/img/ATLAS CONCORDE_ARTY_Спецэлемент для внешнего угла Malt Spigolo AE.jpg
ATLAS CONCORDE,./temp_files/logo/ATLAS CONCORDE.png,"atlas concorde, атлас конкорд, плитка atlas concorde, керамогранит atlas concorde, плитка, керамогранит, atlas concord, плитка конкорд, плитка atlas, поставщик, атлас конкорд италия, атлас конкорд сайт","Каталог керамической плитки и керамогранита ATLAS CONCORDE / АТЛАС КОНКОРД (Италия) от прямого поставщика КЕРАМОТЕКА. Низкие цены, скидки. Оптовые и розничные продажи. Материал в наличии.",ATLAS CONCORDE / АТЛАС КОНКОРД (Италия) Керамическая плитка и керамогранит от прямого поставщика - компании КЕРАМОТЕКА,Италия,ARTY,"atlas concorde arty, атлас конкорд арти, плитка arty, sugar, milk, malt, charcoal, tabasco, curry, urnban, купить, поставщик, скидки, цены",Каталог керамической плитки ATLAS CONCORDE ARTY от прямого поставщика КЕРАМОТЕКА. Опт и розница. В наличии. Привлекательные цены и скидки.,ATLAS CONCORDE ARTY / АТЛАС КОНКОРД АРТИ - авангардная керамическая плитка для современных ванных комнат. КЕРАМОТЕКА.,На складе,$$$,https://www.keramoteka.ru/upload/uf/691/keramoteka-atlas-concorde-arty-bord.pdf,Статус NHS - ОТСУТСВУЕТ,Специальные элементы,Спецэлемент для внешнего угла Sugar Spigolo AE,"0,8X0,8 СМ",AASS,./temp_files/img/ATLAS CONCORDE_ARTY_Спецэлемент для внешнего угла Sugar Spigolo AE.jpg
ATLAS CONCORDE,./temp_files/logo/ATLAS CONCORDE.png,"atlas concorde, атлас конкорд, плитка atlas concorde, керамогранит atlas concorde, плитка, керамогранит, atlas concord, плитка конкорд, плитка atlas, поставщик, атлас конкорд италия, атлас конкорд сайт","Каталог керамической плитки и керамогранита ATLAS CONCORDE / АТЛАС КОНКОРД (Италия) от прямого поставщика КЕРАМОТЕКА. Низкие цены, скидки. Оптовые и розничные продажи. Материал в наличии.",ATLAS CONCORDE / АТЛАС КОНКОРД (Италия) Керамическая плитка и керамогранит от прямого поставщика - компании КЕРАМОТЕКА,Италия,ARTY,"atlas concorde arty, атлас конкорд арти, плитка arty, sugar, milk, malt, charcoal, tabasco, curry, urnban, купить, поставщик, скидки, цены",Каталог керамической плитки ATLAS CONCORDE ARTY от прямого поставщика КЕРАМОТЕКА. Опт и розница. В наличии. Привлекательные цены и скидки.,ATLAS CONCORDE ARTY / АТЛАС КОНКОРД АРТИ - авангардная керамическая плитка для современных ванных комнат. КЕРАМОТЕКА.,На складе,$$$,https://www.keramoteka.ru/upload/uf/691/keramoteka-atlas-concorde-arty-bord.pdf,Статус NHS - ОТСУТСВУЕТ,Специальные элементы,Спецэлемент для внешнего угла Curry Spigolo AE,"0,8X0,8 СМ",AASU,./temp_files/img/ATLAS CONCORDE_ARTY_Спецэлемент для внешнего угла Curry Spigolo AE.jpg
ATLAS CONCORDE,./temp_files/logo/ATLAS CONCORDE.png,"atlas concorde, атлас конкорд, плитка atlas concorde, керамогранит atlas concorde, плитка, керамогранит, atlas concord, плитка конкорд, плитка atlas, поставщик, атлас конкорд италия, атлас конкорд сайт","Каталог керамической плитки и керамогранита ATLAS CONCORDE / АТЛАС КОНКОРД (Италия) от прямого поставщика КЕРАМОТЕКА. Низкие цены, скидки. Оптовые и розничные продажи. Материал в наличии.",ATLAS CONCORDE / АТЛАС КОНКОРД (Италия) Керамическая плитка и керамогранит от прямого поставщика - компании КЕРАМОТЕКА,Италия,ARTY,"atlas concorde arty, атлас конкорд арти, плитка arty, sugar, milk, malt, charcoal, tabasco, curry, urnban, купить, поставщик, скидки, цены",Каталог керамической плитки ATLAS CONCORDE ARTY от прямого поставщика КЕРАМОТЕКА. Опт и розница. В наличии. Привлекательные цены и скидки.,ATLAS CONCORDE ARTY / АТЛАС КОНКОРД АРТИ - авангардная керамическая плитка для современных ванных комнат. КЕРАМОТЕКА.,На складе,$$$,https://www.keramoteka.ru/upload/uf/691/keramoteka-atlas-concorde-arty-bord.pdf,Статус NHS - ОТСУТСВУЕТ,Специальные элементы,Спецэлемент для внешнего угла Milk Spigolo AE,"0,8X0,8 СМ",AASI,./temp_files/img/ATLAS CONCORDE_ARTY_Спецэлемент для внешнего угла Milk Spigolo AE.jpg
