ATLAS CONCORDE,./temp_files/logo/ATLAS CONCORDE.png,"atlas concorde, атлас конкорд, плитка atlas concorde, керамогранит atlas concorde, плитка, керамогранит, atlas concord, плитка конкорд, плитка atlas, поставщик, атлас конкорд италия, атлас конкорд сайт","Каталог керамической плитки и керамогранита ATLAS CONCORDE / АТЛАС КОНКОРД (Италия) от прямого поставщика КЕРАМОТЕКА. Низкие цены, скидки. Оптовые и розничные продажи. Материал в наличии.",ATLAS CONCORDE / АТЛАС КОНКОРД (Италия) Керамическая плитка и керамогранит от прямого поставщика - компании КЕРАМОТЕКА,Италия,GIOIA,"atlas concorde gioia, атлас конкорд, плитка atlas concorde gioia, плитка, atlas concord, плитка конкорд, плитка atlas gioia, поставщик, атлас конкорд италия, атлас конкорд сайт","Каталог керамической плитки ATLAS CONCORDE GIOIA / АТЛАС КОНКОРД ДЖОЯ (Италия) от прямого поставщика КЕРАМОТЕКА. Низкие цены, скидки. Оптовые и розничные продажи. Материал в наличии.",ATLAS CONCORDE GIOIA / АТЛАС КОНКОРД ДЖОЯ (Италия) Керамическая плитка и керамогранит от прямого поставщика - компании КЕРАМОТЕКА,На складе,$$,Каталог отсутсвует !!!,РАСПРОДАЖА,Керамическая плитка для стен,Avorio,20X50 СМ,8GIV,./temp_files/img/ATLAS CONCORDE_GIOIA_Avorio.jpg
ATLAS CONCORDE,./temp_files/logo/ATLAS CONCORDE.png,"atlas concorde, атлас конкорд, плитка atlas concorde, керамогранит atlas concorde, плитка, керамогранит, atlas concord, плитка конкорд, плитка atlas, поставщик, атлас конкорд италия, атлас конкорд сайт","Каталог керамической плитки и керамогранита ATLAS CONCORDE / АТЛАС КОНКОРД (Италия) от прямого поставщика КЕРАМОТЕКА. Низкие цены, скидки. Оптовые и розничные продажи. Материал в наличии.",ATLAS CONCORDE / АТЛАС КОНКОРД (Италия) Керамическая плитка и керамогранит от прямого поставщика - компании КЕРАМОТЕКА,Италия,GIOIA,"atlas concorde gioia, атлас конкорд, плитка atlas concorde gioia, плитка, atlas concord, плитка конкорд, плитка atlas gioia, поставщик, атлас конкорд италия, атлас конкорд сайт","Каталог керамической плитки ATLAS CONCORDE GIOIA / АТЛАС КОНКОРД ДЖОЯ (Италия) от прямого поставщика КЕРАМОТЕКА. Низкие цены, скидки. Оптовые и розничные продажи. Материал в наличии.",ATLAS CONCORDE GIOIA / АТЛАС КОНКОРД ДЖОЯ (Италия) Керамическая плитка и керамогранит от прямого поставщика - компании КЕРАМОТЕКА,На складе,$$,Каталог отсутсвует !!!,РАСПРОДАЖА,Керамическая плитка для стен,Moka,20X50 СМ,8GID,./temp_files/img/ATLAS CONCORDE_GIOIA_Moka.jpg
ATLAS CONCORDE,./temp_files/logo/ATLAS CONCORDE.png,"atlas concorde, атлас конкорд, плитка atlas concorde, керамогранит atlas concorde, плитка, керамогранит, atlas concord, плитка конкорд, плитка atlas, поставщик, атлас конкорд италия, атлас конкорд сайт","Каталог керамической плитки и керамогранита ATLAS CONCORDE / АТЛАС КОНКОРД (Италия) от прямого поставщика КЕРАМОТЕКА. Низкие цены, скидки. Оптовые и розничные продажи. Материал в наличии.",ATLAS CONCORDE / АТЛАС КОНКОРД (Италия) Керамическая плитка и керамогранит от прямого поставщика - компании КЕРАМОТЕКА,Италия,GIOIA,"atlas concorde gioia, атлас конкорд, плитка atlas concorde gioia, плитка, atlas concord, плитка конкорд, плитка atlas gioia, поставщик, атлас конкорд италия, атлас конкорд сайт","Каталог керамической плитки ATLAS CONCORDE GIOIA / АТЛАС КОНКОРД ДЖОЯ (Италия) от прямого поставщика КЕРАМОТЕКА. Низкие цены, скидки. Оптовые и розничные продажи. Материал в наличии.",ATLAS CONCORDE GIOIA / АТЛАС КОНКОРД ДЖОЯ (Италия) Керамическая плитка и керамогранит от прямого поставщика - компании КЕРАМОТЕКА,На складе,$$,Каталог отсутсвует !!!,РАСПРОДАЖА,Керамическая плитка для стен,Bianco,20X50 СМ,8GIB,./temp_files/img/ATLAS CONCORDE_GIOIA_Bianco.jpg
ATLAS CONCORDE,./temp_files/logo/ATLAS CONCORDE.png,"atlas concorde, атлас конкорд, плитка atlas concorde, керамогранит atlas concorde, плитка, керамогранит, atlas concord, плитка конкорд, плитка atlas, поставщик, атлас конкорд италия, атлас конкорд сайт","Каталог керамической плитки и керамогранита ATLAS CONCORDE / АТЛАС КОНКОРД (Италия) от прямого поставщика КЕРАМОТЕКА. Низкие цены, скидки. Оптовые и розничные продажи. Материал в наличии.",ATLAS CONCORDE / АТЛАС КОНКОРД (Италия) Керамическая плитка и керамогранит от прямого поставщика - компании КЕРАМОТЕКА,Италия,GIOIA,"atlas concorde gioia, атлас конкорд, плитка atlas concorde gioia, плитка, atlas concord, плитка конкорд, плитка atlas gioia, поставщик, атлас конкорд италия, атлас конкорд сайт","Каталог керамической плитки ATLAS CONCORDE GIOIA / АТЛАС КОНКОРД ДЖОЯ (Италия) от прямого поставщика КЕРАМОТЕКА. Низкие цены, скидки. Оптовые и розничные продажи. Материал в наличии.",ATLAS CONCORDE GIOIA / АТЛАС КОНКОРД ДЖОЯ (Италия) Керамическая плитка и керамогранит от прямого поставщика - компании КЕРАМОТЕКА,На складе,$$,Каталог отсутсвует !!!,РАСПРОДАЖА,Керамическая плитка для стен,Rosa,20X50 СМ,8GIR,./temp_files/img/ATLAS CONCORDE_GIOIA_Rosa.jpg
ATLAS CONCORDE,./temp_files/logo/ATLAS CONCORDE.png,"atlas concorde, атлас конкорд, плитка atlas concorde, керамогранит atlas concorde, плитка, керамогранит, atlas concord, плитка конкорд, плитка atlas, поставщик, атлас конкорд италия, атлас конкорд сайт","Каталог керамической плитки и керамогранита ATLAS CONCORDE / АТЛАС КОНКОРД (Италия) от прямого поставщика КЕРАМОТЕКА. Низкие цены, скидки. Оптовые и розничные продажи. Материал в наличии.",ATLAS CONCORDE / АТЛАС КОНКОРД (Италия) Керамическая плитка и керамогранит от прямого поставщика - компании КЕРАМОТЕКА,Италия,GIOIA,"atlas concorde gioia, атлас конкорд, плитка atlas concorde gioia, плитка, atlas concord, плитка конкорд, плитка atlas gioia, поставщик, атлас конкорд италия, атлас конкорд сайт","Каталог керамической плитки ATLAS CONCORDE GIOIA / АТЛАС КОНКОРД ДЖОЯ (Италия) от прямого поставщика КЕРАМОТЕКА. Низкие цены, скидки. Оптовые и розничные продажи. Материал в наличии.",ATLAS CONCORDE GIOIA / АТЛАС КОНКОРД ДЖОЯ (Италия) Керамическая плитка и керамогранит от прямого поставщика - компании КЕРАМОТЕКА,На складе,$$,Каталог отсутсвует !!!,РАСПРОДАЖА,Керамическая плитка для стен,Verde,20X50 СМ,8GIE,./temp_files/img/ATLAS CONCORDE_GIOIA_Verde.jpg
ATLAS CONCORDE,./temp_files/logo/ATLAS CONCORDE.png,"atlas concorde, атлас конкорд, плитка atlas concorde, керамогранит atlas concorde, плитка, керамогранит, atlas concord, плитка конкорд, плитка atlas, поставщик, атлас конкорд италия, атлас конкорд сайт","Каталог керамической плитки и керамогранита ATLAS CONCORDE / АТЛАС КОНКОРД (Италия) от прямого поставщика КЕРАМОТЕКА. Низкие цены, скидки. Оптовые и розничные продажи. Материал в наличии.",ATLAS CONCORDE / АТЛАС КОНКОРД (Италия) Керамическая плитка и керамогранит от прямого поставщика - компании КЕРАМОТЕКА,Италия,GIOIA,"atlas concorde gioia, атлас конкорд, плитка atlas concorde gioia, плитка, atlas concord, плитка конкорд, плитка atlas gioia, поставщик, атлас конкорд италия, атлас конкорд сайт","Каталог керамической плитки ATLAS CONCORDE GIOIA / АТЛАС КОНКОРД ДЖОЯ (Италия) от прямого поставщика КЕРАМОТЕКА. Низкие цены, скидки. Оптовые и розничные продажи. Материал в наличии.",ATLAS CONCORDE GIOIA / АТЛАС КОНКОРД ДЖОЯ (Италия) Керамическая плитка и керамогранит от прямого поставщика - компании КЕРАМОТЕКА,На складе,$$,Каталог отсутсвует !!!,РАСПРОДАЖА,Керамическая плитка для стен,Arancio,20X50 СМ,8GIN,./temp_files/img/ATLAS CONCORDE_GIOIA_Arancio.jpg
ATLAS CONCORDE,./temp_files/logo/ATLAS CONCORDE.png,"atlas concorde, атлас конкорд, плитка atlas concorde, керамогранит atlas concorde, плитка, керамогранит, atlas concord, плитка конкорд, плитка atlas, поставщик, атлас конкорд италия, атлас конкорд сайт","Каталог керамической плитки и керамогранита ATLAS CONCORDE / АТЛАС КОНКОРД (Италия) от прямого поставщика КЕРАМОТЕКА. Низкие цены, скидки. Оптовые и розничные продажи. Материал в наличии.",ATLAS CONCORDE / АТЛАС КОНКОРД (Италия) Керамическая плитка и керамогранит от прямого поставщика - компании КЕРАМОТЕКА,Италия,GIOIA,"atlas concorde gioia, атлас конкорд, плитка atlas concorde gioia, плитка, atlas concord, плитка конкорд, плитка atlas gioia, поставщик, атлас конкорд италия, атлас конкорд сайт","Каталог керамической плитки ATLAS CONCORDE GIOIA / АТЛАС КОНКОРД ДЖОЯ (Италия) от прямого поставщика КЕРАМОТЕКА. Низкие цены, скидки. Оптовые и розничные продажи. Материал в наличии.",ATLAS CONCORDE GIOIA / АТЛАС КОНКОРД ДЖОЯ (Италия) Керамическая плитка и керамогранит от прямого поставщика - компании КЕРАМОТЕКА,На складе,$$,Каталог отсутсвует !!!,РАСПРОДАЖА,Керамическая плитка для стен,Wallpaper,20X50 СМ,8GIG,./temp_files/img/ATLAS CONCORDE_GIOIA_Wallpaper.jpg
ATLAS CONCORDE,./temp_files/logo/ATLAS CONCORDE.png,"atlas concorde, атлас конкорд, плитка atlas concorde, керамогранит atlas concorde, плитка, керамогранит, atlas concord, плитка конкорд, плитка atlas, поставщик, атлас конкорд италия, атлас конкорд сайт","Каталог керамической плитки и керамогранита ATLAS CONCORDE / АТЛАС КОНКОРД (Италия) от прямого поставщика КЕРАМОТЕКА. Низкие цены, скидки. Оптовые и розничные продажи. Материал в наличии.",ATLAS CONCORDE / АТЛАС КОНКОРД (Италия) Керамическая плитка и керамогранит от прямого поставщика - компании КЕРАМОТЕКА,Италия,GIOIA,"atlas concorde gioia, атлас конкорд, плитка atlas concorde gioia, плитка, atlas concord, плитка конкорд, плитка atlas gioia, поставщик, атлас конкорд италия, атлас конкорд сайт","Каталог керамической плитки ATLAS CONCORDE GIOIA / АТЛАС КОНКОРД ДЖОЯ (Италия) от прямого поставщика КЕРАМОТЕКА. Низкие цены, скидки. Оптовые и розничные продажи. Материал в наличии.",ATLAS CONCORDE GIOIA / АТЛАС КОНКОРД ДЖОЯ (Италия) Керамическая плитка и керамогранит от прямого поставщика - компании КЕРАМОТЕКА,На складе,$$,Каталог отсутсвует !!!,РАСПРОДАЖА,Декоративные элементы,Ramage Rosa,20X50 СМ,8GRR,./temp_files/img/ATLAS CONCORDE_GIOIA_Ramage Rosa.jpg
ATLAS CONCORDE,./temp_files/logo/ATLAS CONCORDE.png,"atlas concorde, атлас конкорд, плитка atlas concorde, керамогранит atlas concorde, плитка, керамогранит, atlas concord, плитка конкорд, плитка atlas, поставщик, атлас конкорд италия, атлас конкорд сайт","Каталог керамической плитки и керамогранита ATLAS CONCORDE / АТЛАС КОНКОРД (Италия) от прямого поставщика КЕРАМОТЕКА. Низкие цены, скидки. Оптовые и розничные продажи. Материал в наличии.",ATLAS CONCORDE / АТЛАС КОНКОРД (Италия) Керамическая плитка и керамогранит от прямого поставщика - компании КЕРАМОТЕКА,Италия,GIOIA,"atlas concorde gioia, атлас конкорд, плитка atlas concorde gioia, плитка, atlas concord, плитка конкорд, плитка atlas gioia, поставщик, атлас конкорд италия, атлас конкорд сайт","Каталог керамической плитки ATLAS CONCORDE GIOIA / АТЛАС КОНКОРД ДЖОЯ (Италия) от прямого поставщика КЕРАМОТЕКА. Низкие цены, скидки. Оптовые и розничные продажи. Материал в наличии.",ATLAS CONCORDE GIOIA / АТЛАС КОНКОРД ДЖОЯ (Италия) Керамическая плитка и керамогранит от прямого поставщика - компании КЕРАМОТЕКА,На складе,$$,Каталог отсутсвует !!!,РАСПРОДАЖА,Декоративные элементы,Панно Spring Bianco,40X50 СМ,8GSB,./temp_files/img/ATLAS CONCORDE_GIOIA_Панно Spring Bianco.jpg
ATLAS CONCORDE,./temp_files/logo/ATLAS CONCORDE.png,"atlas concorde, атлас конкорд, плитка atlas concorde, керамогранит atlas concorde, плитка, керамогранит, atlas concord, плитка конкорд, плитка atlas, поставщик, атлас конкорд италия, атлас конкорд сайт","Каталог керамической плитки и керамогранита ATLAS CONCORDE / АТЛАС КОНКОРД (Италия) от прямого поставщика КЕРАМОТЕКА. Низкие цены, скидки. Оптовые и розничные продажи. Материал в наличии.",ATLAS CONCORDE / АТЛАС КОНКОРД (Италия) Керамическая плитка и керамогранит от прямого поставщика - компании КЕРАМОТЕКА,Италия,GIOIA,"atlas concorde gioia, атлас конкорд, плитка atlas concorde gioia, плитка, atlas concord, плитка конкорд, плитка atlas gioia, поставщик, атлас конкорд италия, атлас конкорд сайт","Каталог керамической плитки ATLAS CONCORDE GIOIA / АТЛАС КОНКОРД ДЖОЯ (Италия) от прямого поставщика КЕРАМОТЕКА. Низкие цены, скидки. Оптовые и розничные продажи. Материал в наличии.",ATLAS CONCORDE GIOIA / АТЛАС КОНКОРД ДЖОЯ (Италия) Керамическая плитка и керамогранит от прямого поставщика - компании КЕРАМОТЕКА,На складе,$$,Каталог отсутсвует !!!,РАСПРОДАЖА,Декоративные элементы,Бордюр Listello Verde,3X50 СМ,LGIE,./temp_files/img/ATLAS CONCORDE_GIOIA_Бордюр Listello Verde.jpg
ATLAS CONCORDE,./temp_files/logo/ATLAS CONCORDE.png,"atlas concorde, атлас конкорд, плитка atlas concorde, керамогранит atlas concorde, плитка, керамогранит, atlas concord, плитка конкорд, плитка atlas, поставщик, атлас конкорд италия, атлас конкорд сайт","Каталог керамической плитки и керамогранита ATLAS CONCORDE / АТЛАС КОНКОРД (Италия) от прямого поставщика КЕРАМОТЕКА. Низкие цены, скидки. Оптовые и розничные продажи. Материал в наличии.",ATLAS CONCORDE / АТЛАС КОНКОРД (Италия) Керамическая плитка и керамогранит от прямого поставщика - компании КЕРАМОТЕКА,Италия,GIOIA,"atlas concorde gioia, атлас конкорд, плитка atlas concorde gioia, плитка, atlas concord, плитка конкорд, плитка atlas gioia, поставщик, атлас конкорд италия, атлас конкорд сайт","Каталог керамической плитки ATLAS CONCORDE GIOIA / АТЛАС КОНКОРД ДЖОЯ (Италия) от прямого поставщика КЕРАМОТЕКА. Низкие цены, скидки. Оптовые и розничные продажи. Материал в наличии.",ATLAS CONCORDE GIOIA / АТЛАС КОНКОРД ДЖОЯ (Италия) Керамическая плитка и керамогранит от прямого поставщика - компании КЕРАМОТЕКА,На складе,$$,Каталог отсутсвует !!!,РАСПРОДАЖА,Декоративные элементы,Бордюр Listello Rosa,3X50 СМ,LGIR,./temp_files/img/ATLAS CONCORDE_GIOIA_Бордюр Listello Rosa.jpg
