ATLAS CONCORDE,./temp_files/logo/ATLAS CONCORDE.png,"atlas concorde, атлас конкорд, плитка atlas concorde, керамогранит atlas concorde, плитка, керамогранит, atlas concord, плитка конкорд, плитка atlas, поставщик, атлас конкорд италия, атлас конкорд сайт","Каталог керамической плитки и керамогранита ATLAS CONCORDE / АТЛАС КОНКОРД (Италия) от прямого поставщика КЕРАМОТЕКА. Низкие цены, скидки. Оптовые и розничные продажи. Материал в наличии.",ATLAS CONCORDE / АТЛАС КОНКОРД (Италия) Керамическая плитка и керамогранит от прямого поставщика - компании КЕРАМОТЕКА,Италия,GREENCOLORS,"atlas concorde greencolors, атлас конкорд гринколорс, керамогранит greencolors, моноколор, проекты, купить, поставщик, скидки, цены",Каталог керамического гранита ATLAS CONCORDE GREENCOLORS от прямого поставщика КЕРАМОТЕКА. Опт и розница. Скидки. Цены.,ATLAS CONCORDE GREENCOLORS / АТЛАС КОНКОРД ГРИНКОЛОРС - проектный глазурованный керамогранит 20х20 см для общественных пространств. КЕРАМОТЕКА.,Под заказ,$,https://www.keramoteka.ru/upload/uf/273/keramoteka-atlas-concorde-greencolors.pdf,Статус NHS - ОТСУТСВУЕТ,Керамогранит,Neve,20X20 СМ,2I0A,./temp_files/img/ATLAS CONCORDE_GREENCOLORS_Neve.jpg
ATLAS CONCORDE,./temp_files/logo/ATLAS CONCORDE.png,"atlas concorde, атлас конкорд, плитка atlas concorde, керамогранит atlas concorde, плитка, керамогранит, atlas concord, плитка конкорд, плитка atlas, поставщик, атлас конкорд италия, атлас конкорд сайт","Каталог керамической плитки и керамогранита ATLAS CONCORDE / АТЛАС КОНКОРД (Италия) от прямого поставщика КЕРАМОТЕКА. Низкие цены, скидки. Оптовые и розничные продажи. Материал в наличии.",ATLAS CONCORDE / АТЛАС КОНКОРД (Италия) Керамическая плитка и керамогранит от прямого поставщика - компании КЕРАМОТЕКА,Италия,GREENCOLORS,"atlas concorde greencolors, атлас конкорд гринколорс, керамогранит greencolors, моноколор, проекты, купить, поставщик, скидки, цены",Каталог керамического гранита ATLAS CONCORDE GREENCOLORS от прямого поставщика КЕРАМОТЕКА. Опт и розница. Скидки. Цены.,ATLAS CONCORDE GREENCOLORS / АТЛАС КОНКОРД ГРИНКОЛОРС - проектный глазурованный керамогранит 20х20 см для общественных пространств. КЕРАМОТЕКА.,Под заказ,$,https://www.keramoteka.ru/upload/uf/273/keramoteka-atlas-concorde-greencolors.pdf,Статус NHS - ОТСУТСВУЕТ,Керамогранит,Ghiaccio,20X20 СМ,2I0B,./temp_files/img/ATLAS CONCORDE_GREENCOLORS_Ghiaccio.jpg
ATLAS CONCORDE,./temp_files/logo/ATLAS CONCORDE.png,"atlas concorde, атлас конкорд, плитка atlas concorde, керамогранит atlas concorde, плитка, керамогранит, atlas concord, плитка конкорд, плитка atlas, поставщик, атлас конкорд италия, атлас конкорд сайт","Каталог керамической плитки и керамогранита ATLAS CONCORDE / АТЛАС КОНКОРД (Италия) от прямого поставщика КЕРАМОТЕКА. Низкие цены, скидки. Оптовые и розничные продажи. Материал в наличии.",ATLAS CONCORDE / АТЛАС КОНКОРД (Италия) Керамическая плитка и керамогранит от прямого поставщика - компании КЕРАМОТЕКА,Италия,GREENCOLORS,"atlas concorde greencolors, атлас конкорд гринколорс, керамогранит greencolors, моноколор, проекты, купить, поставщик, скидки, цены",Каталог керамического гранита ATLAS CONCORDE GREENCOLORS от прямого поставщика КЕРАМОТЕКА. Опт и розница. Скидки. Цены.,ATLAS CONCORDE GREENCOLORS / АТЛАС КОНКОРД ГРИНКОЛОРС - проектный глазурованный керамогранит 20х20 см для общественных пространств. КЕРАМОТЕКА.,Под заказ,$,https://www.keramoteka.ru/upload/uf/273/keramoteka-atlas-concorde-greencolors.pdf,Статус NHS - ОТСУТСВУЕТ,Керамогранит,Cemento,20X20 СМ,2I0C,./temp_files/img/ATLAS CONCORDE_GREENCOLORS_Cemento.jpg
ATLAS CONCORDE,./temp_files/logo/ATLAS CONCORDE.png,"atlas concorde, атлас конкорд, плитка atlas concorde, керамогранит atlas concorde, плитка, керамогранит, atlas concord, плитка конкорд, плитка atlas, поставщик, атлас конкорд италия, атлас конкорд сайт","Каталог керамической плитки и керамогранита ATLAS CONCORDE / АТЛАС КОНКОРД (Италия) от прямого поставщика КЕРАМОТЕКА. Низкие цены, скидки. Оптовые и розничные продажи. Материал в наличии.",ATLAS CONCORDE / АТЛАС КОНКОРД (Италия) Керамическая плитка и керамогранит от прямого поставщика - компании КЕРАМОТЕКА,Италия,GREENCOLORS,"atlas concorde greencolors, атлас конкорд гринколорс, керамогранит greencolors, моноколор, проекты, купить, поставщик, скидки, цены",Каталог керамического гранита ATLAS CONCORDE GREENCOLORS от прямого поставщика КЕРАМОТЕКА. Опт и розница. Скидки. Цены.,ATLAS CONCORDE GREENCOLORS / АТЛАС КОНКОРД ГРИНКОЛОРС - проектный глазурованный керамогранит 20х20 см для общественных пространств. КЕРАМОТЕКА.,Под заказ,$,https://www.keramoteka.ru/upload/uf/273/keramoteka-atlas-concorde-greencolors.pdf,Статус NHS - ОТСУТСВУЕТ,Керамогранит,Avorio,20X20 СМ,2I0F,./temp_files/img/ATLAS CONCORDE_GREENCOLORS_Avorio.jpg
ATLAS CONCORDE,./temp_files/logo/ATLAS CONCORDE.png,"atlas concorde, атлас конкорд, плитка atlas concorde, керамогранит atlas concorde, плитка, керамогранит, atlas concord, плитка конкорд, плитка atlas, поставщик, атлас конкорд италия, атлас конкорд сайт","Каталог керамической плитки и керамогранита ATLAS CONCORDE / АТЛАС КОНКОРД (Италия) от прямого поставщика КЕРАМОТЕКА. Низкие цены, скидки. Оптовые и розничные продажи. Материал в наличии.",ATLAS CONCORDE / АТЛАС КОНКОРД (Италия) Керамическая плитка и керамогранит от прямого поставщика - компании КЕРАМОТЕКА,Италия,GREENCOLORS,"atlas concorde greencolors, атлас конкорд гринколорс, керамогранит greencolors, моноколор, проекты, купить, поставщик, скидки, цены",Каталог керамического гранита ATLAS CONCORDE GREENCOLORS от прямого поставщика КЕРАМОТЕКА. Опт и розница. Скидки. Цены.,ATLAS CONCORDE GREENCOLORS / АТЛАС КОНКОРД ГРИНКОЛОРС - проектный глазурованный керамогранит 20х20 см для общественных пространств. КЕРАМОТЕКА.,Под заказ,$,https://www.keramoteka.ru/upload/uf/273/keramoteka-atlas-concorde-greencolors.pdf,Статус NHS - ОТСУТСВУЕТ,Керамогранит,Sabbia,20X20 СМ,2I0G,./temp_files/img/ATLAS CONCORDE_GREENCOLORS_Sabbia.jpg
ATLAS CONCORDE,./temp_files/logo/ATLAS CONCORDE.png,"atlas concorde, атлас конкорд, плитка atlas concorde, керамогранит atlas concorde, плитка, керамогранит, atlas concord, плитка конкорд, плитка atlas, поставщик, атлас конкорд италия, атлас конкорд сайт","Каталог керамической плитки и керамогранита ATLAS CONCORDE / АТЛАС КОНКОРД (Италия) от прямого поставщика КЕРАМОТЕКА. Низкие цены, скидки. Оптовые и розничные продажи. Материал в наличии.",ATLAS CONCORDE / АТЛАС КОНКОРД (Италия) Керамическая плитка и керамогранит от прямого поставщика - компании КЕРАМОТЕКА,Италия,GREENCOLORS,"atlas concorde greencolors, атлас конкорд гринколорс, керамогранит greencolors, моноколор, проекты, купить, поставщик, скидки, цены",Каталог керамического гранита ATLAS CONCORDE GREENCOLORS от прямого поставщика КЕРАМОТЕКА. Опт и розница. Скидки. Цены.,ATLAS CONCORDE GREENCOLORS / АТЛАС КОНКОРД ГРИНКОЛОРС - проектный глазурованный керамогранит 20х20 см для общественных пространств. КЕРАМОТЕКА.,Под заказ,$,https://www.keramoteka.ru/upload/uf/273/keramoteka-atlas-concorde-greencolors.pdf,Статус NHS - ОТСУТСВУЕТ,Керамогранит,Corda,20X20 СМ,2I0H,./temp_files/img/ATLAS CONCORDE_GREENCOLORS_Corda.jpg
ATLAS CONCORDE,./temp_files/logo/ATLAS CONCORDE.png,"atlas concorde, атлас конкорд, плитка atlas concorde, керамогранит atlas concorde, плитка, керамогранит, atlas concord, плитка конкорд, плитка atlas, поставщик, атлас конкорд италия, атлас конкорд сайт","Каталог керамической плитки и керамогранита ATLAS CONCORDE / АТЛАС КОНКОРД (Италия) от прямого поставщика КЕРАМОТЕКА. Низкие цены, скидки. Оптовые и розничные продажи. Материал в наличии.",ATLAS CONCORDE / АТЛАС КОНКОРД (Италия) Керамическая плитка и керамогранит от прямого поставщика - компании КЕРАМОТЕКА,Италия,GREENCOLORS,"atlas concorde greencolors, атлас конкорд гринколорс, керамогранит greencolors, моноколор, проекты, купить, поставщик, скидки, цены",Каталог керамического гранита ATLAS CONCORDE GREENCOLORS от прямого поставщика КЕРАМОТЕКА. Опт и розница. Скидки. Цены.,ATLAS CONCORDE GREENCOLORS / АТЛАС КОНКОРД ГРИНКОЛОРС - проектный глазурованный керамогранит 20х20 см для общественных пространств. КЕРАМОТЕКА.,Под заказ,$,https://www.keramoteka.ru/upload/uf/273/keramoteka-atlas-concorde-greencolors.pdf,Статус NHS - ОТСУТСВУЕТ,Керамогранит,Celeste,20X20 СМ,2I0J,./temp_files/img/ATLAS CONCORDE_GREENCOLORS_Celeste.jpg
ATLAS CONCORDE,./temp_files/logo/ATLAS CONCORDE.png,"atlas concorde, атлас конкорд, плитка atlas concorde, керамогранит atlas concorde, плитка, керамогранит, atlas concord, плитка конкорд, плитка atlas, поставщик, атлас конкорд италия, атлас конкорд сайт","Каталог керамической плитки и керамогранита ATLAS CONCORDE / АТЛАС КОНКОРД (Италия) от прямого поставщика КЕРАМОТЕКА. Низкие цены, скидки. Оптовые и розничные продажи. Материал в наличии.",ATLAS CONCORDE / АТЛАС КОНКОРД (Италия) Керамическая плитка и керамогранит от прямого поставщика - компании КЕРАМОТЕКА,Италия,GREENCOLORS,"atlas concorde greencolors, атлас конкорд гринколорс, керамогранит greencolors, моноколор, проекты, купить, поставщик, скидки, цены",Каталог керамического гранита ATLAS CONCORDE GREENCOLORS от прямого поставщика КЕРАМОТЕКА. Опт и розница. Скидки. Цены.,ATLAS CONCORDE GREENCOLORS / АТЛАС КОНКОРД ГРИНКОЛОРС - проектный глазурованный керамогранит 20х20 см для общественных пространств. КЕРАМОТЕКА.,Под заказ,$,https://www.keramoteka.ru/upload/uf/273/keramoteka-atlas-concorde-greencolors.pdf,Статус NHS - ОТСУТСВУЕТ,Керамогранит,Menta,20X20 СМ,2I0N,./temp_files/img/ATLAS CONCORDE_GREENCOLORS_Menta.jpg
ATLAS CONCORDE,./temp_files/logo/ATLAS CONCORDE.png,"atlas concorde, атлас конкорд, плитка atlas concorde, керамогранит atlas concorde, плитка, керамогранит, atlas concord, плитка конкорд, плитка atlas, поставщик, атлас конкорд италия, атлас конкорд сайт","Каталог керамической плитки и керамогранита ATLAS CONCORDE / АТЛАС КОНКОРД (Италия) от прямого поставщика КЕРАМОТЕКА. Низкие цены, скидки. Оптовые и розничные продажи. Материал в наличии.",ATLAS CONCORDE / АТЛАС КОНКОРД (Италия) Керамическая плитка и керамогранит от прямого поставщика - компании КЕРАМОТЕКА,Италия,GREENCOLORS,"atlas concorde greencolors, атлас конкорд гринколорс, керамогранит greencolors, моноколор, проекты, купить, поставщик, скидки, цены",Каталог керамического гранита ATLAS CONCORDE GREENCOLORS от прямого поставщика КЕРАМОТЕКА. Опт и розница. Скидки. Цены.,ATLAS CONCORDE GREENCOLORS / АТЛАС КОНКОРД ГРИНКОЛОРС - проектный глазурованный керамогранит 20х20 см для общественных пространств. КЕРАМОТЕКА.,Под заказ,$,https://www.keramoteka.ru/upload/uf/273/keramoteka-atlas-concorde-greencolors.pdf,Статус NHS - ОТСУТСВУЕТ,Керамогранит,Glicine,20X20 СМ,2I0Q,./temp_files/img/ATLAS CONCORDE_GREENCOLORS_Glicine.jpg
ATLAS CONCORDE,./temp_files/logo/ATLAS CONCORDE.png,"atlas concorde, атлас конкорд, плитка atlas concorde, керамогранит atlas concorde, плитка, керамогранит, atlas concord, плитка конкорд, плитка atlas, поставщик, атлас конкорд италия, атлас конкорд сайт","Каталог керамической плитки и керамогранита ATLAS CONCORDE / АТЛАС КОНКОРД (Италия) от прямого поставщика КЕРАМОТЕКА. Низкие цены, скидки. Оптовые и розничные продажи. Материал в наличии.",ATLAS CONCORDE / АТЛАС КОНКОРД (Италия) Керамическая плитка и керамогранит от прямого поставщика - компании КЕРАМОТЕКА,Италия,GREENCOLORS,"atlas concorde greencolors, атлас конкорд гринколорс, керамогранит greencolors, моноколор, проекты, купить, поставщик, скидки, цены",Каталог керамического гранита ATLAS CONCORDE GREENCOLORS от прямого поставщика КЕРАМОТЕКА. Опт и розница. Скидки. Цены.,ATLAS CONCORDE GREENCOLORS / АТЛАС КОНКОРД ГРИНКОЛОРС - проектный глазурованный керамогранит 20х20 см для общественных пространств. КЕРАМОТЕКА.,Под заказ,$,https://www.keramoteka.ru/upload/uf/273/keramoteka-atlas-concorde-greencolors.pdf,Статус NHS - ОТСУТСВУЕТ,Керамогранит,Fumo,20X20 СМ,2I0D,./temp_files/img/ATLAS CONCORDE_GREENCOLORS_Fumo.jpg
ATLAS CONCORDE,./temp_files/logo/ATLAS CONCORDE.png,"atlas concorde, атлас конкорд, плитка atlas concorde, керамогранит atlas concorde, плитка, керамогранит, atlas concord, плитка конкорд, плитка atlas, поставщик, атлас конкорд италия, атлас конкорд сайт","Каталог керамической плитки и керамогранита ATLAS CONCORDE / АТЛАС КОНКОРД (Италия) от прямого поставщика КЕРАМОТЕКА. Низкие цены, скидки. Оптовые и розничные продажи. Материал в наличии.",ATLAS CONCORDE / АТЛАС КОНКОРД (Италия) Керамическая плитка и керамогранит от прямого поставщика - компании КЕРАМОТЕКА,Италия,GREENCOLORS,"atlas concorde greencolors, атлас конкорд гринколорс, керамогранит greencolors, моноколор, проекты, купить, поставщик, скидки, цены",Каталог керамического гранита ATLAS CONCORDE GREENCOLORS от прямого поставщика КЕРАМОТЕКА. Опт и розница. Скидки. Цены.,ATLAS CONCORDE GREENCOLORS / АТЛАС КОНКОРД ГРИНКОЛОРС - проектный глазурованный керамогранит 20х20 см для общественных пространств. КЕРАМОТЕКА.,Под заказ,$,https://www.keramoteka.ru/upload/uf/273/keramoteka-atlas-concorde-greencolors.pdf,Статус NHS - ОТСУТСВУЕТ,Керамогранит,Notte,20X20 СМ,2I0E,./temp_files/img/ATLAS CONCORDE_GREENCOLORS_Notte.jpg
ATLAS CONCORDE,./temp_files/logo/ATLAS CONCORDE.png,"atlas concorde, атлас конкорд, плитка atlas concorde, керамогранит atlas concorde, плитка, керамогранит, atlas concord, плитка конкорд, плитка atlas, поставщик, атлас конкорд италия, атлас конкорд сайт","Каталог керамической плитки и керамогранита ATLAS CONCORDE / АТЛАС КОНКОРД (Италия) от прямого поставщика КЕРАМОТЕКА. Низкие цены, скидки. Оптовые и розничные продажи. Материал в наличии.",ATLAS CONCORDE / АТЛАС КОНКОРД (Италия) Керамическая плитка и керамогранит от прямого поставщика - компании КЕРАМОТЕКА,Италия,GREENCOLORS,"atlas concorde greencolors, атлас конкорд гринколорс, керамогранит greencolors, моноколор, проекты, купить, поставщик, скидки, цены",Каталог керамического гранита ATLAS CONCORDE GREENCOLORS от прямого поставщика КЕРАМОТЕКА. Опт и розница. Скидки. Цены.,ATLAS CONCORDE GREENCOLORS / АТЛАС КОНКОРД ГРИНКОЛОРС - проектный глазурованный керамогранит 20х20 см для общественных пространств. КЕРАМОТЕКА.,Под заказ,$,https://www.keramoteka.ru/upload/uf/273/keramoteka-atlas-concorde-greencolors.pdf,Статус NHS - ОТСУТСВУЕТ,Керамогранит,Fango,20X20 СМ,2I0I,./temp_files/img/ATLAS CONCORDE_GREENCOLORS_Fango.jpg
ATLAS CONCORDE,./temp_files/logo/ATLAS CONCORDE.png,"atlas concorde, атлас конкорд, плитка atlas concorde, керамогранит atlas concorde, плитка, керамогранит, atlas concord, плитка конкорд, плитка atlas, поставщик, атлас конкорд италия, атлас конкорд сайт","Каталог керамической плитки и керамогранита ATLAS CONCORDE / АТЛАС КОНКОРД (Италия) от прямого поставщика КЕРАМОТЕКА. Низкие цены, скидки. Оптовые и розничные продажи. Материал в наличии.",ATLAS CONCORDE / АТЛАС КОНКОРД (Италия) Керамическая плитка и керамогранит от прямого поставщика - компании КЕРАМОТЕКА,Италия,GREENCOLORS,"atlas concorde greencolors, атлас конкорд гринколорс, керамогранит greencolors, моноколор, проекты, купить, поставщик, скидки, цены",Каталог керамического гранита ATLAS CONCORDE GREENCOLORS от прямого поставщика КЕРАМОТЕКА. Опт и розница. Скидки. Цены.,ATLAS CONCORDE GREENCOLORS / АТЛАС КОНКОРД ГРИНКОЛОРС - проектный глазурованный керамогранит 20х20 см для общественных пространств. КЕРАМОТЕКА.,Под заказ,$,https://www.keramoteka.ru/upload/uf/273/keramoteka-atlas-concorde-greencolors.pdf,Статус NHS - ОТСУТСВУЕТ,Керамогранит,Moka,20X20 СМ,2I0K,./temp_files/img/ATLAS CONCORDE_GREENCOLORS_Moka.jpg
ATLAS CONCORDE,./temp_files/logo/ATLAS CONCORDE.png,"atlas concorde, атлас конкорд, плитка atlas concorde, керамогранит atlas concorde, плитка, керамогранит, atlas concord, плитка конкорд, плитка atlas, поставщик, атлас конкорд италия, атлас конкорд сайт","Каталог керамической плитки и керамогранита ATLAS CONCORDE / АТЛАС КОНКОРД (Италия) от прямого поставщика КЕРАМОТЕКА. Низкие цены, скидки. Оптовые и розничные продажи. Материал в наличии.",ATLAS CONCORDE / АТЛАС КОНКОРД (Италия) Керамическая плитка и керамогранит от прямого поставщика - компании КЕРАМОТЕКА,Италия,GREENCOLORS,"atlas concorde greencolors, атлас конкорд гринколорс, керамогранит greencolors, моноколор, проекты, купить, поставщик, скидки, цены",Каталог керамического гранита ATLAS CONCORDE GREENCOLORS от прямого поставщика КЕРАМОТЕКА. Опт и розница. Скидки. Цены.,ATLAS CONCORDE GREENCOLORS / АТЛАС КОНКОРД ГРИНКОЛОРС - проектный глазурованный керамогранит 20х20 см для общественных пространств. КЕРАМОТЕКА.,Под заказ,$,https://www.keramoteka.ru/upload/uf/273/keramoteka-atlas-concorde-greencolors.pdf,Статус NHS - ОТСУТСВУЕТ,Керамогранит,Indaco,20X20 СМ,2I0L,./temp_files/img/ATLAS CONCORDE_GREENCOLORS_Indaco.jpg
ATLAS CONCORDE,./temp_files/logo/ATLAS CONCORDE.png,"atlas concorde, атлас конкорд, плитка atlas concorde, керамогранит atlas concorde, плитка, керамогранит, atlas concord, плитка конкорд, плитка atlas, поставщик, атлас конкорд италия, атлас конкорд сайт","Каталог керамической плитки и керамогранита ATLAS CONCORDE / АТЛАС КОНКОРД (Италия) от прямого поставщика КЕРАМОТЕКА. Низкие цены, скидки. Оптовые и розничные продажи. Материал в наличии.",ATLAS CONCORDE / АТЛАС КОНКОРД (Италия) Керамическая плитка и керамогранит от прямого поставщика - компании КЕРАМОТЕКА,Италия,GREENCOLORS,"atlas concorde greencolors, атлас конкорд гринколорс, керамогранит greencolors, моноколор, проекты, купить, поставщик, скидки, цены",Каталог керамического гранита ATLAS CONCORDE GREENCOLORS от прямого поставщика КЕРАМОТЕКА. Опт и розница. Скидки. Цены.,ATLAS CONCORDE GREENCOLORS / АТЛАС КОНКОРД ГРИНКОЛОРС - проектный глазурованный керамогранит 20х20 см для общественных пространств. КЕРАМОТЕКА.,Под заказ,$,https://www.keramoteka.ru/upload/uf/273/keramoteka-atlas-concorde-greencolors.pdf,Статус NHS - ОТСУТСВУЕТ,Керамогранит,Lime,20X20 СМ,2I0O,./temp_files/img/ATLAS CONCORDE_GREENCOLORS_Lime.jpg
ATLAS CONCORDE,./temp_files/logo/ATLAS CONCORDE.png,"atlas concorde, атлас конкорд, плитка atlas concorde, керамогранит atlas concorde, плитка, керамогранит, atlas concord, плитка конкорд, плитка atlas, поставщик, атлас конкорд италия, атлас конкорд сайт","Каталог керамической плитки и керамогранита ATLAS CONCORDE / АТЛАС КОНКОРД (Италия) от прямого поставщика КЕРАМОТЕКА. Низкие цены, скидки. Оптовые и розничные продажи. Материал в наличии.",ATLAS CONCORDE / АТЛАС КОНКОРД (Италия) Керамическая плитка и керамогранит от прямого поставщика - компании КЕРАМОТЕКА,Италия,GREENCOLORS,"atlas concorde greencolors, атлас конкорд гринколорс, керамогранит greencolors, моноколор, проекты, купить, поставщик, скидки, цены",Каталог керамического гранита ATLAS CONCORDE GREENCOLORS от прямого поставщика КЕРАМОТЕКА. Опт и розница. Скидки. Цены.,ATLAS CONCORDE GREENCOLORS / АТЛАС КОНКОРД ГРИНКОЛОРС - проектный глазурованный керамогранит 20х20 см для общественных пространств. КЕРАМОТЕКА.,Под заказ,$,https://www.keramoteka.ru/upload/uf/273/keramoteka-atlas-concorde-greencolors.pdf,Статус NHS - ОТСУТСВУЕТ,Керамогранит,Lavanda,20X20 СМ,2I0R,./temp_files/img/ATLAS CONCORDE_GREENCOLORS_Lavanda.jpg
ATLAS CONCORDE,./temp_files/logo/ATLAS CONCORDE.png,"atlas concorde, атлас конкорд, плитка atlas concorde, керамогранит atlas concorde, плитка, керамогранит, atlas concord, плитка конкорд, плитка atlas, поставщик, атлас конкорд италия, атлас конкорд сайт","Каталог керамической плитки и керамогранита ATLAS CONCORDE / АТЛАС КОНКОРД (Италия) от прямого поставщика КЕРАМОТЕКА. Низкие цены, скидки. Оптовые и розничные продажи. Материал в наличии.",ATLAS CONCORDE / АТЛАС КОНКОРД (Италия) Керамическая плитка и керамогранит от прямого поставщика - компании КЕРАМОТЕКА,Италия,GREENCOLORS,"atlas concorde greencolors, атлас конкорд гринколорс, керамогранит greencolors, моноколор, проекты, купить, поставщик, скидки, цены",Каталог керамического гранита ATLAS CONCORDE GREENCOLORS от прямого поставщика КЕРАМОТЕКА. Опт и розница. Скидки. Цены.,ATLAS CONCORDE GREENCOLORS / АТЛАС КОНКОРД ГРИНКОЛОРС - проектный глазурованный керамогранит 20х20 см для общественных пространств. КЕРАМОТЕКА.,Под заказ,$,https://www.keramoteka.ru/upload/uf/273/keramoteka-atlas-concorde-greencolors.pdf,Статус NHS - ОТСУТСВУЕТ,Керамогранит,Mais,20X20 СМ,2I0W,./temp_files/img/ATLAS CONCORDE_GREENCOLORS_Mais.jpg
ATLAS CONCORDE,./temp_files/logo/ATLAS CONCORDE.png,"atlas concorde, атлас конкорд, плитка atlas concorde, керамогранит atlas concorde, плитка, керамогранит, atlas concord, плитка конкорд, плитка atlas, поставщик, атлас конкорд италия, атлас конкорд сайт","Каталог керамической плитки и керамогранита ATLAS CONCORDE / АТЛАС КОНКОРД (Италия) от прямого поставщика КЕРАМОТЕКА. Низкие цены, скидки. Оптовые и розничные продажи. Материал в наличии.",ATLAS CONCORDE / АТЛАС КОНКОРД (Италия) Керамическая плитка и керамогранит от прямого поставщика - компании КЕРАМОТЕКА,Италия,GREENCOLORS,"atlas concorde greencolors, атлас конкорд гринколорс, керамогранит greencolors, моноколор, проекты, купить, поставщик, скидки, цены",Каталог керамического гранита ATLAS CONCORDE GREENCOLORS от прямого поставщика КЕРАМОТЕКА. Опт и розница. Скидки. Цены.,ATLAS CONCORDE GREENCOLORS / АТЛАС КОНКОРД ГРИНКОЛОРС - проектный глазурованный керамогранит 20х20 см для общественных пространств. КЕРАМОТЕКА.,Под заказ,$,https://www.keramoteka.ru/upload/uf/273/keramoteka-atlas-concorde-greencolors.pdf,Статус NHS - ОТСУТСВУЕТ,Керамогранит,Zaffiro,20X20 СМ,2I0M,./temp_files/img/ATLAS CONCORDE_GREENCOLORS_Zaffiro.jpg
ATLAS CONCORDE,./temp_files/logo/ATLAS CONCORDE.png,"atlas concorde, атлас конкорд, плитка atlas concorde, керамогранит atlas concorde, плитка, керамогранит, atlas concord, плитка конкорд, плитка atlas, поставщик, атлас конкорд италия, атлас конкорд сайт","Каталог керамической плитки и керамогранита ATLAS CONCORDE / АТЛАС КОНКОРД (Италия) от прямого поставщика КЕРАМОТЕКА. Низкие цены, скидки. Оптовые и розничные продажи. Материал в наличии.",ATLAS CONCORDE / АТЛАС КОНКОРД (Италия) Керамическая плитка и керамогранит от прямого поставщика - компании КЕРАМОТЕКА,Италия,GREENCOLORS,"atlas concorde greencolors, атлас конкорд гринколорс, керамогранит greencolors, моноколор, проекты, купить, поставщик, скидки, цены",Каталог керамического гранита ATLAS CONCORDE GREENCOLORS от прямого поставщика КЕРАМОТЕКА. Опт и розница. Скидки. Цены.,ATLAS CONCORDE GREENCOLORS / АТЛАС КОНКОРД ГРИНКОЛОРС - проектный глазурованный керамогранит 20х20 см для общественных пространств. КЕРАМОТЕКА.,Под заказ,$,https://www.keramoteka.ru/upload/uf/273/keramoteka-atlas-concorde-greencolors.pdf,Статус NHS - ОТСУТСВУЕТ,Керамогранит,Prato,20X20 СМ,2I0P,./temp_files/img/ATLAS CONCORDE_GREENCOLORS_Prato.jpg
ATLAS CONCORDE,./temp_files/logo/ATLAS CONCORDE.png,"atlas concorde, атлас конкорд, плитка atlas concorde, керамогранит atlas concorde, плитка, керамогранит, atlas concord, плитка конкорд, плитка atlas, поставщик, атлас конкорд италия, атлас конкорд сайт","Каталог керамической плитки и керамогранита ATLAS CONCORDE / АТЛАС КОНКОРД (Италия) от прямого поставщика КЕРАМОТЕКА. Низкие цены, скидки. Оптовые и розничные продажи. Материал в наличии.",ATLAS CONCORDE / АТЛАС КОНКОРД (Италия) Керамическая плитка и керамогранит от прямого поставщика - компании КЕРАМОТЕКА,Италия,GREENCOLORS,"atlas concorde greencolors, атлас конкорд гринколорс, керамогранит greencolors, моноколор, проекты, купить, поставщик, скидки, цены",Каталог керамического гранита ATLAS CONCORDE GREENCOLORS от прямого поставщика КЕРАМОТЕКА. Опт и розница. Скидки. Цены.,ATLAS CONCORDE GREENCOLORS / АТЛАС КОНКОРД ГРИНКОЛОРС - проектный глазурованный керамогранит 20х20 см для общественных пространств. КЕРАМОТЕКА.,Под заказ,$,https://www.keramoteka.ru/upload/uf/273/keramoteka-atlas-concorde-greencolors.pdf,Статус NHS - ОТСУТСВУЕТ,Керамогранит,Malva,20X20 СМ,2I0S,./temp_files/img/ATLAS CONCORDE_GREENCOLORS_Malva.jpg
ATLAS CONCORDE,./temp_files/logo/ATLAS CONCORDE.png,"atlas concorde, атлас конкорд, плитка atlas concorde, керамогранит atlas concorde, плитка, керамогранит, atlas concord, плитка конкорд, плитка atlas, поставщик, атлас конкорд италия, атлас конкорд сайт","Каталог керамической плитки и керамогранита ATLAS CONCORDE / АТЛАС КОНКОРД (Италия) от прямого поставщика КЕРАМОТЕКА. Низкие цены, скидки. Оптовые и розничные продажи. Материал в наличии.",ATLAS CONCORDE / АТЛАС КОНКОРД (Италия) Керамическая плитка и керамогранит от прямого поставщика - компании КЕРАМОТЕКА,Италия,GREENCOLORS,"atlas concorde greencolors, атлас конкорд гринколорс, керамогранит greencolors, моноколор, проекты, купить, поставщик, скидки, цены",Каталог керамического гранита ATLAS CONCORDE GREENCOLORS от прямого поставщика КЕРАМОТЕКА. Опт и розница. Скидки. Цены.,ATLAS CONCORDE GREENCOLORS / АТЛАС КОНКОРД ГРИНКОЛОРС - проектный глазурованный керамогранит 20х20 см для общественных пространств. КЕРАМОТЕКА.,Под заказ,$,https://www.keramoteka.ru/upload/uf/273/keramoteka-atlas-concorde-greencolors.pdf,Статус NHS - ОТСУТСВУЕТ,Керамогранит,Mandarino,20X20 СМ,2I0U,./temp_files/img/ATLAS CONCORDE_GREENCOLORS_Mandarino.jpg
ATLAS CONCORDE,./temp_files/logo/ATLAS CONCORDE.png,"atlas concorde, атлас конкорд, плитка atlas concorde, керамогранит atlas concorde, плитка, керамогранит, atlas concord, плитка конкорд, плитка atlas, поставщик, атлас конкорд италия, атлас конкорд сайт","Каталог керамической плитки и керамогранита ATLAS CONCORDE / АТЛАС КОНКОРД (Италия) от прямого поставщика КЕРАМОТЕКА. Низкие цены, скидки. Оптовые и розничные продажи. Материал в наличии.",ATLAS CONCORDE / АТЛАС КОНКОРД (Италия) Керамическая плитка и керамогранит от прямого поставщика - компании КЕРАМОТЕКА,Италия,GREENCOLORS,"atlas concorde greencolors, атлас конкорд гринколорс, керамогранит greencolors, моноколор, проекты, купить, поставщик, скидки, цены",Каталог керамического гранита ATLAS CONCORDE GREENCOLORS от прямого поставщика КЕРАМОТЕКА. Опт и розница. Скидки. Цены.,ATLAS CONCORDE GREENCOLORS / АТЛАС КОНКОРД ГРИНКОЛОРС - проектный глазурованный керамогранит 20х20 см для общественных пространств. КЕРАМОТЕКА.,Под заказ,$,https://www.keramoteka.ru/upload/uf/273/keramoteka-atlas-concorde-greencolors.pdf,Статус NHS - ОТСУТСВУЕТ,Керамогранит,Cremisi,20X20 СМ,2I0T,./temp_files/img/ATLAS CONCORDE_GREENCOLORS_Cremisi.jpg
ATLAS CONCORDE,./temp_files/logo/ATLAS CONCORDE.png,"atlas concorde, атлас конкорд, плитка atlas concorde, керамогранит atlas concorde, плитка, керамогранит, atlas concord, плитка конкорд, плитка atlas, поставщик, атлас конкорд италия, атлас конкорд сайт","Каталог керамической плитки и керамогранита ATLAS CONCORDE / АТЛАС КОНКОРД (Италия) от прямого поставщика КЕРАМОТЕКА. Низкие цены, скидки. Оптовые и розничные продажи. Материал в наличии.",ATLAS CONCORDE / АТЛАС КОНКОРД (Италия) Керамическая плитка и керамогранит от прямого поставщика - компании КЕРАМОТЕКА,Италия,GREENCOLORS,"atlas concorde greencolors, атлас конкорд гринколорс, керамогранит greencolors, моноколор, проекты, купить, поставщик, скидки, цены",Каталог керамического гранита ATLAS CONCORDE GREENCOLORS от прямого поставщика КЕРАМОТЕКА. Опт и розница. Скидки. Цены.,ATLAS CONCORDE GREENCOLORS / АТЛАС КОНКОРД ГРИНКОЛОРС - проектный глазурованный керамогранит 20х20 см для общественных пространств. КЕРАМОТЕКА.,Под заказ,$,https://www.keramoteka.ru/upload/uf/273/keramoteka-atlas-concorde-greencolors.pdf,Статус NHS - ОТСУТСВУЕТ,Керамогранит,Neve Grip,20X20 СМ,2I01,./temp_files/img/ATLAS CONCORDE_GREENCOLORS_Neve Grip.jpg
ATLAS CONCORDE,./temp_files/logo/ATLAS CONCORDE.png,"atlas concorde, атлас конкорд, плитка atlas concorde, керамогранит atlas concorde, плитка, керамогранит, atlas concord, плитка конкорд, плитка atlas, поставщик, атлас конкорд италия, атлас конкорд сайт","Каталог керамической плитки и керамогранита ATLAS CONCORDE / АТЛАС КОНКОРД (Италия) от прямого поставщика КЕРАМОТЕКА. Низкие цены, скидки. Оптовые и розничные продажи. Материал в наличии.",ATLAS CONCORDE / АТЛАС КОНКОРД (Италия) Керамическая плитка и керамогранит от прямого поставщика - компании КЕРАМОТЕКА,Италия,GREENCOLORS,"atlas concorde greencolors, атлас конкорд гринколорс, керамогранит greencolors, моноколор, проекты, купить, поставщик, скидки, цены",Каталог керамического гранита ATLAS CONCORDE GREENCOLORS от прямого поставщика КЕРАМОТЕКА. Опт и розница. Скидки. Цены.,ATLAS CONCORDE GREENCOLORS / АТЛАС КОНКОРД ГРИНКОЛОРС - проектный глазурованный керамогранит 20х20 см для общественных пространств. КЕРАМОТЕКА.,Под заказ,$,https://www.keramoteka.ru/upload/uf/273/keramoteka-atlas-concorde-greencolors.pdf,Статус NHS - ОТСУТСВУЕТ,Керамогранит,Cemento Grip,20X20 СМ,2I03,./temp_files/img/ATLAS CONCORDE_GREENCOLORS_Cemento Grip.jpg
ATLAS CONCORDE,./temp_files/logo/ATLAS CONCORDE.png,"atlas concorde, атлас конкорд, плитка atlas concorde, керамогранит atlas concorde, плитка, керамогранит, atlas concord, плитка конкорд, плитка atlas, поставщик, атлас конкорд италия, атлас конкорд сайт","Каталог керамической плитки и керамогранита ATLAS CONCORDE / АТЛАС КОНКОРД (Италия) от прямого поставщика КЕРАМОТЕКА. Низкие цены, скидки. Оптовые и розничные продажи. Материал в наличии.",ATLAS CONCORDE / АТЛАС КОНКОРД (Италия) Керамическая плитка и керамогранит от прямого поставщика - компании КЕРАМОТЕКА,Италия,GREENCOLORS,"atlas concorde greencolors, атлас конкорд гринколорс, керамогранит greencolors, моноколор, проекты, купить, поставщик, скидки, цены",Каталог керамического гранита ATLAS CONCORDE GREENCOLORS от прямого поставщика КЕРАМОТЕКА. Опт и розница. Скидки. Цены.,ATLAS CONCORDE GREENCOLORS / АТЛАС КОНКОРД ГРИНКОЛОРС - проектный глазурованный керамогранит 20х20 см для общественных пространств. КЕРАМОТЕКА.,Под заказ,$,https://www.keramoteka.ru/upload/uf/273/keramoteka-atlas-concorde-greencolors.pdf,Статус NHS - ОТСУТСВУЕТ,Керамогранит,Avorio Grip,20X20 СМ,2I04,./temp_files/img/ATLAS CONCORDE_GREENCOLORS_Avorio Grip.jpg
ATLAS CONCORDE,./temp_files/logo/ATLAS CONCORDE.png,"atlas concorde, атлас конкорд, плитка atlas concorde, керамогранит atlas concorde, плитка, керамогранит, atlas concord, плитка конкорд, плитка atlas, поставщик, атлас конкорд италия, атлас конкорд сайт","Каталог керамической плитки и керамогранита ATLAS CONCORDE / АТЛАС КОНКОРД (Италия) от прямого поставщика КЕРАМОТЕКА. Низкие цены, скидки. Оптовые и розничные продажи. Материал в наличии.",ATLAS CONCORDE / АТЛАС КОНКОРД (Италия) Керамическая плитка и керамогранит от прямого поставщика - компании КЕРАМОТЕКА,Италия,GREENCOLORS,"atlas concorde greencolors, атлас конкорд гринколорс, керамогранит greencolors, моноколор, проекты, купить, поставщик, скидки, цены",Каталог керамического гранита ATLAS CONCORDE GREENCOLORS от прямого поставщика КЕРАМОТЕКА. Опт и розница. Скидки. Цены.,ATLAS CONCORDE GREENCOLORS / АТЛАС КОНКОРД ГРИНКОЛОРС - проектный глазурованный керамогранит 20х20 см для общественных пространств. КЕРАМОТЕКА.,Под заказ,$,https://www.keramoteka.ru/upload/uf/273/keramoteka-atlas-concorde-greencolors.pdf,Статус NHS - ОТСУТСВУЕТ,Керамогранит,Corda Grip,20X20 СМ,2I06,./temp_files/img/ATLAS CONCORDE_GREENCOLORS_Corda Grip.jpg
ATLAS CONCORDE,./temp_files/logo/ATLAS CONCORDE.png,"atlas concorde, атлас конкорд, плитка atlas concorde, керамогранит atlas concorde, плитка, керамогранит, atlas concord, плитка конкорд, плитка atlas, поставщик, атлас конкорд италия, атлас конкорд сайт","Каталог керамической плитки и керамогранита ATLAS CONCORDE / АТЛАС КОНКОРД (Италия) от прямого поставщика КЕРАМОТЕКА. Низкие цены, скидки. Оптовые и розничные продажи. Материал в наличии.",ATLAS CONCORDE / АТЛАС КОНКОРД (Италия) Керамическая плитка и керамогранит от прямого поставщика - компании КЕРАМОТЕКА,Италия,GREENCOLORS,"atlas concorde greencolors, атлас конкорд гринколорс, керамогранит greencolors, моноколор, проекты, купить, поставщик, скидки, цены",Каталог керамического гранита ATLAS CONCORDE GREENCOLORS от прямого поставщика КЕРАМОТЕКА. Опт и розница. Скидки. Цены.,ATLAS CONCORDE GREENCOLORS / АТЛАС КОНКОРД ГРИНКОЛОРС - проектный глазурованный керамогранит 20х20 см для общественных пространств. КЕРАМОТЕКА.,Под заказ,$,https://www.keramoteka.ru/upload/uf/273/keramoteka-atlas-concorde-greencolors.pdf,Статус NHS - ОТСУТСВУЕТ,Керамогранит,Menta Grip,20X20 СМ,2I07,./temp_files/img/ATLAS CONCORDE_GREENCOLORS_Menta Grip.jpg
ATLAS CONCORDE,./temp_files/logo/ATLAS CONCORDE.png,"atlas concorde, атлас конкорд, плитка atlas concorde, керамогранит atlas concorde, плитка, керамогранит, atlas concord, плитка конкорд, плитка atlas, поставщик, атлас конкорд италия, атлас конкорд сайт","Каталог керамической плитки и керамогранита ATLAS CONCORDE / АТЛАС КОНКОРД (Италия) от прямого поставщика КЕРАМОТЕКА. Низкие цены, скидки. Оптовые и розничные продажи. Материал в наличии.",ATLAS CONCORDE / АТЛАС КОНКОРД (Италия) Керамическая плитка и керамогранит от прямого поставщика - компании КЕРАМОТЕКА,Италия,GREENCOLORS,"atlas concorde greencolors, атлас конкорд гринколорс, керамогранит greencolors, моноколор, проекты, купить, поставщик, скидки, цены",Каталог керамического гранита ATLAS CONCORDE GREENCOLORS от прямого поставщика КЕРАМОТЕКА. Опт и розница. Скидки. Цены.,ATLAS CONCORDE GREENCOLORS / АТЛАС КОНКОРД ГРИНКОЛОРС - проектный глазурованный керамогранит 20х20 см для общественных пространств. КЕРАМОТЕКА.,Под заказ,$,https://www.keramoteka.ru/upload/uf/273/keramoteka-atlas-concorde-greencolors.pdf,Статус NHS - ОТСУТСВУЕТ,Керамогранит,Indaco Grip,20X20 СМ,2I08,./temp_files/img/ATLAS CONCORDE_GREENCOLORS_Indaco Grip.jpg
ATLAS CONCORDE,./temp_files/logo/ATLAS CONCORDE.png,"atlas concorde, атлас конкорд, плитка atlas concorde, керамогранит atlas concorde, плитка, керамогранит, atlas concord, плитка конкорд, плитка atlas, поставщик, атлас конкорд италия, атлас конкорд сайт","Каталог керамической плитки и керамогранита ATLAS CONCORDE / АТЛАС КОНКОРД (Италия) от прямого поставщика КЕРАМОТЕКА. Низкие цены, скидки. Оптовые и розничные продажи. Материал в наличии.",ATLAS CONCORDE / АТЛАС КОНКОРД (Италия) Керамическая плитка и керамогранит от прямого поставщика - компании КЕРАМОТЕКА,Италия,GREENCOLORS,"atlas concorde greencolors, атлас конкорд гринколорс, керамогранит greencolors, моноколор, проекты, купить, поставщик, скидки, цены",Каталог керамического гранита ATLAS CONCORDE GREENCOLORS от прямого поставщика КЕРАМОТЕКА. Опт и розница. Скидки. Цены.,ATLAS CONCORDE GREENCOLORS / АТЛАС КОНКОРД ГРИНКОЛОРС - проектный глазурованный керамогранит 20х20 см для общественных пространств. КЕРАМОТЕКА.,Под заказ,$,https://www.keramoteka.ru/upload/uf/273/keramoteka-atlas-concorde-greencolors.pdf,Статус NHS - ОТСУТСВУЕТ,Спецэлементы,Внешний угол Neve Canaletta Est.,3X20 СМ,AKAB,./temp_files/img/ATLAS CONCORDE_GREENCOLORS_Внешний угол Neve Canaletta Est..jpg
ATLAS CONCORDE,./temp_files/logo/ATLAS CONCORDE.png,"atlas concorde, атлас конкорд, плитка atlas concorde, керамогранит atlas concorde, плитка, керамогранит, atlas concord, плитка конкорд, плитка atlas, поставщик, атлас конкорд италия, атлас конкорд сайт","Каталог керамической плитки и керамогранита ATLAS CONCORDE / АТЛАС КОНКОРД (Италия) от прямого поставщика КЕРАМОТЕКА. Низкие цены, скидки. Оптовые и розничные продажи. Материал в наличии.",ATLAS CONCORDE / АТЛАС КОНКОРД (Италия) Керамическая плитка и керамогранит от прямого поставщика - компании КЕРАМОТЕКА,Италия,GREENCOLORS,"atlas concorde greencolors, атлас конкорд гринколорс, керамогранит greencolors, моноколор, проекты, купить, поставщик, скидки, цены",Каталог керамического гранита ATLAS CONCORDE GREENCOLORS от прямого поставщика КЕРАМОТЕКА. Опт и розница. Скидки. Цены.,ATLAS CONCORDE GREENCOLORS / АТЛАС КОНКОРД ГРИНКОЛОРС - проектный глазурованный керамогранит 20х20 см для общественных пространств. КЕРАМОТЕКА.,Под заказ,$,https://www.keramoteka.ru/upload/uf/273/keramoteka-atlas-concorde-greencolors.pdf,Статус NHS - ОТСУТСВУЕТ,Спецэлементы,Внешний угол Cemento Canaletta Est.,3X20 СМ,AKAC,./temp_files/img/ATLAS CONCORDE_GREENCOLORS_Внешний угол Cemento Canaletta Est..jpg
ATLAS CONCORDE,./temp_files/logo/ATLAS CONCORDE.png,"atlas concorde, атлас конкорд, плитка atlas concorde, керамогранит atlas concorde, плитка, керамогранит, atlas concord, плитка конкорд, плитка atlas, поставщик, атлас конкорд италия, атлас конкорд сайт","Каталог керамической плитки и керамогранита ATLAS CONCORDE / АТЛАС КОНКОРД (Италия) от прямого поставщика КЕРАМОТЕКА. Низкие цены, скидки. Оптовые и розничные продажи. Материал в наличии.",ATLAS CONCORDE / АТЛАС КОНКОРД (Италия) Керамическая плитка и керамогранит от прямого поставщика - компании КЕРАМОТЕКА,Италия,GREENCOLORS,"atlas concorde greencolors, атлас конкорд гринколорс, керамогранит greencolors, моноколор, проекты, купить, поставщик, скидки, цены",Каталог керамического гранита ATLAS CONCORDE GREENCOLORS от прямого поставщика КЕРАМОТЕКА. Опт и розница. Скидки. Цены.,ATLAS CONCORDE GREENCOLORS / АТЛАС КОНКОРД ГРИНКОЛОРС - проектный глазурованный керамогранит 20х20 см для общественных пространств. КЕРАМОТЕКА.,Под заказ,$,https://www.keramoteka.ru/upload/uf/273/keramoteka-atlas-concorde-greencolors.pdf,Статус NHS - ОТСУТСВУЕТ,Спецэлементы,Внешний угол Avorio Canaletta Est.,3X20 СМ,AKAD,./temp_files/img/ATLAS CONCORDE_GREENCOLORS_Внешний угол Avorio Canaletta Est..jpg
ATLAS CONCORDE,./temp_files/logo/ATLAS CONCORDE.png,"atlas concorde, атлас конкорд, плитка atlas concorde, керамогранит atlas concorde, плитка, керамогранит, atlas concord, плитка конкорд, плитка atlas, поставщик, атлас конкорд италия, атлас конкорд сайт","Каталог керамической плитки и керамогранита ATLAS CONCORDE / АТЛАС КОНКОРД (Италия) от прямого поставщика КЕРАМОТЕКА. Низкие цены, скидки. Оптовые и розничные продажи. Материал в наличии.",ATLAS CONCORDE / АТЛАС КОНКОРД (Италия) Керамическая плитка и керамогранит от прямого поставщика - компании КЕРАМОТЕКА,Италия,GREENCOLORS,"atlas concorde greencolors, атлас конкорд гринколорс, керамогранит greencolors, моноколор, проекты, купить, поставщик, скидки, цены",Каталог керамического гранита ATLAS CONCORDE GREENCOLORS от прямого поставщика КЕРАМОТЕКА. Опт и розница. Скидки. Цены.,ATLAS CONCORDE GREENCOLORS / АТЛАС КОНКОРД ГРИНКОЛОРС - проектный глазурованный керамогранит 20х20 см для общественных пространств. КЕРАМОТЕКА.,Под заказ,$,https://www.keramoteka.ru/upload/uf/273/keramoteka-atlas-concorde-greencolors.pdf,Статус NHS - ОТСУТСВУЕТ,Спецэлементы,Внешний угол Corda Canaletta Est.,3X20 СМ,AKAE,./temp_files/img/ATLAS CONCORDE_GREENCOLORS_Внешний угол Corda Canaletta Est..jpg
ATLAS CONCORDE,./temp_files/logo/ATLAS CONCORDE.png,"atlas concorde, атлас конкорд, плитка atlas concorde, керамогранит atlas concorde, плитка, керамогранит, atlas concord, плитка конкорд, плитка atlas, поставщик, атлас конкорд италия, атлас конкорд сайт","Каталог керамической плитки и керамогранита ATLAS CONCORDE / АТЛАС КОНКОРД (Италия) от прямого поставщика КЕРАМОТЕКА. Низкие цены, скидки. Оптовые и розничные продажи. Материал в наличии.",ATLAS CONCORDE / АТЛАС КОНКОРД (Италия) Керамическая плитка и керамогранит от прямого поставщика - компании КЕРАМОТЕКА,Италия,GREENCOLORS,"atlas concorde greencolors, атлас конкорд гринколорс, керамогранит greencolors, моноколор, проекты, купить, поставщик, скидки, цены",Каталог керамического гранита ATLAS CONCORDE GREENCOLORS от прямого поставщика КЕРАМОТЕКА. Опт и розница. Скидки. Цены.,ATLAS CONCORDE GREENCOLORS / АТЛАС КОНКОРД ГРИНКОЛОРС - проектный глазурованный керамогранит 20х20 см для общественных пространств. КЕРАМОТЕКА.,Под заказ,$,https://www.keramoteka.ru/upload/uf/273/keramoteka-atlas-concorde-greencolors.pdf,Статус NHS - ОТСУТСВУЕТ,Спецэлементы,Внешний угол Menta Canaletta Est.,3X20 СМ,AKAF,./temp_files/img/ATLAS CONCORDE_GREENCOLORS_Внешний угол Menta Canaletta Est..jpg
ATLAS CONCORDE,./temp_files/logo/ATLAS CONCORDE.png,"atlas concorde, атлас конкорд, плитка atlas concorde, керамогранит atlas concorde, плитка, керамогранит, atlas concord, плитка конкорд, плитка atlas, поставщик, атлас конкорд италия, атлас конкорд сайт","Каталог керамической плитки и керамогранита ATLAS CONCORDE / АТЛАС КОНКОРД (Италия) от прямого поставщика КЕРАМОТЕКА. Низкие цены, скидки. Оптовые и розничные продажи. Материал в наличии.",ATLAS CONCORDE / АТЛАС КОНКОРД (Италия) Керамическая плитка и керамогранит от прямого поставщика - компании КЕРАМОТЕКА,Италия,GREENCOLORS,"atlas concorde greencolors, атлас конкорд гринколорс, керамогранит greencolors, моноколор, проекты, купить, поставщик, скидки, цены",Каталог керамического гранита ATLAS CONCORDE GREENCOLORS от прямого поставщика КЕРАМОТЕКА. Опт и розница. Скидки. Цены.,ATLAS CONCORDE GREENCOLORS / АТЛАС КОНКОРД ГРИНКОЛОРС - проектный глазурованный керамогранит 20х20 см для общественных пространств. КЕРАМОТЕКА.,Под заказ,$,https://www.keramoteka.ru/upload/uf/273/keramoteka-atlas-concorde-greencolors.pdf,Статус NHS - ОТСУТСВУЕТ,Спецэлементы,Внешний угол Indaco Canaletta Est.,3X20 СМ,AKAG,./temp_files/img/ATLAS CONCORDE_GREENCOLORS_Внешний угол Indaco Canaletta Est..jpg
ATLAS CONCORDE,./temp_files/logo/ATLAS CONCORDE.png,"atlas concorde, атлас конкорд, плитка atlas concorde, керамогранит atlas concorde, плитка, керамогранит, atlas concord, плитка конкорд, плитка atlas, поставщик, атлас конкорд италия, атлас конкорд сайт","Каталог керамической плитки и керамогранита ATLAS CONCORDE / АТЛАС КОНКОРД (Италия) от прямого поставщика КЕРАМОТЕКА. Низкие цены, скидки. Оптовые и розничные продажи. Материал в наличии.",ATLAS CONCORDE / АТЛАС КОНКОРД (Италия) Керамическая плитка и керамогранит от прямого поставщика - компании КЕРАМОТЕКА,Италия,GREENCOLORS,"atlas concorde greencolors, атлас конкорд гринколорс, керамогранит greencolors, моноколор, проекты, купить, поставщик, скидки, цены",Каталог керамического гранита ATLAS CONCORDE GREENCOLORS от прямого поставщика КЕРАМОТЕКА. Опт и розница. Скидки. Цены.,ATLAS CONCORDE GREENCOLORS / АТЛАС КОНКОРД ГРИНКОЛОРС - проектный глазурованный керамогранит 20х20 см для общественных пространств. КЕРАМОТЕКА.,Под заказ,$,https://www.keramoteka.ru/upload/uf/273/keramoteka-atlas-concorde-greencolors.pdf,Статус NHS - ОТСУТСВУЕТ,Спецэлементы,Внутренний угол Neve Canaletta Int.,3X20 СМ,AKAH,./temp_files/img/ATLAS CONCORDE_GREENCOLORS_Внутренний угол Neve Canaletta Int..jpg
ATLAS CONCORDE,./temp_files/logo/ATLAS CONCORDE.png,"atlas concorde, атлас конкорд, плитка atlas concorde, керамогранит atlas concorde, плитка, керамогранит, atlas concord, плитка конкорд, плитка atlas, поставщик, атлас конкорд италия, атлас конкорд сайт","Каталог керамической плитки и керамогранита ATLAS CONCORDE / АТЛАС КОНКОРД (Италия) от прямого поставщика КЕРАМОТЕКА. Низкие цены, скидки. Оптовые и розничные продажи. Материал в наличии.",ATLAS CONCORDE / АТЛАС КОНКОРД (Италия) Керамическая плитка и керамогранит от прямого поставщика - компании КЕРАМОТЕКА,Италия,GREENCOLORS,"atlas concorde greencolors, атлас конкорд гринколорс, керамогранит greencolors, моноколор, проекты, купить, поставщик, скидки, цены",Каталог керамического гранита ATLAS CONCORDE GREENCOLORS от прямого поставщика КЕРАМОТЕКА. Опт и розница. Скидки. Цены.,ATLAS CONCORDE GREENCOLORS / АТЛАС КОНКОРД ГРИНКОЛОРС - проектный глазурованный керамогранит 20х20 см для общественных пространств. КЕРАМОТЕКА.,Под заказ,$,https://www.keramoteka.ru/upload/uf/273/keramoteka-atlas-concorde-greencolors.pdf,Статус NHS - ОТСУТСВУЕТ,Спецэлементы,Внутренний угол Cemento Canaletta Int.,3X20 СМ,AKAI,./temp_files/img/ATLAS CONCORDE_GREENCOLORS_Внутренний угол Cemento Canaletta Int..jpg
ATLAS CONCORDE,./temp_files/logo/ATLAS CONCORDE.png,"atlas concorde, атлас конкорд, плитка atlas concorde, керамогранит atlas concorde, плитка, керамогранит, atlas concord, плитка конкорд, плитка atlas, поставщик, атлас конкорд италия, атлас конкорд сайт","Каталог керамической плитки и керамогранита ATLAS CONCORDE / АТЛАС КОНКОРД (Италия) от прямого поставщика КЕРАМОТЕКА. Низкие цены, скидки. Оптовые и розничные продажи. Материал в наличии.",ATLAS CONCORDE / АТЛАС КОНКОРД (Италия) Керамическая плитка и керамогранит от прямого поставщика - компании КЕРАМОТЕКА,Италия,GREENCOLORS,"atlas concorde greencolors, атлас конкорд гринколорс, керамогранит greencolors, моноколор, проекты, купить, поставщик, скидки, цены",Каталог керамического гранита ATLAS CONCORDE GREENCOLORS от прямого поставщика КЕРАМОТЕКА. Опт и розница. Скидки. Цены.,ATLAS CONCORDE GREENCOLORS / АТЛАС КОНКОРД ГРИНКОЛОРС - проектный глазурованный керамогранит 20х20 см для общественных пространств. КЕРАМОТЕКА.,Под заказ,$,https://www.keramoteka.ru/upload/uf/273/keramoteka-atlas-concorde-greencolors.pdf,Статус NHS - ОТСУТСВУЕТ,Спецэлементы,Внутренний угол Avorio Canaletta Int.,3X20 СМ,AKAJ,./temp_files/img/ATLAS CONCORDE_GREENCOLORS_Внутренний угол Avorio Canaletta Int..jpg
ATLAS CONCORDE,./temp_files/logo/ATLAS CONCORDE.png,"atlas concorde, атлас конкорд, плитка atlas concorde, керамогранит atlas concorde, плитка, керамогранит, atlas concord, плитка конкорд, плитка atlas, поставщик, атлас конкорд италия, атлас конкорд сайт","Каталог керамической плитки и керамогранита ATLAS CONCORDE / АТЛАС КОНКОРД (Италия) от прямого поставщика КЕРАМОТЕКА. Низкие цены, скидки. Оптовые и розничные продажи. Материал в наличии.",ATLAS CONCORDE / АТЛАС КОНКОРД (Италия) Керамическая плитка и керамогранит от прямого поставщика - компании КЕРАМОТЕКА,Италия,GREENCOLORS,"atlas concorde greencolors, атлас конкорд гринколорс, керамогранит greencolors, моноколор, проекты, купить, поставщик, скидки, цены",Каталог керамического гранита ATLAS CONCORDE GREENCOLORS от прямого поставщика КЕРАМОТЕКА. Опт и розница. Скидки. Цены.,ATLAS CONCORDE GREENCOLORS / АТЛАС КОНКОРД ГРИНКОЛОРС - проектный глазурованный керамогранит 20х20 см для общественных пространств. КЕРАМОТЕКА.,Под заказ,$,https://www.keramoteka.ru/upload/uf/273/keramoteka-atlas-concorde-greencolors.pdf,Статус NHS - ОТСУТСВУЕТ,Спецэлементы,Внутренний угол Corda Canaletta Int.,3X20 СМ,AKAK,./temp_files/img/ATLAS CONCORDE_GREENCOLORS_Внутренний угол Corda Canaletta Int..jpg
ATLAS CONCORDE,./temp_files/logo/ATLAS CONCORDE.png,"atlas concorde, атлас конкорд, плитка atlas concorde, керамогранит atlas concorde, плитка, керамогранит, atlas concord, плитка конкорд, плитка atlas, поставщик, атлас конкорд италия, атлас конкорд сайт","Каталог керамической плитки и керамогранита ATLAS CONCORDE / АТЛАС КОНКОРД (Италия) от прямого поставщика КЕРАМОТЕКА. Низкие цены, скидки. Оптовые и розничные продажи. Материал в наличии.",ATLAS CONCORDE / АТЛАС КОНКОРД (Италия) Керамическая плитка и керамогранит от прямого поставщика - компании КЕРАМОТЕКА,Италия,GREENCOLORS,"atlas concorde greencolors, атлас конкорд гринколорс, керамогранит greencolors, моноколор, проекты, купить, поставщик, скидки, цены",Каталог керамического гранита ATLAS CONCORDE GREENCOLORS от прямого поставщика КЕРАМОТЕКА. Опт и розница. Скидки. Цены.,ATLAS CONCORDE GREENCOLORS / АТЛАС КОНКОРД ГРИНКОЛОРС - проектный глазурованный керамогранит 20х20 см для общественных пространств. КЕРАМОТЕКА.,Под заказ,$,https://www.keramoteka.ru/upload/uf/273/keramoteka-atlas-concorde-greencolors.pdf,Статус NHS - ОТСУТСВУЕТ,Спецэлементы,Внутренний угол Menta Canaletta Int.,3X20 СМ,AKAL,./temp_files/img/ATLAS CONCORDE_GREENCOLORS_Внутренний угол Menta Canaletta Int..jpg
ATLAS CONCORDE,./temp_files/logo/ATLAS CONCORDE.png,"atlas concorde, атлас конкорд, плитка atlas concorde, керамогранит atlas concorde, плитка, керамогранит, atlas concord, плитка конкорд, плитка atlas, поставщик, атлас конкорд италия, атлас конкорд сайт","Каталог керамической плитки и керамогранита ATLAS CONCORDE / АТЛАС КОНКОРД (Италия) от прямого поставщика КЕРАМОТЕКА. Низкие цены, скидки. Оптовые и розничные продажи. Материал в наличии.",ATLAS CONCORDE / АТЛАС КОНКОРД (Италия) Керамическая плитка и керамогранит от прямого поставщика - компании КЕРАМОТЕКА,Италия,GREENCOLORS,"atlas concorde greencolors, атлас конкорд гринколорс, керамогранит greencolors, моноколор, проекты, купить, поставщик, скидки, цены",Каталог керамического гранита ATLAS CONCORDE GREENCOLORS от прямого поставщика КЕРАМОТЕКА. Опт и розница. Скидки. Цены.,ATLAS CONCORDE GREENCOLORS / АТЛАС КОНКОРД ГРИНКОЛОРС - проектный глазурованный керамогранит 20х20 см для общественных пространств. КЕРАМОТЕКА.,Под заказ,$,https://www.keramoteka.ru/upload/uf/273/keramoteka-atlas-concorde-greencolors.pdf,Статус NHS - ОТСУТСВУЕТ,Спецэлементы,Внутренний угол Indaco Canaletta Int.,3X20 СМ,AKAM,./temp_files/img/ATLAS CONCORDE_GREENCOLORS_Внутренний угол Indaco Canaletta Int..jpg
ATLAS CONCORDE,./temp_files/logo/ATLAS CONCORDE.png,"atlas concorde, атлас конкорд, плитка atlas concorde, керамогранит atlas concorde, плитка, керамогранит, atlas concord, плитка конкорд, плитка atlas, поставщик, атлас конкорд италия, атлас конкорд сайт","Каталог керамической плитки и керамогранита ATLAS CONCORDE / АТЛАС КОНКОРД (Италия) от прямого поставщика КЕРАМОТЕКА. Низкие цены, скидки. Оптовые и розничные продажи. Материал в наличии.",ATLAS CONCORDE / АТЛАС КОНКОРД (Италия) Керамическая плитка и керамогранит от прямого поставщика - компании КЕРАМОТЕКА,Италия,GREENCOLORS,"atlas concorde greencolors, атлас конкорд гринколорс, керамогранит greencolors, моноколор, проекты, купить, поставщик, скидки, цены",Каталог керамического гранита ATLAS CONCORDE GREENCOLORS от прямого поставщика КЕРАМОТЕКА. Опт и розница. Скидки. Цены.,ATLAS CONCORDE GREENCOLORS / АТЛАС КОНКОРД ГРИНКОЛОРС - проектный глазурованный керамогранит 20х20 см для общественных пространств. КЕРАМОТЕКА.,Под заказ,$,https://www.keramoteka.ru/upload/uf/273/keramoteka-atlas-concorde-greencolors.pdf,Статус NHS - ОТСУТСВУЕТ,Спецэлементы,Внешний угол Neve Canaletta Angolo Est.,3X3 СМ,AKAN,./temp_files/img/ATLAS CONCORDE_GREENCOLORS_Внешний угол Neve Canaletta Angolo Est..jpg
ATLAS CONCORDE,./temp_files/logo/ATLAS CONCORDE.png,"atlas concorde, атлас конкорд, плитка atlas concorde, керамогранит atlas concorde, плитка, керамогранит, atlas concord, плитка конкорд, плитка atlas, поставщик, атлас конкорд италия, атлас конкорд сайт","Каталог керамической плитки и керамогранита ATLAS CONCORDE / АТЛАС КОНКОРД (Италия) от прямого поставщика КЕРАМОТЕКА. Низкие цены, скидки. Оптовые и розничные продажи. Материал в наличии.",ATLAS CONCORDE / АТЛАС КОНКОРД (Италия) Керамическая плитка и керамогранит от прямого поставщика - компании КЕРАМОТЕКА,Италия,GREENCOLORS,"atlas concorde greencolors, атлас конкорд гринколорс, керамогранит greencolors, моноколор, проекты, купить, поставщик, скидки, цены",Каталог керамического гранита ATLAS CONCORDE GREENCOLORS от прямого поставщика КЕРАМОТЕКА. Опт и розница. Скидки. Цены.,ATLAS CONCORDE GREENCOLORS / АТЛАС КОНКОРД ГРИНКОЛОРС - проектный глазурованный керамогранит 20х20 см для общественных пространств. КЕРАМОТЕКА.,Под заказ,$,https://www.keramoteka.ru/upload/uf/273/keramoteka-atlas-concorde-greencolors.pdf,Статус NHS - ОТСУТСВУЕТ,Спецэлементы,Внешний угол Cemento Canaletta Angolo Est.,3X3 СМ,AKAO,./temp_files/img/ATLAS CONCORDE_GREENCOLORS_Внешний угол Cemento Canaletta Angolo Est..jpg
ATLAS CONCORDE,./temp_files/logo/ATLAS CONCORDE.png,"atlas concorde, атлас конкорд, плитка atlas concorde, керамогранит atlas concorde, плитка, керамогранит, atlas concord, плитка конкорд, плитка atlas, поставщик, атлас конкорд италия, атлас конкорд сайт","Каталог керамической плитки и керамогранита ATLAS CONCORDE / АТЛАС КОНКОРД (Италия) от прямого поставщика КЕРАМОТЕКА. Низкие цены, скидки. Оптовые и розничные продажи. Материал в наличии.",ATLAS CONCORDE / АТЛАС КОНКОРД (Италия) Керамическая плитка и керамогранит от прямого поставщика - компании КЕРАМОТЕКА,Италия,GREENCOLORS,"atlas concorde greencolors, атлас конкорд гринколорс, керамогранит greencolors, моноколор, проекты, купить, поставщик, скидки, цены",Каталог керамического гранита ATLAS CONCORDE GREENCOLORS от прямого поставщика КЕРАМОТЕКА. Опт и розница. Скидки. Цены.,ATLAS CONCORDE GREENCOLORS / АТЛАС КОНКОРД ГРИНКОЛОРС - проектный глазурованный керамогранит 20х20 см для общественных пространств. КЕРАМОТЕКА.,Под заказ,$,https://www.keramoteka.ru/upload/uf/273/keramoteka-atlas-concorde-greencolors.pdf,Статус NHS - ОТСУТСВУЕТ,Спецэлементы,Внешний угол Avorio Canaletta Angolo Est.,3X3 СМ,AKAP,./temp_files/img/ATLAS CONCORDE_GREENCOLORS_Внешний угол Avorio Canaletta Angolo Est..jpg
ATLAS CONCORDE,./temp_files/logo/ATLAS CONCORDE.png,"atlas concorde, атлас конкорд, плитка atlas concorde, керамогранит atlas concorde, плитка, керамогранит, atlas concord, плитка конкорд, плитка atlas, поставщик, атлас конкорд италия, атлас конкорд сайт","Каталог керамической плитки и керамогранита ATLAS CONCORDE / АТЛАС КОНКОРД (Италия) от прямого поставщика КЕРАМОТЕКА. Низкие цены, скидки. Оптовые и розничные продажи. Материал в наличии.",ATLAS CONCORDE / АТЛАС КОНКОРД (Италия) Керамическая плитка и керамогранит от прямого поставщика - компании КЕРАМОТЕКА,Италия,GREENCOLORS,"atlas concorde greencolors, атлас конкорд гринколорс, керамогранит greencolors, моноколор, проекты, купить, поставщик, скидки, цены",Каталог керамического гранита ATLAS CONCORDE GREENCOLORS от прямого поставщика КЕРАМОТЕКА. Опт и розница. Скидки. Цены.,ATLAS CONCORDE GREENCOLORS / АТЛАС КОНКОРД ГРИНКОЛОРС - проектный глазурованный керамогранит 20х20 см для общественных пространств. КЕРАМОТЕКА.,Под заказ,$,https://www.keramoteka.ru/upload/uf/273/keramoteka-atlas-concorde-greencolors.pdf,Статус NHS - ОТСУТСВУЕТ,Спецэлементы,Внешний угол Corda Canaletta Angolo Est.,3X3 СМ,AKAQ,./temp_files/img/ATLAS CONCORDE_GREENCOLORS_Внешний угол Corda Canaletta Angolo Est..jpg
ATLAS CONCORDE,./temp_files/logo/ATLAS CONCORDE.png,"atlas concorde, атлас конкорд, плитка atlas concorde, керамогранит atlas concorde, плитка, керамогранит, atlas concord, плитка конкорд, плитка atlas, поставщик, атлас конкорд италия, атлас конкорд сайт","Каталог керамической плитки и керамогранита ATLAS CONCORDE / АТЛАС КОНКОРД (Италия) от прямого поставщика КЕРАМОТЕКА. Низкие цены, скидки. Оптовые и розничные продажи. Материал в наличии.",ATLAS CONCORDE / АТЛАС КОНКОРД (Италия) Керамическая плитка и керамогранит от прямого поставщика - компании КЕРАМОТЕКА,Италия,GREENCOLORS,"atlas concorde greencolors, атлас конкорд гринколорс, керамогранит greencolors, моноколор, проекты, купить, поставщик, скидки, цены",Каталог керамического гранита ATLAS CONCORDE GREENCOLORS от прямого поставщика КЕРАМОТЕКА. Опт и розница. Скидки. Цены.,ATLAS CONCORDE GREENCOLORS / АТЛАС КОНКОРД ГРИНКОЛОРС - проектный глазурованный керамогранит 20х20 см для общественных пространств. КЕРАМОТЕКА.,Под заказ,$,https://www.keramoteka.ru/upload/uf/273/keramoteka-atlas-concorde-greencolors.pdf,Статус NHS - ОТСУТСВУЕТ,Спецэлементы,Внешний угол Menta Canaletta Angolo Est.,3X3 СМ,AKAR,./temp_files/img/ATLAS CONCORDE_GREENCOLORS_Внешний угол Menta Canaletta Angolo Est..jpg
ATLAS CONCORDE,./temp_files/logo/ATLAS CONCORDE.png,"atlas concorde, атлас конкорд, плитка atlas concorde, керамогранит atlas concorde, плитка, керамогранит, atlas concord, плитка конкорд, плитка atlas, поставщик, атлас конкорд италия, атлас конкорд сайт","Каталог керамической плитки и керамогранита ATLAS CONCORDE / АТЛАС КОНКОРД (Италия) от прямого поставщика КЕРАМОТЕКА. Низкие цены, скидки. Оптовые и розничные продажи. Материал в наличии.",ATLAS CONCORDE / АТЛАС КОНКОРД (Италия) Керамическая плитка и керамогранит от прямого поставщика - компании КЕРАМОТЕКА,Италия,GREENCOLORS,"atlas concorde greencolors, атлас конкорд гринколорс, керамогранит greencolors, моноколор, проекты, купить, поставщик, скидки, цены",Каталог керамического гранита ATLAS CONCORDE GREENCOLORS от прямого поставщика КЕРАМОТЕКА. Опт и розница. Скидки. Цены.,ATLAS CONCORDE GREENCOLORS / АТЛАС КОНКОРД ГРИНКОЛОРС - проектный глазурованный керамогранит 20х20 см для общественных пространств. КЕРАМОТЕКА.,Под заказ,$,https://www.keramoteka.ru/upload/uf/273/keramoteka-atlas-concorde-greencolors.pdf,Статус NHS - ОТСУТСВУЕТ,Спецэлементы,Внешний угол Indaco Canaletta Angolo Est.,3X3 СМ,AKAS,./temp_files/img/ATLAS CONCORDE_GREENCOLORS_Внешний угол Indaco Canaletta Angolo Est..jpg
ATLAS CONCORDE,./temp_files/logo/ATLAS CONCORDE.png,"atlas concorde, атлас конкорд, плитка atlas concorde, керамогранит atlas concorde, плитка, керамогранит, atlas concord, плитка конкорд, плитка atlas, поставщик, атлас конкорд италия, атлас конкорд сайт","Каталог керамической плитки и керамогранита ATLAS CONCORDE / АТЛАС КОНКОРД (Италия) от прямого поставщика КЕРАМОТЕКА. Низкие цены, скидки. Оптовые и розничные продажи. Материал в наличии.",ATLAS CONCORDE / АТЛАС КОНКОРД (Италия) Керамическая плитка и керамогранит от прямого поставщика - компании КЕРАМОТЕКА,Италия,GREENCOLORS,"atlas concorde greencolors, атлас конкорд гринколорс, керамогранит greencolors, моноколор, проекты, купить, поставщик, скидки, цены",Каталог керамического гранита ATLAS CONCORDE GREENCOLORS от прямого поставщика КЕРАМОТЕКА. Опт и розница. Скидки. Цены.,ATLAS CONCORDE GREENCOLORS / АТЛАС КОНКОРД ГРИНКОЛОРС - проектный глазурованный керамогранит 20х20 см для общественных пространств. КЕРАМОТЕКА.,Под заказ,$,https://www.keramoteka.ru/upload/uf/273/keramoteka-atlas-concorde-greencolors.pdf,Статус NHS - ОТСУТСВУЕТ,Спецэлементы,Внутренний угол Neve Canaletta Angolo Int.,3X3 СМ,AKAT,./temp_files/img/ATLAS CONCORDE_GREENCOLORS_Внутренний угол Neve Canaletta Angolo Int..jpg
ATLAS CONCORDE,./temp_files/logo/ATLAS CONCORDE.png,"atlas concorde, атлас конкорд, плитка atlas concorde, керамогранит atlas concorde, плитка, керамогранит, atlas concord, плитка конкорд, плитка atlas, поставщик, атлас конкорд италия, атлас конкорд сайт","Каталог керамической плитки и керамогранита ATLAS CONCORDE / АТЛАС КОНКОРД (Италия) от прямого поставщика КЕРАМОТЕКА. Низкие цены, скидки. Оптовые и розничные продажи. Материал в наличии.",ATLAS CONCORDE / АТЛАС КОНКОРД (Италия) Керамическая плитка и керамогранит от прямого поставщика - компании КЕРАМОТЕКА,Италия,GREENCOLORS,"atlas concorde greencolors, атлас конкорд гринколорс, керамогранит greencolors, моноколор, проекты, купить, поставщик, скидки, цены",Каталог керамического гранита ATLAS CONCORDE GREENCOLORS от прямого поставщика КЕРАМОТЕКА. Опт и розница. Скидки. Цены.,ATLAS CONCORDE GREENCOLORS / АТЛАС КОНКОРД ГРИНКОЛОРС - проектный глазурованный керамогранит 20х20 см для общественных пространств. КЕРАМОТЕКА.,Под заказ,$,https://www.keramoteka.ru/upload/uf/273/keramoteka-atlas-concorde-greencolors.pdf,Статус NHS - ОТСУТСВУЕТ,Спецэлементы,Внутренний угол Cemento Canaletta Angolo Int.,3X3 СМ,AKAU,./temp_files/img/ATLAS CONCORDE_GREENCOLORS_Внутренний угол Cemento Canaletta Angolo Int..jpg
ATLAS CONCORDE,./temp_files/logo/ATLAS CONCORDE.png,"atlas concorde, атлас конкорд, плитка atlas concorde, керамогранит atlas concorde, плитка, керамогранит, atlas concord, плитка конкорд, плитка atlas, поставщик, атлас конкорд италия, атлас конкорд сайт","Каталог керамической плитки и керамогранита ATLAS CONCORDE / АТЛАС КОНКОРД (Италия) от прямого поставщика КЕРАМОТЕКА. Низкие цены, скидки. Оптовые и розничные продажи. Материал в наличии.",ATLAS CONCORDE / АТЛАС КОНКОРД (Италия) Керамическая плитка и керамогранит от прямого поставщика - компании КЕРАМОТЕКА,Италия,GREENCOLORS,"atlas concorde greencolors, атлас конкорд гринколорс, керамогранит greencolors, моноколор, проекты, купить, поставщик, скидки, цены",Каталог керамического гранита ATLAS CONCORDE GREENCOLORS от прямого поставщика КЕРАМОТЕКА. Опт и розница. Скидки. Цены.,ATLAS CONCORDE GREENCOLORS / АТЛАС КОНКОРД ГРИНКОЛОРС - проектный глазурованный керамогранит 20х20 см для общественных пространств. КЕРАМОТЕКА.,Под заказ,$,https://www.keramoteka.ru/upload/uf/273/keramoteka-atlas-concorde-greencolors.pdf,Статус NHS - ОТСУТСВУЕТ,Спецэлементы,Внутренний угол Avorio Canaletta Angolo Int.,3X3 СМ,AKAV,./temp_files/img/ATLAS CONCORDE_GREENCOLORS_Внутренний угол Avorio Canaletta Angolo Int..jpg
ATLAS CONCORDE,./temp_files/logo/ATLAS CONCORDE.png,"atlas concorde, атлас конкорд, плитка atlas concorde, керамогранит atlas concorde, плитка, керамогранит, atlas concord, плитка конкорд, плитка atlas, поставщик, атлас конкорд италия, атлас конкорд сайт","Каталог керамической плитки и керамогранита ATLAS CONCORDE / АТЛАС КОНКОРД (Италия) от прямого поставщика КЕРАМОТЕКА. Низкие цены, скидки. Оптовые и розничные продажи. Материал в наличии.",ATLAS CONCORDE / АТЛАС КОНКОРД (Италия) Керамическая плитка и керамогранит от прямого поставщика - компании КЕРАМОТЕКА,Италия,GREENCOLORS,"atlas concorde greencolors, атлас конкорд гринколорс, керамогранит greencolors, моноколор, проекты, купить, поставщик, скидки, цены",Каталог керамического гранита ATLAS CONCORDE GREENCOLORS от прямого поставщика КЕРАМОТЕКА. Опт и розница. Скидки. Цены.,ATLAS CONCORDE GREENCOLORS / АТЛАС КОНКОРД ГРИНКОЛОРС - проектный глазурованный керамогранит 20х20 см для общественных пространств. КЕРАМОТЕКА.,Под заказ,$,https://www.keramoteka.ru/upload/uf/273/keramoteka-atlas-concorde-greencolors.pdf,Статус NHS - ОТСУТСВУЕТ,Спецэлементы,Внутренний угол Corda Canaletta Angolo Int.,3X3 СМ,AKAW,./temp_files/img/ATLAS CONCORDE_GREENCOLORS_Внутренний угол Corda Canaletta Angolo Int..jpg
ATLAS CONCORDE,./temp_files/logo/ATLAS CONCORDE.png,"atlas concorde, атлас конкорд, плитка atlas concorde, керамогранит atlas concorde, плитка, керамогранит, atlas concord, плитка конкорд, плитка atlas, поставщик, атлас конкорд италия, атлас конкорд сайт","Каталог керамической плитки и керамогранита ATLAS CONCORDE / АТЛАС КОНКОРД (Италия) от прямого поставщика КЕРАМОТЕКА. Низкие цены, скидки. Оптовые и розничные продажи. Материал в наличии.",ATLAS CONCORDE / АТЛАС КОНКОРД (Италия) Керамическая плитка и керамогранит от прямого поставщика - компании КЕРАМОТЕКА,Италия,GREENCOLORS,"atlas concorde greencolors, атлас конкорд гринколорс, керамогранит greencolors, моноколор, проекты, купить, поставщик, скидки, цены",Каталог керамического гранита ATLAS CONCORDE GREENCOLORS от прямого поставщика КЕРАМОТЕКА. Опт и розница. Скидки. Цены.,ATLAS CONCORDE GREENCOLORS / АТЛАС КОНКОРД ГРИНКОЛОРС - проектный глазурованный керамогранит 20х20 см для общественных пространств. КЕРАМОТЕКА.,Под заказ,$,https://www.keramoteka.ru/upload/uf/273/keramoteka-atlas-concorde-greencolors.pdf,Статус NHS - ОТСУТСВУЕТ,Спецэлементы,Внутренний угол Menta Canaletta Angolo Int.,3X3 СМ,AKAX,./temp_files/img/ATLAS CONCORDE_GREENCOLORS_Внутренний угол Menta Canaletta Angolo Int..jpg
ATLAS CONCORDE,./temp_files/logo/ATLAS CONCORDE.png,"atlas concorde, атлас конкорд, плитка atlas concorde, керамогранит atlas concorde, плитка, керамогранит, atlas concord, плитка конкорд, плитка atlas, поставщик, атлас конкорд италия, атлас конкорд сайт","Каталог керамической плитки и керамогранита ATLAS CONCORDE / АТЛАС КОНКОРД (Италия) от прямого поставщика КЕРАМОТЕКА. Низкие цены, скидки. Оптовые и розничные продажи. Материал в наличии.",ATLAS CONCORDE / АТЛАС КОНКОРД (Италия) Керамическая плитка и керамогранит от прямого поставщика - компании КЕРАМОТЕКА,Италия,GREENCOLORS,"atlas concorde greencolors, атлас конкорд гринколорс, керамогранит greencolors, моноколор, проекты, купить, поставщик, скидки, цены",Каталог керамического гранита ATLAS CONCORDE GREENCOLORS от прямого поставщика КЕРАМОТЕКА. Опт и розница. Скидки. Цены.,ATLAS CONCORDE GREENCOLORS / АТЛАС КОНКОРД ГРИНКОЛОРС - проектный глазурованный керамогранит 20х20 см для общественных пространств. КЕРАМОТЕКА.,Под заказ,$,https://www.keramoteka.ru/upload/uf/273/keramoteka-atlas-concorde-greencolors.pdf,Статус NHS - ОТСУТСВУЕТ,Спецэлементы,Внутренний угол Indaco Canaletta Angolo Int.,3X3 СМ,AKAY,./temp_files/img/ATLAS CONCORDE_GREENCOLORS_Внутренний угол Indaco Canaletta Angolo Int..jpg
ATLAS CONCORDE,./temp_files/logo/ATLAS CONCORDE.png,"atlas concorde, атлас конкорд, плитка atlas concorde, керамогранит atlas concorde, плитка, керамогранит, atlas concord, плитка конкорд, плитка atlas, поставщик, атлас конкорд италия, атлас конкорд сайт","Каталог керамической плитки и керамогранита ATLAS CONCORDE / АТЛАС КОНКОРД (Италия) от прямого поставщика КЕРАМОТЕКА. Низкие цены, скидки. Оптовые и розничные продажи. Материал в наличии.",ATLAS CONCORDE / АТЛАС КОНКОРД (Италия) Керамическая плитка и керамогранит от прямого поставщика - компании КЕРАМОТЕКА,Италия,GREENCOLORS,"atlas concorde greencolors, атлас конкорд гринколорс, керамогранит greencolors, моноколор, проекты, купить, поставщик, скидки, цены",Каталог керамического гранита ATLAS CONCORDE GREENCOLORS от прямого поставщика КЕРАМОТЕКА. Опт и розница. Скидки. Цены.,ATLAS CONCORDE GREENCOLORS / АТЛАС КОНКОРД ГРИНКОЛОРС - проектный глазурованный керамогранит 20х20 см для общественных пространств. КЕРАМОТЕКА.,Под заказ,$,https://www.keramoteka.ru/upload/uf/273/keramoteka-atlas-concorde-greencolors.pdf,Статус NHS - ОТСУТСВУЕТ,Спецэлементы,Neve Piede,3X5 СМ,AKAZ,./temp_files/img/ATLAS CONCORDE_GREENCOLORS_Neve Piede.jpg
ATLAS CONCORDE,./temp_files/logo/ATLAS CONCORDE.png,"atlas concorde, атлас конкорд, плитка atlas concorde, керамогранит atlas concorde, плитка, керамогранит, atlas concord, плитка конкорд, плитка atlas, поставщик, атлас конкорд италия, атлас конкорд сайт","Каталог керамической плитки и керамогранита ATLAS CONCORDE / АТЛАС КОНКОРД (Италия) от прямого поставщика КЕРАМОТЕКА. Низкие цены, скидки. Оптовые и розничные продажи. Материал в наличии.",ATLAS CONCORDE / АТЛАС КОНКОРД (Италия) Керамическая плитка и керамогранит от прямого поставщика - компании КЕРАМОТЕКА,Италия,GREENCOLORS,"atlas concorde greencolors, атлас конкорд гринколорс, керамогранит greencolors, моноколор, проекты, купить, поставщик, скидки, цены",Каталог керамического гранита ATLAS CONCORDE GREENCOLORS от прямого поставщика КЕРАМОТЕКА. Опт и розница. Скидки. Цены.,ATLAS CONCORDE GREENCOLORS / АТЛАС КОНКОРД ГРИНКОЛОРС - проектный глазурованный керамогранит 20х20 см для общественных пространств. КЕРАМОТЕКА.,Под заказ,$,https://www.keramoteka.ru/upload/uf/273/keramoteka-atlas-concorde-greencolors.pdf,Статус NHS - ОТСУТСВУЕТ,Спецэлементы,Cemento Piede,3X5 СМ,AKA0,./temp_files/img/ATLAS CONCORDE_GREENCOLORS_Cemento Piede.jpg
ATLAS CONCORDE,./temp_files/logo/ATLAS CONCORDE.png,"atlas concorde, атлас конкорд, плитка atlas concorde, керамогранит atlas concorde, плитка, керамогранит, atlas concord, плитка конкорд, плитка atlas, поставщик, атлас конкорд италия, атлас конкорд сайт","Каталог керамической плитки и керамогранита ATLAS CONCORDE / АТЛАС КОНКОРД (Италия) от прямого поставщика КЕРАМОТЕКА. Низкие цены, скидки. Оптовые и розничные продажи. Материал в наличии.",ATLAS CONCORDE / АТЛАС КОНКОРД (Италия) Керамическая плитка и керамогранит от прямого поставщика - компании КЕРАМОТЕКА,Италия,GREENCOLORS,"atlas concorde greencolors, атлас конкорд гринколорс, керамогранит greencolors, моноколор, проекты, купить, поставщик, скидки, цены",Каталог керамического гранита ATLAS CONCORDE GREENCOLORS от прямого поставщика КЕРАМОТЕКА. Опт и розница. Скидки. Цены.,ATLAS CONCORDE GREENCOLORS / АТЛАС КОНКОРД ГРИНКОЛОРС - проектный глазурованный керамогранит 20х20 см для общественных пространств. КЕРАМОТЕКА.,Под заказ,$,https://www.keramoteka.ru/upload/uf/273/keramoteka-atlas-concorde-greencolors.pdf,Статус NHS - ОТСУТСВУЕТ,Спецэлементы,Avorio Piede,3X5 СМ,AKA1,./temp_files/img/ATLAS CONCORDE_GREENCOLORS_Avorio Piede.jpg
ATLAS CONCORDE,./temp_files/logo/ATLAS CONCORDE.png,"atlas concorde, атлас конкорд, плитка atlas concorde, керамогранит atlas concorde, плитка, керамогранит, atlas concord, плитка конкорд, плитка atlas, поставщик, атлас конкорд италия, атлас конкорд сайт","Каталог керамической плитки и керамогранита ATLAS CONCORDE / АТЛАС КОНКОРД (Италия) от прямого поставщика КЕРАМОТЕКА. Низкие цены, скидки. Оптовые и розничные продажи. Материал в наличии.",ATLAS CONCORDE / АТЛАС КОНКОРД (Италия) Керамическая плитка и керамогранит от прямого поставщика - компании КЕРАМОТЕКА,Италия,GREENCOLORS,"atlas concorde greencolors, атлас конкорд гринколорс, керамогранит greencolors, моноколор, проекты, купить, поставщик, скидки, цены",Каталог керамического гранита ATLAS CONCORDE GREENCOLORS от прямого поставщика КЕРАМОТЕКА. Опт и розница. Скидки. Цены.,ATLAS CONCORDE GREENCOLORS / АТЛАС КОНКОРД ГРИНКОЛОРС - проектный глазурованный керамогранит 20х20 см для общественных пространств. КЕРАМОТЕКА.,Под заказ,$,https://www.keramoteka.ru/upload/uf/273/keramoteka-atlas-concorde-greencolors.pdf,Статус NHS - ОТСУТСВУЕТ,Спецэлементы,Corda Piede,3X5 СМ,AKA2,./temp_files/img/ATLAS CONCORDE_GREENCOLORS_Corda Piede.jpg
ATLAS CONCORDE,./temp_files/logo/ATLAS CONCORDE.png,"atlas concorde, атлас конкорд, плитка atlas concorde, керамогранит atlas concorde, плитка, керамогранит, atlas concord, плитка конкорд, плитка atlas, поставщик, атлас конкорд италия, атлас конкорд сайт","Каталог керамической плитки и керамогранита ATLAS CONCORDE / АТЛАС КОНКОРД (Италия) от прямого поставщика КЕРАМОТЕКА. Низкие цены, скидки. Оптовые и розничные продажи. Материал в наличии.",ATLAS CONCORDE / АТЛАС КОНКОРД (Италия) Керамическая плитка и керамогранит от прямого поставщика - компании КЕРАМОТЕКА,Италия,GREENCOLORS,"atlas concorde greencolors, атлас конкорд гринколорс, керамогранит greencolors, моноколор, проекты, купить, поставщик, скидки, цены",Каталог керамического гранита ATLAS CONCORDE GREENCOLORS от прямого поставщика КЕРАМОТЕКА. Опт и розница. Скидки. Цены.,ATLAS CONCORDE GREENCOLORS / АТЛАС КОНКОРД ГРИНКОЛОРС - проектный глазурованный керамогранит 20х20 см для общественных пространств. КЕРАМОТЕКА.,Под заказ,$,https://www.keramoteka.ru/upload/uf/273/keramoteka-atlas-concorde-greencolors.pdf,Статус NHS - ОТСУТСВУЕТ,Спецэлементы,Menta Piede,3X5 СМ,AKA3,./temp_files/img/ATLAS CONCORDE_GREENCOLORS_Menta Piede.jpg
ATLAS CONCORDE,./temp_files/logo/ATLAS CONCORDE.png,"atlas concorde, атлас конкорд, плитка atlas concorde, керамогранит atlas concorde, плитка, керамогранит, atlas concord, плитка конкорд, плитка atlas, поставщик, атлас конкорд италия, атлас конкорд сайт","Каталог керамической плитки и керамогранита ATLAS CONCORDE / АТЛАС КОНКОРД (Италия) от прямого поставщика КЕРАМОТЕКА. Низкие цены, скидки. Оптовые и розничные продажи. Материал в наличии.",ATLAS CONCORDE / АТЛАС КОНКОРД (Италия) Керамическая плитка и керамогранит от прямого поставщика - компании КЕРАМОТЕКА,Италия,GREENCOLORS,"atlas concorde greencolors, атлас конкорд гринколорс, керамогранит greencolors, моноколор, проекты, купить, поставщик, скидки, цены",Каталог керамического гранита ATLAS CONCORDE GREENCOLORS от прямого поставщика КЕРАМОТЕКА. Опт и розница. Скидки. Цены.,ATLAS CONCORDE GREENCOLORS / АТЛАС КОНКОРД ГРИНКОЛОРС - проектный глазурованный керамогранит 20х20 см для общественных пространств. КЕРАМОТЕКА.,Под заказ,$,https://www.keramoteka.ru/upload/uf/273/keramoteka-atlas-concorde-greencolors.pdf,Статус NHS - ОТСУТСВУЕТ,Спецэлементы,Indaco Piede,3X5 СМ,AKA4,./temp_files/img/ATLAS CONCORDE_GREENCOLORS_Indaco Piede.jpg
