ATLAS CONCORDE,./temp_files/logo/ATLAS CONCORDE.png,"atlas concorde, атлас конкорд, плитка atlas concorde, керамогранит atlas concorde, плитка, керамогранит, atlas concord, плитка конкорд, плитка atlas, поставщик, атлас конкорд италия, атлас конкорд сайт","Каталог керамической плитки и керамогранита ATLAS CONCORDE / АТЛАС КОНКОРД (Италия) от прямого поставщика КЕРАМОТЕКА. Низкие цены, скидки. Оптовые и розничные продажи. Материал в наличии.",ATLAS CONCORDE / АТЛАС КОНКОРД (Италия) Керамическая плитка и керамогранит от прямого поставщика - компании КЕРАМОТЕКА,Италия,EWALL,"atlas concorde ewall, атлас конкорд эволл, плитка ewall, pure, concrete, night, white, suede, moka, orange, amethyst, red, petroleum green, damask, stripes, minibrick, купить, поставщик, скидки, цены",Каталог керамической плитки Atlas Concorde Ewall / Атлас Конкорд Эволл от прямого поставщика КЕРАМОТЕКА. Привлекательные цены и скидки. Опт и розница. В наличии.,ATLAS CONCORDE EWALL / АТЛАС КОНКОРД ЭВОЛЛ - оригинальная керамическая плитка для смелых интерьерных решений. КЕРАМОТЕКА.,На складе,$$$,https://www.keramoteka.ru/upload/uf/eae/keramoteka-atlas-concorde-ewall.pdf,Статус NHS - ОТСУТСВУЕТ,Керамическая плитка для стен,Pure,40X80 СМ,8E4I,./temp_files/img/ATLAS CONCORDE_EWALL_Pure.jpg
ATLAS CONCORDE,./temp_files/logo/ATLAS CONCORDE.png,"atlas concorde, атлас конкорд, плитка atlas concorde, керамогранит atlas concorde, плитка, керамогранит, atlas concord, плитка конкорд, плитка atlas, поставщик, атлас конкорд италия, атлас конкорд сайт","Каталог керамической плитки и керамогранита ATLAS CONCORDE / АТЛАС КОНКОРД (Италия) от прямого поставщика КЕРАМОТЕКА. Низкие цены, скидки. Оптовые и розничные продажи. Материал в наличии.",ATLAS CONCORDE / АТЛАС КОНКОРД (Италия) Керамическая плитка и керамогранит от прямого поставщика - компании КЕРАМОТЕКА,Италия,EWALL,"atlas concorde ewall, атлас конкорд эволл, плитка ewall, pure, concrete, night, white, suede, moka, orange, amethyst, red, petroleum green, damask, stripes, minibrick, купить, поставщик, скидки, цены",Каталог керамической плитки Atlas Concorde Ewall / Атлас Конкорд Эволл от прямого поставщика КЕРАМОТЕКА. Привлекательные цены и скидки. Опт и розница. В наличии.,ATLAS CONCORDE EWALL / АТЛАС КОНКОРД ЭВОЛЛ - оригинальная керамическая плитка для смелых интерьерных решений. КЕРАМОТЕКА.,На складе,$$$,https://www.keramoteka.ru/upload/uf/eae/keramoteka-atlas-concorde-ewall.pdf,Статус NHS - ОТСУТСВУЕТ,Керамическая плитка для стен,White,40X80 СМ,8E4W,./temp_files/img/ATLAS CONCORDE_EWALL_White.jpg
ATLAS CONCORDE,./temp_files/logo/ATLAS CONCORDE.png,"atlas concorde, атлас конкорд, плитка atlas concorde, керамогранит atlas concorde, плитка, керамогранит, atlas concord, плитка конкорд, плитка atlas, поставщик, атлас конкорд италия, атлас конкорд сайт","Каталог керамической плитки и керамогранита ATLAS CONCORDE / АТЛАС КОНКОРД (Италия) от прямого поставщика КЕРАМОТЕКА. Низкие цены, скидки. Оптовые и розничные продажи. Материал в наличии.",ATLAS CONCORDE / АТЛАС КОНКОРД (Италия) Керамическая плитка и керамогранит от прямого поставщика - компании КЕРАМОТЕКА,Италия,EWALL,"atlas concorde ewall, атлас конкорд эволл, плитка ewall, pure, concrete, night, white, suede, moka, orange, amethyst, red, petroleum green, damask, stripes, minibrick, купить, поставщик, скидки, цены",Каталог керамической плитки Atlas Concorde Ewall / Атлас Конкорд Эволл от прямого поставщика КЕРАМОТЕКА. Привлекательные цены и скидки. Опт и розница. В наличии.,ATLAS CONCORDE EWALL / АТЛАС КОНКОРД ЭВОЛЛ - оригинальная керамическая плитка для смелых интерьерных решений. КЕРАМОТЕКА.,На складе,$$$,https://www.keramoteka.ru/upload/uf/eae/keramoteka-atlas-concorde-ewall.pdf,Статус NHS - ОТСУТСВУЕТ,Керамическая плитка для стен,Suede,40X80 СМ,8E4S,./temp_files/img/ATLAS CONCORDE_EWALL_Suede.jpg
ATLAS CONCORDE,./temp_files/logo/ATLAS CONCORDE.png,"atlas concorde, атлас конкорд, плитка atlas concorde, керамогранит atlas concorde, плитка, керамогранит, atlas concord, плитка конкорд, плитка atlas, поставщик, атлас конкорд италия, атлас конкорд сайт","Каталог керамической плитки и керамогранита ATLAS CONCORDE / АТЛАС КОНКОРД (Италия) от прямого поставщика КЕРАМОТЕКА. Низкие цены, скидки. Оптовые и розничные продажи. Материал в наличии.",ATLAS CONCORDE / АТЛАС КОНКОРД (Италия) Керамическая плитка и керамогранит от прямого поставщика - компании КЕРАМОТЕКА,Италия,EWALL,"atlas concorde ewall, атлас конкорд эволл, плитка ewall, pure, concrete, night, white, suede, moka, orange, amethyst, red, petroleum green, damask, stripes, minibrick, купить, поставщик, скидки, цены",Каталог керамической плитки Atlas Concorde Ewall / Атлас Конкорд Эволл от прямого поставщика КЕРАМОТЕКА. Привлекательные цены и скидки. Опт и розница. В наличии.,ATLAS CONCORDE EWALL / АТЛАС КОНКОРД ЭВОЛЛ - оригинальная керамическая плитка для смелых интерьерных решений. КЕРАМОТЕКА.,На складе,$$$,https://www.keramoteka.ru/upload/uf/eae/keramoteka-atlas-concorde-ewall.pdf,Статус NHS - ОТСУТСВУЕТ,Керамическая плитка для стен,Moka,40X80 СМ,8E4M,./temp_files/img/ATLAS CONCORDE_EWALL_Moka.jpg
ATLAS CONCORDE,./temp_files/logo/ATLAS CONCORDE.png,"atlas concorde, атлас конкорд, плитка atlas concorde, керамогранит atlas concorde, плитка, керамогранит, atlas concord, плитка конкорд, плитка atlas, поставщик, атлас конкорд италия, атлас конкорд сайт","Каталог керамической плитки и керамогранита ATLAS CONCORDE / АТЛАС КОНКОРД (Италия) от прямого поставщика КЕРАМОТЕКА. Низкие цены, скидки. Оптовые и розничные продажи. Материал в наличии.",ATLAS CONCORDE / АТЛАС КОНКОРД (Италия) Керамическая плитка и керамогранит от прямого поставщика - компании КЕРАМОТЕКА,Италия,EWALL,"atlas concorde ewall, атлас конкорд эволл, плитка ewall, pure, concrete, night, white, suede, moka, orange, amethyst, red, petroleum green, damask, stripes, minibrick, купить, поставщик, скидки, цены",Каталог керамической плитки Atlas Concorde Ewall / Атлас Конкорд Эволл от прямого поставщика КЕРАМОТЕКА. Привлекательные цены и скидки. Опт и розница. В наличии.,ATLAS CONCORDE EWALL / АТЛАС КОНКОРД ЭВОЛЛ - оригинальная керамическая плитка для смелых интерьерных решений. КЕРАМОТЕКА.,На складе,$$$,https://www.keramoteka.ru/upload/uf/eae/keramoteka-atlas-concorde-ewall.pdf,Статус NHS - ОТСУТСВУЕТ,Керамическая плитка для стен,Concrete,40X80 СМ,8E4C,./temp_files/img/ATLAS CONCORDE_EWALL_Concrete.jpg
ATLAS CONCORDE,./temp_files/logo/ATLAS CONCORDE.png,"atlas concorde, атлас конкорд, плитка atlas concorde, керамогранит atlas concorde, плитка, керамогранит, atlas concord, плитка конкорд, плитка atlas, поставщик, атлас конкорд италия, атлас конкорд сайт","Каталог керамической плитки и керамогранита ATLAS CONCORDE / АТЛАС КОНКОРД (Италия) от прямого поставщика КЕРАМОТЕКА. Низкие цены, скидки. Оптовые и розничные продажи. Материал в наличии.",ATLAS CONCORDE / АТЛАС КОНКОРД (Италия) Керамическая плитка и керамогранит от прямого поставщика - компании КЕРАМОТЕКА,Италия,EWALL,"atlas concorde ewall, атлас конкорд эволл, плитка ewall, pure, concrete, night, white, suede, moka, orange, amethyst, red, petroleum green, damask, stripes, minibrick, купить, поставщик, скидки, цены",Каталог керамической плитки Atlas Concorde Ewall / Атлас Конкорд Эволл от прямого поставщика КЕРАМОТЕКА. Привлекательные цены и скидки. Опт и розница. В наличии.,ATLAS CONCORDE EWALL / АТЛАС КОНКОРД ЭВОЛЛ - оригинальная керамическая плитка для смелых интерьерных решений. КЕРАМОТЕКА.,На складе,$$$,https://www.keramoteka.ru/upload/uf/eae/keramoteka-atlas-concorde-ewall.pdf,Статус NHS - ОТСУТСВУЕТ,Керамическая плитка для стен,Night,40X80 СМ,8E4N,./temp_files/img/ATLAS CONCORDE_EWALL_Night.jpg
ATLAS CONCORDE,./temp_files/logo/ATLAS CONCORDE.png,"atlas concorde, атлас конкорд, плитка atlas concorde, керамогранит atlas concorde, плитка, керамогранит, atlas concord, плитка конкорд, плитка atlas, поставщик, атлас конкорд италия, атлас конкорд сайт","Каталог керамической плитки и керамогранита ATLAS CONCORDE / АТЛАС КОНКОРД (Италия) от прямого поставщика КЕРАМОТЕКА. Низкие цены, скидки. Оптовые и розничные продажи. Материал в наличии.",ATLAS CONCORDE / АТЛАС КОНКОРД (Италия) Керамическая плитка и керамогранит от прямого поставщика - компании КЕРАМОТЕКА,Италия,EWALL,"atlas concorde ewall, атлас конкорд эволл, плитка ewall, pure, concrete, night, white, suede, moka, orange, amethyst, red, petroleum green, damask, stripes, minibrick, купить, поставщик, скидки, цены",Каталог керамической плитки Atlas Concorde Ewall / Атлас Конкорд Эволл от прямого поставщика КЕРАМОТЕКА. Привлекательные цены и скидки. Опт и розница. В наличии.,ATLAS CONCORDE EWALL / АТЛАС КОНКОРД ЭВОЛЛ - оригинальная керамическая плитка для смелых интерьерных решений. КЕРАМОТЕКА.,На складе,$$$,https://www.keramoteka.ru/upload/uf/eae/keramoteka-atlas-concorde-ewall.pdf,Статус NHS - ОТСУТСВУЕТ,Керамическая плитка для стен,Pure Stripes,40X80 СМ,8E4E,./temp_files/img/ATLAS CONCORDE_EWALL_Pure Stripes.jpg
ATLAS CONCORDE,./temp_files/logo/ATLAS CONCORDE.png,"atlas concorde, атлас конкорд, плитка atlas concorde, керамогранит atlas concorde, плитка, керамогранит, atlas concord, плитка конкорд, плитка atlas, поставщик, атлас конкорд италия, атлас конкорд сайт","Каталог керамической плитки и керамогранита ATLAS CONCORDE / АТЛАС КОНКОРД (Италия) от прямого поставщика КЕРАМОТЕКА. Низкие цены, скидки. Оптовые и розничные продажи. Материал в наличии.",ATLAS CONCORDE / АТЛАС КОНКОРД (Италия) Керамическая плитка и керамогранит от прямого поставщика - компании КЕРАМОТЕКА,Италия,EWALL,"atlas concorde ewall, атлас конкорд эволл, плитка ewall, pure, concrete, night, white, suede, moka, orange, amethyst, red, petroleum green, damask, stripes, minibrick, купить, поставщик, скидки, цены",Каталог керамической плитки Atlas Concorde Ewall / Атлас Конкорд Эволл от прямого поставщика КЕРАМОТЕКА. Привлекательные цены и скидки. Опт и розница. В наличии.,ATLAS CONCORDE EWALL / АТЛАС КОНКОРД ЭВОЛЛ - оригинальная керамическая плитка для смелых интерьерных решений. КЕРАМОТЕКА.,На складе,$$$,https://www.keramoteka.ru/upload/uf/eae/keramoteka-atlas-concorde-ewall.pdf,Статус NHS - ОТСУТСВУЕТ,Керамическая плитка для стен,White Stripes,40X80 СМ,8E4T,./temp_files/img/ATLAS CONCORDE_EWALL_White Stripes.jpg
ATLAS CONCORDE,./temp_files/logo/ATLAS CONCORDE.png,"atlas concorde, атлас конкорд, плитка atlas concorde, керамогранит atlas concorde, плитка, керамогранит, atlas concord, плитка конкорд, плитка atlas, поставщик, атлас конкорд италия, атлас конкорд сайт","Каталог керамической плитки и керамогранита ATLAS CONCORDE / АТЛАС КОНКОРД (Италия) от прямого поставщика КЕРАМОТЕКА. Низкие цены, скидки. Оптовые и розничные продажи. Материал в наличии.",ATLAS CONCORDE / АТЛАС КОНКОРД (Италия) Керамическая плитка и керамогранит от прямого поставщика - компании КЕРАМОТЕКА,Италия,EWALL,"atlas concorde ewall, атлас конкорд эволл, плитка ewall, pure, concrete, night, white, suede, moka, orange, amethyst, red, petroleum green, damask, stripes, minibrick, купить, поставщик, скидки, цены",Каталог керамической плитки Atlas Concorde Ewall / Атлас Конкорд Эволл от прямого поставщика КЕРАМОТЕКА. Привлекательные цены и скидки. Опт и розница. В наличии.,ATLAS CONCORDE EWALL / АТЛАС КОНКОРД ЭВОЛЛ - оригинальная керамическая плитка для смелых интерьерных решений. КЕРАМОТЕКА.,На складе,$$$,https://www.keramoteka.ru/upload/uf/eae/keramoteka-atlas-concorde-ewall.pdf,Статус NHS - ОТСУТСВУЕТ,Керамическая плитка для стен,Amethyst,40X80 СМ,8E4A,./temp_files/img/ATLAS CONCORDE_EWALL_Amethyst.jpg
ATLAS CONCORDE,./temp_files/logo/ATLAS CONCORDE.png,"atlas concorde, атлас конкорд, плитка atlas concorde, керамогранит atlas concorde, плитка, керамогранит, atlas concord, плитка конкорд, плитка atlas, поставщик, атлас конкорд италия, атлас конкорд сайт","Каталог керамической плитки и керамогранита ATLAS CONCORDE / АТЛАС КОНКОРД (Италия) от прямого поставщика КЕРАМОТЕКА. Низкие цены, скидки. Оптовые и розничные продажи. Материал в наличии.",ATLAS CONCORDE / АТЛАС КОНКОРД (Италия) Керамическая плитка и керамогранит от прямого поставщика - компании КЕРАМОТЕКА,Италия,EWALL,"atlas concorde ewall, атлас конкорд эволл, плитка ewall, pure, concrete, night, white, suede, moka, orange, amethyst, red, petroleum green, damask, stripes, minibrick, купить, поставщик, скидки, цены",Каталог керамической плитки Atlas Concorde Ewall / Атлас Конкорд Эволл от прямого поставщика КЕРАМОТЕКА. Привлекательные цены и скидки. Опт и розница. В наличии.,ATLAS CONCORDE EWALL / АТЛАС КОНКОРД ЭВОЛЛ - оригинальная керамическая плитка для смелых интерьерных решений. КЕРАМОТЕКА.,На складе,$$$,https://www.keramoteka.ru/upload/uf/eae/keramoteka-atlas-concorde-ewall.pdf,Статус NHS - ОТСУТСВУЕТ,Керамическая плитка для стен,Petroleum Green,40X80 СМ,8E4P,./temp_files/img/ATLAS CONCORDE_EWALL_Petroleum Green.jpg
ATLAS CONCORDE,./temp_files/logo/ATLAS CONCORDE.png,"atlas concorde, атлас конкорд, плитка atlas concorde, керамогранит atlas concorde, плитка, керамогранит, atlas concord, плитка конкорд, плитка atlas, поставщик, атлас конкорд италия, атлас конкорд сайт","Каталог керамической плитки и керамогранита ATLAS CONCORDE / АТЛАС КОНКОРД (Италия) от прямого поставщика КЕРАМОТЕКА. Низкие цены, скидки. Оптовые и розничные продажи. Материал в наличии.",ATLAS CONCORDE / АТЛАС КОНКОРД (Италия) Керамическая плитка и керамогранит от прямого поставщика - компании КЕРАМОТЕКА,Италия,EWALL,"atlas concorde ewall, атлас конкорд эволл, плитка ewall, pure, concrete, night, white, suede, moka, orange, amethyst, red, petroleum green, damask, stripes, minibrick, купить, поставщик, скидки, цены",Каталог керамической плитки Atlas Concorde Ewall / Атлас Конкорд Эволл от прямого поставщика КЕРАМОТЕКА. Привлекательные цены и скидки. Опт и розница. В наличии.,ATLAS CONCORDE EWALL / АТЛАС КОНКОРД ЭВОЛЛ - оригинальная керамическая плитка для смелых интерьерных решений. КЕРАМОТЕКА.,На складе,$$$,https://www.keramoteka.ru/upload/uf/eae/keramoteka-atlas-concorde-ewall.pdf,Статус NHS - ОТСУТСВУЕТ,Керамическая плитка для стен,Orange,40X80 СМ,8E4O,./temp_files/img/ATLAS CONCORDE_EWALL_Orange.jpg
ATLAS CONCORDE,./temp_files/logo/ATLAS CONCORDE.png,"atlas concorde, атлас конкорд, плитка atlas concorde, керамогранит atlas concorde, плитка, керамогранит, atlas concord, плитка конкорд, плитка atlas, поставщик, атлас конкорд италия, атлас конкорд сайт","Каталог керамической плитки и керамогранита ATLAS CONCORDE / АТЛАС КОНКОРД (Италия) от прямого поставщика КЕРАМОТЕКА. Низкие цены, скидки. Оптовые и розничные продажи. Материал в наличии.",ATLAS CONCORDE / АТЛАС КОНКОРД (Италия) Керамическая плитка и керамогранит от прямого поставщика - компании КЕРАМОТЕКА,Италия,EWALL,"atlas concorde ewall, атлас конкорд эволл, плитка ewall, pure, concrete, night, white, suede, moka, orange, amethyst, red, petroleum green, damask, stripes, minibrick, купить, поставщик, скидки, цены",Каталог керамической плитки Atlas Concorde Ewall / Атлас Конкорд Эволл от прямого поставщика КЕРАМОТЕКА. Привлекательные цены и скидки. Опт и розница. В наличии.,ATLAS CONCORDE EWALL / АТЛАС КОНКОРД ЭВОЛЛ - оригинальная керамическая плитка для смелых интерьерных решений. КЕРАМОТЕКА.,На складе,$$$,https://www.keramoteka.ru/upload/uf/eae/keramoteka-atlas-concorde-ewall.pdf,Статус NHS - ОТСУТСВУЕТ,Керамическая плитка для стен,Red,40X80 СМ,8E4R,./temp_files/img/ATLAS CONCORDE_EWALL_Red.jpg
ATLAS CONCORDE,./temp_files/logo/ATLAS CONCORDE.png,"atlas concorde, атлас конкорд, плитка atlas concorde, керамогранит atlas concorde, плитка, керамогранит, atlas concord, плитка конкорд, плитка atlas, поставщик, атлас конкорд италия, атлас конкорд сайт","Каталог керамической плитки и керамогранита ATLAS CONCORDE / АТЛАС КОНКОРД (Италия) от прямого поставщика КЕРАМОТЕКА. Низкие цены, скидки. Оптовые и розничные продажи. Материал в наличии.",ATLAS CONCORDE / АТЛАС КОНКОРД (Италия) Керамическая плитка и керамогранит от прямого поставщика - компании КЕРАМОТЕКА,Италия,EWALL,"atlas concorde ewall, атлас конкорд эволл, плитка ewall, pure, concrete, night, white, suede, moka, orange, amethyst, red, petroleum green, damask, stripes, minibrick, купить, поставщик, скидки, цены",Каталог керамической плитки Atlas Concorde Ewall / Атлас Конкорд Эволл от прямого поставщика КЕРАМОТЕКА. Привлекательные цены и скидки. Опт и розница. В наличии.,ATLAS CONCORDE EWALL / АТЛАС КОНКОРД ЭВОЛЛ - оригинальная керамическая плитка для смелых интерьерных решений. КЕРАМОТЕКА.,На складе,$$$,https://www.keramoteka.ru/upload/uf/eae/keramoteka-atlas-concorde-ewall.pdf,Статус NHS - ОТСУТСВУЕТ,Керамическая плитка для стен,Pure,"30,5X56 СМ",9EWP,./temp_files/img/ATLAS CONCORDE_EWALL_Pure.jpg
ATLAS CONCORDE,./temp_files/logo/ATLAS CONCORDE.png,"atlas concorde, атлас конкорд, плитка atlas concorde, керамогранит atlas concorde, плитка, керамогранит, atlas concord, плитка конкорд, плитка atlas, поставщик, атлас конкорд италия, атлас конкорд сайт","Каталог керамической плитки и керамогранита ATLAS CONCORDE / АТЛАС КОНКОРД (Италия) от прямого поставщика КЕРАМОТЕКА. Низкие цены, скидки. Оптовые и розничные продажи. Материал в наличии.",ATLAS CONCORDE / АТЛАС КОНКОРД (Италия) Керамическая плитка и керамогранит от прямого поставщика - компании КЕРАМОТЕКА,Италия,EWALL,"atlas concorde ewall, атлас конкорд эволл, плитка ewall, pure, concrete, night, white, suede, moka, orange, amethyst, red, petroleum green, damask, stripes, minibrick, купить, поставщик, скидки, цены",Каталог керамической плитки Atlas Concorde Ewall / Атлас Конкорд Эволл от прямого поставщика КЕРАМОТЕКА. Привлекательные цены и скидки. Опт и розница. В наличии.,ATLAS CONCORDE EWALL / АТЛАС КОНКОРД ЭВОЛЛ - оригинальная керамическая плитка для смелых интерьерных решений. КЕРАМОТЕКА.,На складе,$$$,https://www.keramoteka.ru/upload/uf/eae/keramoteka-atlas-concorde-ewall.pdf,Статус NHS - ОТСУТСВУЕТ,Керамическая плитка для стен,White,"30,5X56 СМ",9EWW,./temp_files/img/ATLAS CONCORDE_EWALL_White.jpg
ATLAS CONCORDE,./temp_files/logo/ATLAS CONCORDE.png,"atlas concorde, атлас конкорд, плитка atlas concorde, керамогранит atlas concorde, плитка, керамогранит, atlas concord, плитка конкорд, плитка atlas, поставщик, атлас конкорд италия, атлас конкорд сайт","Каталог керамической плитки и керамогранита ATLAS CONCORDE / АТЛАС КОНКОРД (Италия) от прямого поставщика КЕРАМОТЕКА. Низкие цены, скидки. Оптовые и розничные продажи. Материал в наличии.",ATLAS CONCORDE / АТЛАС КОНКОРД (Италия) Керамическая плитка и керамогранит от прямого поставщика - компании КЕРАМОТЕКА,Италия,EWALL,"atlas concorde ewall, атлас конкорд эволл, плитка ewall, pure, concrete, night, white, suede, moka, orange, amethyst, red, petroleum green, damask, stripes, minibrick, купить, поставщик, скидки, цены",Каталог керамической плитки Atlas Concorde Ewall / Атлас Конкорд Эволл от прямого поставщика КЕРАМОТЕКА. Привлекательные цены и скидки. Опт и розница. В наличии.,ATLAS CONCORDE EWALL / АТЛАС КОНКОРД ЭВОЛЛ - оригинальная керамическая плитка для смелых интерьерных решений. КЕРАМОТЕКА.,На складе,$$$,https://www.keramoteka.ru/upload/uf/eae/keramoteka-atlas-concorde-ewall.pdf,Статус NHS - ОТСУТСВУЕТ,Керамическая плитка для стен,Suede,"30,5X56 СМ",9EWS,./temp_files/img/ATLAS CONCORDE_EWALL_Suede.jpg
ATLAS CONCORDE,./temp_files/logo/ATLAS CONCORDE.png,"atlas concorde, атлас конкорд, плитка atlas concorde, керамогранит atlas concorde, плитка, керамогранит, atlas concord, плитка конкорд, плитка atlas, поставщик, атлас конкорд италия, атлас конкорд сайт","Каталог керамической плитки и керамогранита ATLAS CONCORDE / АТЛАС КОНКОРД (Италия) от прямого поставщика КЕРАМОТЕКА. Низкие цены, скидки. Оптовые и розничные продажи. Материал в наличии.",ATLAS CONCORDE / АТЛАС КОНКОРД (Италия) Керамическая плитка и керамогранит от прямого поставщика - компании КЕРАМОТЕКА,Италия,EWALL,"atlas concorde ewall, атлас конкорд эволл, плитка ewall, pure, concrete, night, white, suede, moka, orange, amethyst, red, petroleum green, damask, stripes, minibrick, купить, поставщик, скидки, цены",Каталог керамической плитки Atlas Concorde Ewall / Атлас Конкорд Эволл от прямого поставщика КЕРАМОТЕКА. Привлекательные цены и скидки. Опт и розница. В наличии.,ATLAS CONCORDE EWALL / АТЛАС КОНКОРД ЭВОЛЛ - оригинальная керамическая плитка для смелых интерьерных решений. КЕРАМОТЕКА.,На складе,$$$,https://www.keramoteka.ru/upload/uf/eae/keramoteka-atlas-concorde-ewall.pdf,Статус NHS - ОТСУТСВУЕТ,Керамическая плитка для стен,Moka,"30,5X56 СМ",9EWM,./temp_files/img/ATLAS CONCORDE_EWALL_Moka.jpg
ATLAS CONCORDE,./temp_files/logo/ATLAS CONCORDE.png,"atlas concorde, атлас конкорд, плитка atlas concorde, керамогранит atlas concorde, плитка, керамогранит, atlas concord, плитка конкорд, плитка atlas, поставщик, атлас конкорд италия, атлас конкорд сайт","Каталог керамической плитки и керамогранита ATLAS CONCORDE / АТЛАС КОНКОРД (Италия) от прямого поставщика КЕРАМОТЕКА. Низкие цены, скидки. Оптовые и розничные продажи. Материал в наличии.",ATLAS CONCORDE / АТЛАС КОНКОРД (Италия) Керамическая плитка и керамогранит от прямого поставщика - компании КЕРАМОТЕКА,Италия,EWALL,"atlas concorde ewall, атлас конкорд эволл, плитка ewall, pure, concrete, night, white, suede, moka, orange, amethyst, red, petroleum green, damask, stripes, minibrick, купить, поставщик, скидки, цены",Каталог керамической плитки Atlas Concorde Ewall / Атлас Конкорд Эволл от прямого поставщика КЕРАМОТЕКА. Привлекательные цены и скидки. Опт и розница. В наличии.,ATLAS CONCORDE EWALL / АТЛАС КОНКОРД ЭВОЛЛ - оригинальная керамическая плитка для смелых интерьерных решений. КЕРАМОТЕКА.,На складе,$$$,https://www.keramoteka.ru/upload/uf/eae/keramoteka-atlas-concorde-ewall.pdf,Статус NHS - ОТСУТСВУЕТ,Керамическая плитка для стен,Concrete,"30,5X56 СМ",9EWC,./temp_files/img/ATLAS CONCORDE_EWALL_Concrete.jpg
ATLAS CONCORDE,./temp_files/logo/ATLAS CONCORDE.png,"atlas concorde, атлас конкорд, плитка atlas concorde, керамогранит atlas concorde, плитка, керамогранит, atlas concord, плитка конкорд, плитка atlas, поставщик, атлас конкорд италия, атлас конкорд сайт","Каталог керамической плитки и керамогранита ATLAS CONCORDE / АТЛАС КОНКОРД (Италия) от прямого поставщика КЕРАМОТЕКА. Низкие цены, скидки. Оптовые и розничные продажи. Материал в наличии.",ATLAS CONCORDE / АТЛАС КОНКОРД (Италия) Керамическая плитка и керамогранит от прямого поставщика - компании КЕРАМОТЕКА,Италия,EWALL,"atlas concorde ewall, атлас конкорд эволл, плитка ewall, pure, concrete, night, white, suede, moka, orange, amethyst, red, petroleum green, damask, stripes, minibrick, купить, поставщик, скидки, цены",Каталог керамической плитки Atlas Concorde Ewall / Атлас Конкорд Эволл от прямого поставщика КЕРАМОТЕКА. Привлекательные цены и скидки. Опт и розница. В наличии.,ATLAS CONCORDE EWALL / АТЛАС КОНКОРД ЭВОЛЛ - оригинальная керамическая плитка для смелых интерьерных решений. КЕРАМОТЕКА.,На складе,$$$,https://www.keramoteka.ru/upload/uf/eae/keramoteka-atlas-concorde-ewall.pdf,Статус NHS - ОТСУТСВУЕТ,Керамическая плитка для стен,Night,"30,5X56 СМ",9EWN,./temp_files/img/ATLAS CONCORDE_EWALL_Night.jpg
ATLAS CONCORDE,./temp_files/logo/ATLAS CONCORDE.png,"atlas concorde, атлас конкорд, плитка atlas concorde, керамогранит atlas concorde, плитка, керамогранит, atlas concord, плитка конкорд, плитка atlas, поставщик, атлас конкорд италия, атлас конкорд сайт","Каталог керамической плитки и керамогранита ATLAS CONCORDE / АТЛАС КОНКОРД (Италия) от прямого поставщика КЕРАМОТЕКА. Низкие цены, скидки. Оптовые и розничные продажи. Материал в наличии.",ATLAS CONCORDE / АТЛАС КОНКОРД (Италия) Керамическая плитка и керамогранит от прямого поставщика - компании КЕРАМОТЕКА,Италия,EWALL,"atlas concorde ewall, атлас конкорд эволл, плитка ewall, pure, concrete, night, white, suede, moka, orange, amethyst, red, petroleum green, damask, stripes, minibrick, купить, поставщик, скидки, цены",Каталог керамической плитки Atlas Concorde Ewall / Атлас Конкорд Эволл от прямого поставщика КЕРАМОТЕКА. Привлекательные цены и скидки. Опт и розница. В наличии.,ATLAS CONCORDE EWALL / АТЛАС КОНКОРД ЭВОЛЛ - оригинальная керамическая плитка для смелых интерьерных решений. КЕРАМОТЕКА.,На складе,$$$,https://www.keramoteka.ru/upload/uf/eae/keramoteka-atlas-concorde-ewall.pdf,Статус NHS - ОТСУТСВУЕТ,Керамическая плитка для стен,Pure Stripes,"30,5X56 СМ",9EWE,./temp_files/img/ATLAS CONCORDE_EWALL_Pure Stripes.jpg
ATLAS CONCORDE,./temp_files/logo/ATLAS CONCORDE.png,"atlas concorde, атлас конкорд, плитка atlas concorde, керамогранит atlas concorde, плитка, керамогранит, atlas concord, плитка конкорд, плитка atlas, поставщик, атлас конкорд италия, атлас конкорд сайт","Каталог керамической плитки и керамогранита ATLAS CONCORDE / АТЛАС КОНКОРД (Италия) от прямого поставщика КЕРАМОТЕКА. Низкие цены, скидки. Оптовые и розничные продажи. Материал в наличии.",ATLAS CONCORDE / АТЛАС КОНКОРД (Италия) Керамическая плитка и керамогранит от прямого поставщика - компании КЕРАМОТЕКА,Италия,EWALL,"atlas concorde ewall, атлас конкорд эволл, плитка ewall, pure, concrete, night, white, suede, moka, orange, amethyst, red, petroleum green, damask, stripes, minibrick, купить, поставщик, скидки, цены",Каталог керамической плитки Atlas Concorde Ewall / Атлас Конкорд Эволл от прямого поставщика КЕРАМОТЕКА. Привлекательные цены и скидки. Опт и розница. В наличии.,ATLAS CONCORDE EWALL / АТЛАС КОНКОРД ЭВОЛЛ - оригинальная керамическая плитка для смелых интерьерных решений. КЕРАМОТЕКА.,На складе,$$$,https://www.keramoteka.ru/upload/uf/eae/keramoteka-atlas-concorde-ewall.pdf,Статус NHS - ОТСУТСВУЕТ,Керамическая плитка для стен,White Stripes,"30,5X56 СМ",9EWH,./temp_files/img/ATLAS CONCORDE_EWALL_White Stripes.jpg
ATLAS CONCORDE,./temp_files/logo/ATLAS CONCORDE.png,"atlas concorde, атлас конкорд, плитка atlas concorde, керамогранит atlas concorde, плитка, керамогранит, atlas concord, плитка конкорд, плитка atlas, поставщик, атлас конкорд италия, атлас конкорд сайт","Каталог керамической плитки и керамогранита ATLAS CONCORDE / АТЛАС КОНКОРД (Италия) от прямого поставщика КЕРАМОТЕКА. Низкие цены, скидки. Оптовые и розничные продажи. Материал в наличии.",ATLAS CONCORDE / АТЛАС КОНКОРД (Италия) Керамическая плитка и керамогранит от прямого поставщика - компании КЕРАМОТЕКА,Италия,EWALL,"atlas concorde ewall, атлас конкорд эволл, плитка ewall, pure, concrete, night, white, suede, moka, orange, amethyst, red, petroleum green, damask, stripes, minibrick, купить, поставщик, скидки, цены",Каталог керамической плитки Atlas Concorde Ewall / Атлас Конкорд Эволл от прямого поставщика КЕРАМОТЕКА. Привлекательные цены и скидки. Опт и розница. В наличии.,ATLAS CONCORDE EWALL / АТЛАС КОНКОРД ЭВОЛЛ - оригинальная керамическая плитка для смелых интерьерных решений. КЕРАМОТЕКА.,На складе,$$$,https://www.keramoteka.ru/upload/uf/eae/keramoteka-atlas-concorde-ewall.pdf,Статус NHS - ОТСУТСВУЕТ,Декоративные элементы,White Gold Damask,40X80 СМ,8EDW,./temp_files/img/ATLAS CONCORDE_EWALL_White Gold Damask.jpg
ATLAS CONCORDE,./temp_files/logo/ATLAS CONCORDE.png,"atlas concorde, атлас конкорд, плитка atlas concorde, керамогранит atlas concorde, плитка, керамогранит, atlas concord, плитка конкорд, плитка atlas, поставщик, атлас конкорд италия, атлас конкорд сайт","Каталог керамической плитки и керамогранита ATLAS CONCORDE / АТЛАС КОНКОРД (Италия) от прямого поставщика КЕРАМОТЕКА. Низкие цены, скидки. Оптовые и розничные продажи. Материал в наличии.",ATLAS CONCORDE / АТЛАС КОНКОРД (Италия) Керамическая плитка и керамогранит от прямого поставщика - компании КЕРАМОТЕКА,Италия,EWALL,"atlas concorde ewall, атлас конкорд эволл, плитка ewall, pure, concrete, night, white, suede, moka, orange, amethyst, red, petroleum green, damask, stripes, minibrick, купить, поставщик, скидки, цены",Каталог керамической плитки Atlas Concorde Ewall / Атлас Конкорд Эволл от прямого поставщика КЕРАМОТЕКА. Привлекательные цены и скидки. Опт и розница. В наличии.,ATLAS CONCORDE EWALL / АТЛАС КОНКОРД ЭВОЛЛ - оригинальная керамическая плитка для смелых интерьерных решений. КЕРАМОТЕКА.,На складе,$$$,https://www.keramoteka.ru/upload/uf/eae/keramoteka-atlas-concorde-ewall.pdf,Статус NHS - ОТСУТСВУЕТ,Декоративные элементы,Moka Gold Damask,40X80 СМ,8EDK,./temp_files/img/ATLAS CONCORDE_EWALL_Moka Gold Damask.jpg
ATLAS CONCORDE,./temp_files/logo/ATLAS CONCORDE.png,"atlas concorde, атлас конкорд, плитка atlas concorde, керамогранит atlas concorde, плитка, керамогранит, atlas concord, плитка конкорд, плитка atlas, поставщик, атлас конкорд италия, атлас конкорд сайт","Каталог керамической плитки и керамогранита ATLAS CONCORDE / АТЛАС КОНКОРД (Италия) от прямого поставщика КЕРАМОТЕКА. Низкие цены, скидки. Оптовые и розничные продажи. Материал в наличии.",ATLAS CONCORDE / АТЛАС КОНКОРД (Италия) Керамическая плитка и керамогранит от прямого поставщика - компании КЕРАМОТЕКА,Италия,EWALL,"atlas concorde ewall, атлас конкорд эволл, плитка ewall, pure, concrete, night, white, suede, moka, orange, amethyst, red, petroleum green, damask, stripes, minibrick, купить, поставщик, скидки, цены",Каталог керамической плитки Atlas Concorde Ewall / Атлас Конкорд Эволл от прямого поставщика КЕРАМОТЕКА. Привлекательные цены и скидки. Опт и розница. В наличии.,ATLAS CONCORDE EWALL / АТЛАС КОНКОРД ЭВОЛЛ - оригинальная керамическая плитка для смелых интерьерных решений. КЕРАМОТЕКА.,На складе,$$$,https://www.keramoteka.ru/upload/uf/eae/keramoteka-atlas-concorde-ewall.pdf,Статус NHS - ОТСУТСВУЕТ,Декоративные элементы,Petroleum Green Damask,40X80 СМ,8EDH,./temp_files/img/ATLAS CONCORDE_EWALL_Petroleum Green Damask.jpg
ATLAS CONCORDE,./temp_files/logo/ATLAS CONCORDE.png,"atlas concorde, атлас конкорд, плитка atlas concorde, керамогранит atlas concorde, плитка, керамогранит, atlas concord, плитка конкорд, плитка atlas, поставщик, атлас конкорд италия, атлас конкорд сайт","Каталог керамической плитки и керамогранита ATLAS CONCORDE / АТЛАС КОНКОРД (Италия) от прямого поставщика КЕРАМОТЕКА. Низкие цены, скидки. Оптовые и розничные продажи. Материал в наличии.",ATLAS CONCORDE / АТЛАС КОНКОРД (Италия) Керамическая плитка и керамогранит от прямого поставщика - компании КЕРАМОТЕКА,Италия,EWALL,"atlas concorde ewall, атлас конкорд эволл, плитка ewall, pure, concrete, night, white, suede, moka, orange, amethyst, red, petroleum green, damask, stripes, minibrick, купить, поставщик, скидки, цены",Каталог керамической плитки Atlas Concorde Ewall / Атлас Конкорд Эволл от прямого поставщика КЕРАМОТЕКА. Привлекательные цены и скидки. Опт и розница. В наличии.,ATLAS CONCORDE EWALL / АТЛАС КОНКОРД ЭВОЛЛ - оригинальная керамическая плитка для смелых интерьерных решений. КЕРАМОТЕКА.,На складе,$$$,https://www.keramoteka.ru/upload/uf/eae/keramoteka-atlas-concorde-ewall.pdf,Статус NHS - ОТСУТСВУЕТ,Декоративные элементы,White Roses,40X80 СМ,8ERW,./temp_files/img/ATLAS CONCORDE_EWALL_White Roses.jpg
ATLAS CONCORDE,./temp_files/logo/ATLAS CONCORDE.png,"atlas concorde, атлас конкорд, плитка atlas concorde, керамогранит atlas concorde, плитка, керамогранит, atlas concord, плитка конкорд, плитка atlas, поставщик, атлас конкорд италия, атлас конкорд сайт","Каталог керамической плитки и керамогранита ATLAS CONCORDE / АТЛАС КОНКОРД (Италия) от прямого поставщика КЕРАМОТЕКА. Низкие цены, скидки. Оптовые и розничные продажи. Материал в наличии.",ATLAS CONCORDE / АТЛАС КОНКОРД (Италия) Керамическая плитка и керамогранит от прямого поставщика - компании КЕРАМОТЕКА,Италия,EWALL,"atlas concorde ewall, атлас конкорд эволл, плитка ewall, pure, concrete, night, white, suede, moka, orange, amethyst, red, petroleum green, damask, stripes, minibrick, купить, поставщик, скидки, цены",Каталог керамической плитки Atlas Concorde Ewall / Атлас Конкорд Эволл от прямого поставщика КЕРАМОТЕКА. Привлекательные цены и скидки. Опт и розница. В наличии.,ATLAS CONCORDE EWALL / АТЛАС КОНКОРД ЭВОЛЛ - оригинальная керамическая плитка для смелых интерьерных решений. КЕРАМОТЕКА.,На складе,$$$,https://www.keramoteka.ru/upload/uf/eae/keramoteka-atlas-concorde-ewall.pdf,Статус NHS - ОТСУТСВУЕТ,Декоративные элементы,Moka Stripes,40X80 СМ,8EEM,./temp_files/img/ATLAS CONCORDE_EWALL_Moka Stripes.jpg
ATLAS CONCORDE,./temp_files/logo/ATLAS CONCORDE.png,"atlas concorde, атлас конкорд, плитка atlas concorde, керамогранит atlas concorde, плитка, керамогранит, atlas concord, плитка конкорд, плитка atlas, поставщик, атлас конкорд италия, атлас конкорд сайт","Каталог керамической плитки и керамогранита ATLAS CONCORDE / АТЛАС КОНКОРД (Италия) от прямого поставщика КЕРАМОТЕКА. Низкие цены, скидки. Оптовые и розничные продажи. Материал в наличии.",ATLAS CONCORDE / АТЛАС КОНКОРД (Италия) Керамическая плитка и керамогранит от прямого поставщика - компании КЕРАМОТЕКА,Италия,EWALL,"atlas concorde ewall, атлас конкорд эволл, плитка ewall, pure, concrete, night, white, suede, moka, orange, amethyst, red, petroleum green, damask, stripes, minibrick, купить, поставщик, скидки, цены",Каталог керамической плитки Atlas Concorde Ewall / Атлас Конкорд Эволл от прямого поставщика КЕРАМОТЕКА. Привлекательные цены и скидки. Опт и розница. В наличии.,ATLAS CONCORDE EWALL / АТЛАС КОНКОРД ЭВОЛЛ - оригинальная керамическая плитка для смелых интерьерных решений. КЕРАМОТЕКА.,На складе,$$$,https://www.keramoteka.ru/upload/uf/eae/keramoteka-atlas-concorde-ewall.pdf,Статус NHS - ОТСУТСВУЕТ,Декоративные элементы,Amethyst Stripes,40X80 СМ,8EEA,./temp_files/img/ATLAS CONCORDE_EWALL_Amethyst Stripes.jpg
ATLAS CONCORDE,./temp_files/logo/ATLAS CONCORDE.png,"atlas concorde, атлас конкорд, плитка atlas concorde, керамогранит atlas concorde, плитка, керамогранит, atlas concord, плитка конкорд, плитка atlas, поставщик, атлас конкорд италия, атлас конкорд сайт","Каталог керамической плитки и керамогранита ATLAS CONCORDE / АТЛАС КОНКОРД (Италия) от прямого поставщика КЕРАМОТЕКА. Низкие цены, скидки. Оптовые и розничные продажи. Материал в наличии.",ATLAS CONCORDE / АТЛАС КОНКОРД (Италия) Керамическая плитка и керамогранит от прямого поставщика - компании КЕРАМОТЕКА,Италия,EWALL,"atlas concorde ewall, атлас конкорд эволл, плитка ewall, pure, concrete, night, white, suede, moka, orange, amethyst, red, petroleum green, damask, stripes, minibrick, купить, поставщик, скидки, цены",Каталог керамической плитки Atlas Concorde Ewall / Атлас Конкорд Эволл от прямого поставщика КЕРАМОТЕКА. Привлекательные цены и скидки. Опт и розница. В наличии.,ATLAS CONCORDE EWALL / АТЛАС КОНКОРД ЭВОЛЛ - оригинальная керамическая плитка для смелых интерьерных решений. КЕРАМОТЕКА.,На складе,$$$,https://www.keramoteka.ru/upload/uf/eae/keramoteka-atlas-concorde-ewall.pdf,Статус NHS - ОТСУТСВУЕТ,Декоративные элементы,Petroleum Green Stripes,40X80 СМ,8EEP,./temp_files/img/ATLAS CONCORDE_EWALL_Petroleum Green Stripes.jpg
ATLAS CONCORDE,./temp_files/logo/ATLAS CONCORDE.png,"atlas concorde, атлас конкорд, плитка atlas concorde, керамогранит atlas concorde, плитка, керамогранит, atlas concord, плитка конкорд, плитка atlas, поставщик, атлас конкорд италия, атлас конкорд сайт","Каталог керамической плитки и керамогранита ATLAS CONCORDE / АТЛАС КОНКОРД (Италия) от прямого поставщика КЕРАМОТЕКА. Низкие цены, скидки. Оптовые и розничные продажи. Материал в наличии.",ATLAS CONCORDE / АТЛАС КОНКОРД (Италия) Керамическая плитка и керамогранит от прямого поставщика - компании КЕРАМОТЕКА,Италия,EWALL,"atlas concorde ewall, атлас конкорд эволл, плитка ewall, pure, concrete, night, white, suede, moka, orange, amethyst, red, petroleum green, damask, stripes, minibrick, купить, поставщик, скидки, цены",Каталог керамической плитки Atlas Concorde Ewall / Атлас Конкорд Эволл от прямого поставщика КЕРАМОТЕКА. Привлекательные цены и скидки. Опт и розница. В наличии.,ATLAS CONCORDE EWALL / АТЛАС КОНКОРД ЭВОЛЛ - оригинальная керамическая плитка для смелых интерьерных решений. КЕРАМОТЕКА.,На складе,$$$,https://www.keramoteka.ru/upload/uf/eae/keramoteka-atlas-concorde-ewall.pdf,Статус NHS - ОТСУТСВУЕТ,Декоративные элементы,Orange Stripes,40X80 СМ,8EEO,./temp_files/img/ATLAS CONCORDE_EWALL_Orange Stripes.jpg
ATLAS CONCORDE,./temp_files/logo/ATLAS CONCORDE.png,"atlas concorde, атлас конкорд, плитка atlas concorde, керамогранит atlas concorde, плитка, керамогранит, atlas concord, плитка конкорд, плитка atlas, поставщик, атлас конкорд италия, атлас конкорд сайт","Каталог керамической плитки и керамогранита ATLAS CONCORDE / АТЛАС КОНКОРД (Италия) от прямого поставщика КЕРАМОТЕКА. Низкие цены, скидки. Оптовые и розничные продажи. Материал в наличии.",ATLAS CONCORDE / АТЛАС КОНКОРД (Италия) Керамическая плитка и керамогранит от прямого поставщика - компании КЕРАМОТЕКА,Италия,EWALL,"atlas concorde ewall, атлас конкорд эволл, плитка ewall, pure, concrete, night, white, suede, moka, orange, amethyst, red, petroleum green, damask, stripes, minibrick, купить, поставщик, скидки, цены",Каталог керамической плитки Atlas Concorde Ewall / Атлас Конкорд Эволл от прямого поставщика КЕРАМОТЕКА. Привлекательные цены и скидки. Опт и розница. В наличии.,ATLAS CONCORDE EWALL / АТЛАС КОНКОРД ЭВОЛЛ - оригинальная керамическая плитка для смелых интерьерных решений. КЕРАМОТЕКА.,На складе,$$$,https://www.keramoteka.ru/upload/uf/eae/keramoteka-atlas-concorde-ewall.pdf,Статус NHS - ОТСУТСВУЕТ,Декоративные элементы,Red Stripes,40X80 СМ,8EER,./temp_files/img/ATLAS CONCORDE_EWALL_Red Stripes.jpg
ATLAS CONCORDE,./temp_files/logo/ATLAS CONCORDE.png,"atlas concorde, атлас конкорд, плитка atlas concorde, керамогранит atlas concorde, плитка, керамогранит, atlas concord, плитка конкорд, плитка atlas, поставщик, атлас конкорд италия, атлас конкорд сайт","Каталог керамической плитки и керамогранита ATLAS CONCORDE / АТЛАС КОНКОРД (Италия) от прямого поставщика КЕРАМОТЕКА. Низкие цены, скидки. Оптовые и розничные продажи. Материал в наличии.",ATLAS CONCORDE / АТЛАС КОНКОРД (Италия) Керамическая плитка и керамогранит от прямого поставщика - компании КЕРАМОТЕКА,Италия,EWALL,"atlas concorde ewall, атлас конкорд эволл, плитка ewall, pure, concrete, night, white, suede, moka, orange, amethyst, red, petroleum green, damask, stripes, minibrick, купить, поставщик, скидки, цены",Каталог керамической плитки Atlas Concorde Ewall / Атлас Конкорд Эволл от прямого поставщика КЕРАМОТЕКА. Привлекательные цены и скидки. Опт и розница. В наличии.,ATLAS CONCORDE EWALL / АТЛАС КОНКОРД ЭВОЛЛ - оригинальная керамическая плитка для смелых интерьерных решений. КЕРАМОТЕКА.,На складе,$$$,https://www.keramoteka.ru/upload/uf/eae/keramoteka-atlas-concorde-ewall.pdf,Статус NHS - ОТСУТСВУЕТ,Мозаика,Pure Minibrick,"30,5X30,5 СМ",9EMI,./temp_files/img/ATLAS CONCORDE_EWALL_Pure Minibrick.jpg
ATLAS CONCORDE,./temp_files/logo/ATLAS CONCORDE.png,"atlas concorde, атлас конкорд, плитка atlas concorde, керамогранит atlas concorde, плитка, керамогранит, atlas concord, плитка конкорд, плитка atlas, поставщик, атлас конкорд италия, атлас конкорд сайт","Каталог керамической плитки и керамогранита ATLAS CONCORDE / АТЛАС КОНКОРД (Италия) от прямого поставщика КЕРАМОТЕКА. Низкие цены, скидки. Оптовые и розничные продажи. Материал в наличии.",ATLAS CONCORDE / АТЛАС КОНКОРД (Италия) Керамическая плитка и керамогранит от прямого поставщика - компании КЕРАМОТЕКА,Италия,EWALL,"atlas concorde ewall, атлас конкорд эволл, плитка ewall, pure, concrete, night, white, suede, moka, orange, amethyst, red, petroleum green, damask, stripes, minibrick, купить, поставщик, скидки, цены",Каталог керамической плитки Atlas Concorde Ewall / Атлас Конкорд Эволл от прямого поставщика КЕРАМОТЕКА. Привлекательные цены и скидки. Опт и розница. В наличии.,ATLAS CONCORDE EWALL / АТЛАС КОНКОРД ЭВОЛЛ - оригинальная керамическая плитка для смелых интерьерных решений. КЕРАМОТЕКА.,На складе,$$$,https://www.keramoteka.ru/upload/uf/eae/keramoteka-atlas-concorde-ewall.pdf,Статус NHS - ОТСУТСВУЕТ,Мозаика,White Minibrick,"30,5X30,5 СМ",9EMW,./temp_files/img/ATLAS CONCORDE_EWALL_White Minibrick.jpg
ATLAS CONCORDE,./temp_files/logo/ATLAS CONCORDE.png,"atlas concorde, атлас конкорд, плитка atlas concorde, керамогранит atlas concorde, плитка, керамогранит, atlas concord, плитка конкорд, плитка atlas, поставщик, атлас конкорд италия, атлас конкорд сайт","Каталог керамической плитки и керамогранита ATLAS CONCORDE / АТЛАС КОНКОРД (Италия) от прямого поставщика КЕРАМОТЕКА. Низкие цены, скидки. Оптовые и розничные продажи. Материал в наличии.",ATLAS CONCORDE / АТЛАС КОНКОРД (Италия) Керамическая плитка и керамогранит от прямого поставщика - компании КЕРАМОТЕКА,Италия,EWALL,"atlas concorde ewall, атлас конкорд эволл, плитка ewall, pure, concrete, night, white, suede, moka, orange, amethyst, red, petroleum green, damask, stripes, minibrick, купить, поставщик, скидки, цены",Каталог керамической плитки Atlas Concorde Ewall / Атлас Конкорд Эволл от прямого поставщика КЕРАМОТЕКА. Привлекательные цены и скидки. Опт и розница. В наличии.,ATLAS CONCORDE EWALL / АТЛАС КОНКОРД ЭВОЛЛ - оригинальная керамическая плитка для смелых интерьерных решений. КЕРАМОТЕКА.,На складе,$$$,https://www.keramoteka.ru/upload/uf/eae/keramoteka-atlas-concorde-ewall.pdf,Статус NHS - ОТСУТСВУЕТ,Мозаика,Suede Minibrick,"30,5X30,5 СМ",9EMS,./temp_files/img/ATLAS CONCORDE_EWALL_Suede Minibrick.jpg
ATLAS CONCORDE,./temp_files/logo/ATLAS CONCORDE.png,"atlas concorde, атлас конкорд, плитка atlas concorde, керамогранит atlas concorde, плитка, керамогранит, atlas concord, плитка конкорд, плитка atlas, поставщик, атлас конкорд италия, атлас конкорд сайт","Каталог керамической плитки и керамогранита ATLAS CONCORDE / АТЛАС КОНКОРД (Италия) от прямого поставщика КЕРАМОТЕКА. Низкие цены, скидки. Оптовые и розничные продажи. Материал в наличии.",ATLAS CONCORDE / АТЛАС КОНКОРД (Италия) Керамическая плитка и керамогранит от прямого поставщика - компании КЕРАМОТЕКА,Италия,EWALL,"atlas concorde ewall, атлас конкорд эволл, плитка ewall, pure, concrete, night, white, suede, moka, orange, amethyst, red, petroleum green, damask, stripes, minibrick, купить, поставщик, скидки, цены",Каталог керамической плитки Atlas Concorde Ewall / Атлас Конкорд Эволл от прямого поставщика КЕРАМОТЕКА. Привлекательные цены и скидки. Опт и розница. В наличии.,ATLAS CONCORDE EWALL / АТЛАС КОНКОРД ЭВОЛЛ - оригинальная керамическая плитка для смелых интерьерных решений. КЕРАМОТЕКА.,На складе,$$$,https://www.keramoteka.ru/upload/uf/eae/keramoteka-atlas-concorde-ewall.pdf,Статус NHS - ОТСУТСВУЕТ,Мозаика,Moka Minibrick,"30,5X30,5 СМ",9EMM,./temp_files/img/ATLAS CONCORDE_EWALL_Moka Minibrick.jpg
ATLAS CONCORDE,./temp_files/logo/ATLAS CONCORDE.png,"atlas concorde, атлас конкорд, плитка atlas concorde, керамогранит atlas concorde, плитка, керамогранит, atlas concord, плитка конкорд, плитка atlas, поставщик, атлас конкорд италия, атлас конкорд сайт","Каталог керамической плитки и керамогранита ATLAS CONCORDE / АТЛАС КОНКОРД (Италия) от прямого поставщика КЕРАМОТЕКА. Низкие цены, скидки. Оптовые и розничные продажи. Материал в наличии.",ATLAS CONCORDE / АТЛАС КОНКОРД (Италия) Керамическая плитка и керамогранит от прямого поставщика - компании КЕРАМОТЕКА,Италия,EWALL,"atlas concorde ewall, атлас конкорд эволл, плитка ewall, pure, concrete, night, white, suede, moka, orange, amethyst, red, petroleum green, damask, stripes, minibrick, купить, поставщик, скидки, цены",Каталог керамической плитки Atlas Concorde Ewall / Атлас Конкорд Эволл от прямого поставщика КЕРАМОТЕКА. Привлекательные цены и скидки. Опт и розница. В наличии.,ATLAS CONCORDE EWALL / АТЛАС КОНКОРД ЭВОЛЛ - оригинальная керамическая плитка для смелых интерьерных решений. КЕРАМОТЕКА.,На складе,$$$,https://www.keramoteka.ru/upload/uf/eae/keramoteka-atlas-concorde-ewall.pdf,Статус NHS - ОТСУТСВУЕТ,Мозаика,Concrete Minibrick,"30,5X30,5 СМ",9EMC,./temp_files/img/ATLAS CONCORDE_EWALL_Concrete Minibrick.jpg
ATLAS CONCORDE,./temp_files/logo/ATLAS CONCORDE.png,"atlas concorde, атлас конкорд, плитка atlas concorde, керамогранит atlas concorde, плитка, керамогранит, atlas concord, плитка конкорд, плитка atlas, поставщик, атлас конкорд италия, атлас конкорд сайт","Каталог керамической плитки и керамогранита ATLAS CONCORDE / АТЛАС КОНКОРД (Италия) от прямого поставщика КЕРАМОТЕКА. Низкие цены, скидки. Оптовые и розничные продажи. Материал в наличии.",ATLAS CONCORDE / АТЛАС КОНКОРД (Италия) Керамическая плитка и керамогранит от прямого поставщика - компании КЕРАМОТЕКА,Италия,EWALL,"atlas concorde ewall, атлас конкорд эволл, плитка ewall, pure, concrete, night, white, suede, moka, orange, amethyst, red, petroleum green, damask, stripes, minibrick, купить, поставщик, скидки, цены",Каталог керамической плитки Atlas Concorde Ewall / Атлас Конкорд Эволл от прямого поставщика КЕРАМОТЕКА. Привлекательные цены и скидки. Опт и розница. В наличии.,ATLAS CONCORDE EWALL / АТЛАС КОНКОРД ЭВОЛЛ - оригинальная керамическая плитка для смелых интерьерных решений. КЕРАМОТЕКА.,На складе,$$$,https://www.keramoteka.ru/upload/uf/eae/keramoteka-atlas-concorde-ewall.pdf,Статус NHS - ОТСУТСВУЕТ,Мозаика,Night Minibrick,"30,5X30,5 СМ",9EMN,./temp_files/img/ATLAS CONCORDE_EWALL_Night Minibrick.jpg
ATLAS CONCORDE,./temp_files/logo/ATLAS CONCORDE.png,"atlas concorde, атлас конкорд, плитка atlas concorde, керамогранит atlas concorde, плитка, керамогранит, atlas concord, плитка конкорд, плитка atlas, поставщик, атлас конкорд италия, атлас конкорд сайт","Каталог керамической плитки и керамогранита ATLAS CONCORDE / АТЛАС КОНКОРД (Италия) от прямого поставщика КЕРАМОТЕКА. Низкие цены, скидки. Оптовые и розничные продажи. Материал в наличии.",ATLAS CONCORDE / АТЛАС КОНКОРД (Италия) Керамическая плитка и керамогранит от прямого поставщика - компании КЕРАМОТЕКА,Италия,EWALL,"atlas concorde ewall, атлас конкорд эволл, плитка ewall, pure, concrete, night, white, suede, moka, orange, amethyst, red, petroleum green, damask, stripes, minibrick, купить, поставщик, скидки, цены",Каталог керамической плитки Atlas Concorde Ewall / Атлас Конкорд Эволл от прямого поставщика КЕРАМОТЕКА. Привлекательные цены и скидки. Опт и розница. В наличии.,ATLAS CONCORDE EWALL / АТЛАС КОНКОРД ЭВОЛЛ - оригинальная керамическая плитка для смелых интерьерных решений. КЕРАМОТЕКА.,На складе,$$$,https://www.keramoteka.ru/upload/uf/eae/keramoteka-atlas-concorde-ewall.pdf,Статус NHS - ОТСУТСВУЕТ,Мозаика,Amethyst Minibrick,"30,5X30,5 СМ",9EMA,./temp_files/img/ATLAS CONCORDE_EWALL_Amethyst Minibrick.jpg
ATLAS CONCORDE,./temp_files/logo/ATLAS CONCORDE.png,"atlas concorde, атлас конкорд, плитка atlas concorde, керамогранит atlas concorde, плитка, керамогранит, atlas concord, плитка конкорд, плитка atlas, поставщик, атлас конкорд италия, атлас конкорд сайт","Каталог керамической плитки и керамогранита ATLAS CONCORDE / АТЛАС КОНКОРД (Италия) от прямого поставщика КЕРАМОТЕКА. Низкие цены, скидки. Оптовые и розничные продажи. Материал в наличии.",ATLAS CONCORDE / АТЛАС КОНКОРД (Италия) Керамическая плитка и керамогранит от прямого поставщика - компании КЕРАМОТЕКА,Италия,EWALL,"atlas concorde ewall, атлас конкорд эволл, плитка ewall, pure, concrete, night, white, suede, moka, orange, amethyst, red, petroleum green, damask, stripes, minibrick, купить, поставщик, скидки, цены",Каталог керамической плитки Atlas Concorde Ewall / Атлас Конкорд Эволл от прямого поставщика КЕРАМОТЕКА. Привлекательные цены и скидки. Опт и розница. В наличии.,ATLAS CONCORDE EWALL / АТЛАС КОНКОРД ЭВОЛЛ - оригинальная керамическая плитка для смелых интерьерных решений. КЕРАМОТЕКА.,На складе,$$$,https://www.keramoteka.ru/upload/uf/eae/keramoteka-atlas-concorde-ewall.pdf,Статус NHS - ОТСУТСВУЕТ,Мозаика,Petroleum Green Minibrick,"30,5X30,5 СМ",9EME,./temp_files/img/ATLAS CONCORDE_EWALL_Petroleum Green Minibrick.jpg
ATLAS CONCORDE,./temp_files/logo/ATLAS CONCORDE.png,"atlas concorde, атлас конкорд, плитка atlas concorde, керамогранит atlas concorde, плитка, керамогранит, atlas concord, плитка конкорд, плитка atlas, поставщик, атлас конкорд италия, атлас конкорд сайт","Каталог керамической плитки и керамогранита ATLAS CONCORDE / АТЛАС КОНКОРД (Италия) от прямого поставщика КЕРАМОТЕКА. Низкие цены, скидки. Оптовые и розничные продажи. Материал в наличии.",ATLAS CONCORDE / АТЛАС КОНКОРД (Италия) Керамическая плитка и керамогранит от прямого поставщика - компании КЕРАМОТЕКА,Италия,EWALL,"atlas concorde ewall, атлас конкорд эволл, плитка ewall, pure, concrete, night, white, suede, moka, orange, amethyst, red, petroleum green, damask, stripes, minibrick, купить, поставщик, скидки, цены",Каталог керамической плитки Atlas Concorde Ewall / Атлас Конкорд Эволл от прямого поставщика КЕРАМОТЕКА. Привлекательные цены и скидки. Опт и розница. В наличии.,ATLAS CONCORDE EWALL / АТЛАС КОНКОРД ЭВОЛЛ - оригинальная керамическая плитка для смелых интерьерных решений. КЕРАМОТЕКА.,На складе,$$$,https://www.keramoteka.ru/upload/uf/eae/keramoteka-atlas-concorde-ewall.pdf,Статус NHS - ОТСУТСВУЕТ,Мозаика,Orange Minibrick,"30,5X30,5 СМ",9EMO,./temp_files/img/ATLAS CONCORDE_EWALL_Orange Minibrick.jpg
ATLAS CONCORDE,./temp_files/logo/ATLAS CONCORDE.png,"atlas concorde, атлас конкорд, плитка atlas concorde, керамогранит atlas concorde, плитка, керамогранит, atlas concord, плитка конкорд, плитка atlas, поставщик, атлас конкорд италия, атлас конкорд сайт","Каталог керамической плитки и керамогранита ATLAS CONCORDE / АТЛАС КОНКОРД (Италия) от прямого поставщика КЕРАМОТЕКА. Низкие цены, скидки. Оптовые и розничные продажи. Материал в наличии.",ATLAS CONCORDE / АТЛАС КОНКОРД (Италия) Керамическая плитка и керамогранит от прямого поставщика - компании КЕРАМОТЕКА,Италия,EWALL,"atlas concorde ewall, атлас конкорд эволл, плитка ewall, pure, concrete, night, white, suede, moka, orange, amethyst, red, petroleum green, damask, stripes, minibrick, купить, поставщик, скидки, цены",Каталог керамической плитки Atlas Concorde Ewall / Атлас Конкорд Эволл от прямого поставщика КЕРАМОТЕКА. Привлекательные цены и скидки. Опт и розница. В наличии.,ATLAS CONCORDE EWALL / АТЛАС КОНКОРД ЭВОЛЛ - оригинальная керамическая плитка для смелых интерьерных решений. КЕРАМОТЕКА.,На складе,$$$,https://www.keramoteka.ru/upload/uf/eae/keramoteka-atlas-concorde-ewall.pdf,Статус NHS - ОТСУТСВУЕТ,Мозаика,Red Minibrick,"30,5X30,5 СМ",9EMR,./temp_files/img/ATLAS CONCORDE_EWALL_Red Minibrick.jpg
ATLAS CONCORDE,./temp_files/logo/ATLAS CONCORDE.png,"atlas concorde, атлас конкорд, плитка atlas concorde, керамогранит atlas concorde, плитка, керамогранит, atlas concord, плитка конкорд, плитка atlas, поставщик, атлас конкорд италия, атлас конкорд сайт","Каталог керамической плитки и керамогранита ATLAS CONCORDE / АТЛАС КОНКОРД (Италия) от прямого поставщика КЕРАМОТЕКА. Низкие цены, скидки. Оптовые и розничные продажи. Материал в наличии.",ATLAS CONCORDE / АТЛАС КОНКОРД (Италия) Керамическая плитка и керамогранит от прямого поставщика - компании КЕРАМОТЕКА,Италия,EWALL,"atlas concorde ewall, атлас конкорд эволл, плитка ewall, pure, concrete, night, white, suede, moka, orange, amethyst, red, petroleum green, damask, stripes, minibrick, купить, поставщик, скидки, цены",Каталог керамической плитки Atlas Concorde Ewall / Атлас Конкорд Эволл от прямого поставщика КЕРАМОТЕКА. Привлекательные цены и скидки. Опт и розница. В наличии.,ATLAS CONCORDE EWALL / АТЛАС КОНКОРД ЭВОЛЛ - оригинальная керамическая плитка для смелых интерьерных решений. КЕРАМОТЕКА.,На складе,$$$,https://www.keramoteka.ru/upload/uf/eae/keramoteka-atlas-concorde-ewall.pdf,Статус NHS - ОТСУТСВУЕТ,Мозаика,Platinum Mosaic,"30,5X30,5 СМ",9EMP,./temp_files/img/ATLAS CONCORDE_EWALL_Platinum Mosaic.jpg
ATLAS CONCORDE,./temp_files/logo/ATLAS CONCORDE.png,"atlas concorde, атлас конкорд, плитка atlas concorde, керамогранит atlas concorde, плитка, керамогранит, atlas concord, плитка конкорд, плитка atlas, поставщик, атлас конкорд италия, атлас конкорд сайт","Каталог керамической плитки и керамогранита ATLAS CONCORDE / АТЛАС КОНКОРД (Италия) от прямого поставщика КЕРАМОТЕКА. Низкие цены, скидки. Оптовые и розничные продажи. Материал в наличии.",ATLAS CONCORDE / АТЛАС КОНКОРД (Италия) Керамическая плитка и керамогранит от прямого поставщика - компании КЕРАМОТЕКА,Италия,EWALL,"atlas concorde ewall, атлас конкорд эволл, плитка ewall, pure, concrete, night, white, suede, moka, orange, amethyst, red, petroleum green, damask, stripes, minibrick, купить, поставщик, скидки, цены",Каталог керамической плитки Atlas Concorde Ewall / Атлас Конкорд Эволл от прямого поставщика КЕРАМОТЕКА. Привлекательные цены и скидки. Опт и розница. В наличии.,ATLAS CONCORDE EWALL / АТЛАС КОНКОРД ЭВОЛЛ - оригинальная керамическая плитка для смелых интерьерных решений. КЕРАМОТЕКА.,На складе,$$$,https://www.keramoteka.ru/upload/uf/eae/keramoteka-atlas-concorde-ewall.pdf,Статус NHS - ОТСУТСВУЕТ,Специальные элементы,Внешний угол Pure Spigolo,"0,8X20 СМ",LESP,./temp_files/img/ATLAS CONCORDE_EWALL_Внешний угол Pure Spigolo.jpg
ATLAS CONCORDE,./temp_files/logo/ATLAS CONCORDE.png,"atlas concorde, атлас конкорд, плитка atlas concorde, керамогранит atlas concorde, плитка, керамогранит, atlas concord, плитка конкорд, плитка atlas, поставщик, атлас конкорд италия, атлас конкорд сайт","Каталог керамической плитки и керамогранита ATLAS CONCORDE / АТЛАС КОНКОРД (Италия) от прямого поставщика КЕРАМОТЕКА. Низкие цены, скидки. Оптовые и розничные продажи. Материал в наличии.",ATLAS CONCORDE / АТЛАС КОНКОРД (Италия) Керамическая плитка и керамогранит от прямого поставщика - компании КЕРАМОТЕКА,Италия,EWALL,"atlas concorde ewall, атлас конкорд эволл, плитка ewall, pure, concrete, night, white, suede, moka, orange, amethyst, red, petroleum green, damask, stripes, minibrick, купить, поставщик, скидки, цены",Каталог керамической плитки Atlas Concorde Ewall / Атлас Конкорд Эволл от прямого поставщика КЕРАМОТЕКА. Привлекательные цены и скидки. Опт и розница. В наличии.,ATLAS CONCORDE EWALL / АТЛАС КОНКОРД ЭВОЛЛ - оригинальная керамическая плитка для смелых интерьерных решений. КЕРАМОТЕКА.,На складе,$$$,https://www.keramoteka.ru/upload/uf/eae/keramoteka-atlas-concorde-ewall.pdf,Статус NHS - ОТСУТСВУЕТ,Специальные элементы,Внешний угол White Spigolo,"0,8X20 СМ",LESW,./temp_files/img/ATLAS CONCORDE_EWALL_Внешний угол White Spigolo.jpg
ATLAS CONCORDE,./temp_files/logo/ATLAS CONCORDE.png,"atlas concorde, атлас конкорд, плитка atlas concorde, керамогранит atlas concorde, плитка, керамогранит, atlas concord, плитка конкорд, плитка atlas, поставщик, атлас конкорд италия, атлас конкорд сайт","Каталог керамической плитки и керамогранита ATLAS CONCORDE / АТЛАС КОНКОРД (Италия) от прямого поставщика КЕРАМОТЕКА. Низкие цены, скидки. Оптовые и розничные продажи. Материал в наличии.",ATLAS CONCORDE / АТЛАС КОНКОРД (Италия) Керамическая плитка и керамогранит от прямого поставщика - компании КЕРАМОТЕКА,Италия,EWALL,"atlas concorde ewall, атлас конкорд эволл, плитка ewall, pure, concrete, night, white, suede, moka, orange, amethyst, red, petroleum green, damask, stripes, minibrick, купить, поставщик, скидки, цены",Каталог керамической плитки Atlas Concorde Ewall / Атлас Конкорд Эволл от прямого поставщика КЕРАМОТЕКА. Привлекательные цены и скидки. Опт и розница. В наличии.,ATLAS CONCORDE EWALL / АТЛАС КОНКОРД ЭВОЛЛ - оригинальная керамическая плитка для смелых интерьерных решений. КЕРАМОТЕКА.,На складе,$$$,https://www.keramoteka.ru/upload/uf/eae/keramoteka-atlas-concorde-ewall.pdf,Статус NHS - ОТСУТСВУЕТ,Специальные элементы,Внешний угол Suede Spigolo,"0,8X20 СМ",LESS,./temp_files/img/ATLAS CONCORDE_EWALL_Внешний угол Suede Spigolo.jpg
ATLAS CONCORDE,./temp_files/logo/ATLAS CONCORDE.png,"atlas concorde, атлас конкорд, плитка atlas concorde, керамогранит atlas concorde, плитка, керамогранит, atlas concord, плитка конкорд, плитка atlas, поставщик, атлас конкорд италия, атлас конкорд сайт","Каталог керамической плитки и керамогранита ATLAS CONCORDE / АТЛАС КОНКОРД (Италия) от прямого поставщика КЕРАМОТЕКА. Низкие цены, скидки. Оптовые и розничные продажи. Материал в наличии.",ATLAS CONCORDE / АТЛАС КОНКОРД (Италия) Керамическая плитка и керамогранит от прямого поставщика - компании КЕРАМОТЕКА,Италия,EWALL,"atlas concorde ewall, атлас конкорд эволл, плитка ewall, pure, concrete, night, white, suede, moka, orange, amethyst, red, petroleum green, damask, stripes, minibrick, купить, поставщик, скидки, цены",Каталог керамической плитки Atlas Concorde Ewall / Атлас Конкорд Эволл от прямого поставщика КЕРАМОТЕКА. Привлекательные цены и скидки. Опт и розница. В наличии.,ATLAS CONCORDE EWALL / АТЛАС КОНКОРД ЭВОЛЛ - оригинальная керамическая плитка для смелых интерьерных решений. КЕРАМОТЕКА.,На складе,$$$,https://www.keramoteka.ru/upload/uf/eae/keramoteka-atlas-concorde-ewall.pdf,Статус NHS - ОТСУТСВУЕТ,Специальные элементы,Внешний угол Moka Spigolo,"0,8X20 СМ",LESM,./temp_files/img/ATLAS CONCORDE_EWALL_Внешний угол Moka Spigolo.jpg
ATLAS CONCORDE,./temp_files/logo/ATLAS CONCORDE.png,"atlas concorde, атлас конкорд, плитка atlas concorde, керамогранит atlas concorde, плитка, керамогранит, atlas concord, плитка конкорд, плитка atlas, поставщик, атлас конкорд италия, атлас конкорд сайт","Каталог керамической плитки и керамогранита ATLAS CONCORDE / АТЛАС КОНКОРД (Италия) от прямого поставщика КЕРАМОТЕКА. Низкие цены, скидки. Оптовые и розничные продажи. Материал в наличии.",ATLAS CONCORDE / АТЛАС КОНКОРД (Италия) Керамическая плитка и керамогранит от прямого поставщика - компании КЕРАМОТЕКА,Италия,EWALL,"atlas concorde ewall, атлас конкорд эволл, плитка ewall, pure, concrete, night, white, suede, moka, orange, amethyst, red, petroleum green, damask, stripes, minibrick, купить, поставщик, скидки, цены",Каталог керамической плитки Atlas Concorde Ewall / Атлас Конкорд Эволл от прямого поставщика КЕРАМОТЕКА. Привлекательные цены и скидки. Опт и розница. В наличии.,ATLAS CONCORDE EWALL / АТЛАС КОНКОРД ЭВОЛЛ - оригинальная керамическая плитка для смелых интерьерных решений. КЕРАМОТЕКА.,На складе,$$$,https://www.keramoteka.ru/upload/uf/eae/keramoteka-atlas-concorde-ewall.pdf,Статус NHS - ОТСУТСВУЕТ,Специальные элементы,Внешний угол Concrete Spigolo,"0,8X20 СМ",LESC,./temp_files/img/ATLAS CONCORDE_EWALL_Внешний угол Concrete Spigolo.jpg
ATLAS CONCORDE,./temp_files/logo/ATLAS CONCORDE.png,"atlas concorde, атлас конкорд, плитка atlas concorde, керамогранит atlas concorde, плитка, керамогранит, atlas concord, плитка конкорд, плитка atlas, поставщик, атлас конкорд италия, атлас конкорд сайт","Каталог керамической плитки и керамогранита ATLAS CONCORDE / АТЛАС КОНКОРД (Италия) от прямого поставщика КЕРАМОТЕКА. Низкие цены, скидки. Оптовые и розничные продажи. Материал в наличии.",ATLAS CONCORDE / АТЛАС КОНКОРД (Италия) Керамическая плитка и керамогранит от прямого поставщика - компании КЕРАМОТЕКА,Италия,EWALL,"atlas concorde ewall, атлас конкорд эволл, плитка ewall, pure, concrete, night, white, suede, moka, orange, amethyst, red, petroleum green, damask, stripes, minibrick, купить, поставщик, скидки, цены",Каталог керамической плитки Atlas Concorde Ewall / Атлас Конкорд Эволл от прямого поставщика КЕРАМОТЕКА. Привлекательные цены и скидки. Опт и розница. В наличии.,ATLAS CONCORDE EWALL / АТЛАС КОНКОРД ЭВОЛЛ - оригинальная керамическая плитка для смелых интерьерных решений. КЕРАМОТЕКА.,На складе,$$$,https://www.keramoteka.ru/upload/uf/eae/keramoteka-atlas-concorde-ewall.pdf,Статус NHS - ОТСУТСВУЕТ,Специальные элементы,Внешний угол Night Spigolo,"0,8X20 СМ",LESN,./temp_files/img/ATLAS CONCORDE_EWALL_Внешний угол Night Spigolo.jpg
ATLAS CONCORDE,./temp_files/logo/ATLAS CONCORDE.png,"atlas concorde, атлас конкорд, плитка atlas concorde, керамогранит atlas concorde, плитка, керамогранит, atlas concord, плитка конкорд, плитка atlas, поставщик, атлас конкорд италия, атлас конкорд сайт","Каталог керамической плитки и керамогранита ATLAS CONCORDE / АТЛАС КОНКОРД (Италия) от прямого поставщика КЕРАМОТЕКА. Низкие цены, скидки. Оптовые и розничные продажи. Материал в наличии.",ATLAS CONCORDE / АТЛАС КОНКОРД (Италия) Керамическая плитка и керамогранит от прямого поставщика - компании КЕРАМОТЕКА,Италия,EWALL,"atlas concorde ewall, атлас конкорд эволл, плитка ewall, pure, concrete, night, white, suede, moka, orange, amethyst, red, petroleum green, damask, stripes, minibrick, купить, поставщик, скидки, цены",Каталог керамической плитки Atlas Concorde Ewall / Атлас Конкорд Эволл от прямого поставщика КЕРАМОТЕКА. Привлекательные цены и скидки. Опт и розница. В наличии.,ATLAS CONCORDE EWALL / АТЛАС КОНКОРД ЭВОЛЛ - оригинальная керамическая плитка для смелых интерьерных решений. КЕРАМОТЕКА.,На складе,$$$,https://www.keramoteka.ru/upload/uf/eae/keramoteka-atlas-concorde-ewall.pdf,Статус NHS - ОТСУТСВУЕТ,Специальные элементы,Внешний угол Amethyst Spigolo,"0,8X20 СМ",LESA,./temp_files/img/ATLAS CONCORDE_EWALL_Внешний угол Amethyst Spigolo.jpg
ATLAS CONCORDE,./temp_files/logo/ATLAS CONCORDE.png,"atlas concorde, атлас конкорд, плитка atlas concorde, керамогранит atlas concorde, плитка, керамогранит, atlas concord, плитка конкорд, плитка atlas, поставщик, атлас конкорд италия, атлас конкорд сайт","Каталог керамической плитки и керамогранита ATLAS CONCORDE / АТЛАС КОНКОРД (Италия) от прямого поставщика КЕРАМОТЕКА. Низкие цены, скидки. Оптовые и розничные продажи. Материал в наличии.",ATLAS CONCORDE / АТЛАС КОНКОРД (Италия) Керамическая плитка и керамогранит от прямого поставщика - компании КЕРАМОТЕКА,Италия,EWALL,"atlas concorde ewall, атлас конкорд эволл, плитка ewall, pure, concrete, night, white, suede, moka, orange, amethyst, red, petroleum green, damask, stripes, minibrick, купить, поставщик, скидки, цены",Каталог керамической плитки Atlas Concorde Ewall / Атлас Конкорд Эволл от прямого поставщика КЕРАМОТЕКА. Привлекательные цены и скидки. Опт и розница. В наличии.,ATLAS CONCORDE EWALL / АТЛАС КОНКОРД ЭВОЛЛ - оригинальная керамическая плитка для смелых интерьерных решений. КЕРАМОТЕКА.,На складе,$$$,https://www.keramoteka.ru/upload/uf/eae/keramoteka-atlas-concorde-ewall.pdf,Статус NHS - ОТСУТСВУЕТ,Специальные элементы,Внешний угол Petroleum Green Spigolo,"0,8X20 СМ",LESE,./temp_files/img/ATLAS CONCORDE_EWALL_Внешний угол Petroleum Green Spigolo.jpg
ATLAS CONCORDE,./temp_files/logo/ATLAS CONCORDE.png,"atlas concorde, атлас конкорд, плитка atlas concorde, керамогранит atlas concorde, плитка, керамогранит, atlas concord, плитка конкорд, плитка atlas, поставщик, атлас конкорд италия, атлас конкорд сайт","Каталог керамической плитки и керамогранита ATLAS CONCORDE / АТЛАС КОНКОРД (Италия) от прямого поставщика КЕРАМОТЕКА. Низкие цены, скидки. Оптовые и розничные продажи. Материал в наличии.",ATLAS CONCORDE / АТЛАС КОНКОРД (Италия) Керамическая плитка и керамогранит от прямого поставщика - компании КЕРАМОТЕКА,Италия,EWALL,"atlas concorde ewall, атлас конкорд эволл, плитка ewall, pure, concrete, night, white, suede, moka, orange, amethyst, red, petroleum green, damask, stripes, minibrick, купить, поставщик, скидки, цены",Каталог керамической плитки Atlas Concorde Ewall / Атлас Конкорд Эволл от прямого поставщика КЕРАМОТЕКА. Привлекательные цены и скидки. Опт и розница. В наличии.,ATLAS CONCORDE EWALL / АТЛАС КОНКОРД ЭВОЛЛ - оригинальная керамическая плитка для смелых интерьерных решений. КЕРАМОТЕКА.,На складе,$$$,https://www.keramoteka.ru/upload/uf/eae/keramoteka-atlas-concorde-ewall.pdf,Статус NHS - ОТСУТСВУЕТ,Специальные элементы,Внешний угол Orange Spigolo,"0,8X20 СМ",LESO,./temp_files/img/ATLAS CONCORDE_EWALL_Внешний угол Orange Spigolo.jpg
ATLAS CONCORDE,./temp_files/logo/ATLAS CONCORDE.png,"atlas concorde, атлас конкорд, плитка atlas concorde, керамогранит atlas concorde, плитка, керамогранит, atlas concord, плитка конкорд, плитка atlas, поставщик, атлас конкорд италия, атлас конкорд сайт","Каталог керамической плитки и керамогранита ATLAS CONCORDE / АТЛАС КОНКОРД (Италия) от прямого поставщика КЕРАМОТЕКА. Низкие цены, скидки. Оптовые и розничные продажи. Материал в наличии.",ATLAS CONCORDE / АТЛАС КОНКОРД (Италия) Керамическая плитка и керамогранит от прямого поставщика - компании КЕРАМОТЕКА,Италия,EWALL,"atlas concorde ewall, атлас конкорд эволл, плитка ewall, pure, concrete, night, white, suede, moka, orange, amethyst, red, petroleum green, damask, stripes, minibrick, купить, поставщик, скидки, цены",Каталог керамической плитки Atlas Concorde Ewall / Атлас Конкорд Эволл от прямого поставщика КЕРАМОТЕКА. Привлекательные цены и скидки. Опт и розница. В наличии.,ATLAS CONCORDE EWALL / АТЛАС КОНКОРД ЭВОЛЛ - оригинальная керамическая плитка для смелых интерьерных решений. КЕРАМОТЕКА.,На складе,$$$,https://www.keramoteka.ru/upload/uf/eae/keramoteka-atlas-concorde-ewall.pdf,Статус NHS - ОТСУТСВУЕТ,Специальные элементы,Внешний угол Red Spigolo,"0,8X20 СМ",LESR,./temp_files/img/ATLAS CONCORDE_EWALL_Внешний угол Red Spigolo.jpg
ATLAS CONCORDE,./temp_files/logo/ATLAS CONCORDE.png,"atlas concorde, атлас конкорд, плитка atlas concorde, керамогранит atlas concorde, плитка, керамогранит, atlas concord, плитка конкорд, плитка atlas, поставщик, атлас конкорд италия, атлас конкорд сайт","Каталог керамической плитки и керамогранита ATLAS CONCORDE / АТЛАС КОНКОРД (Италия) от прямого поставщика КЕРАМОТЕКА. Низкие цены, скидки. Оптовые и розничные продажи. Материал в наличии.",ATLAS CONCORDE / АТЛАС КОНКОРД (Италия) Керамическая плитка и керамогранит от прямого поставщика - компании КЕРАМОТЕКА,Италия,EWALL,"atlas concorde ewall, атлас конкорд эволл, плитка ewall, pure, concrete, night, white, suede, moka, orange, amethyst, red, petroleum green, damask, stripes, minibrick, купить, поставщик, скидки, цены",Каталог керамической плитки Atlas Concorde Ewall / Атлас Конкорд Эволл от прямого поставщика КЕРАМОТЕКА. Привлекательные цены и скидки. Опт и розница. В наличии.,ATLAS CONCORDE EWALL / АТЛАС КОНКОРД ЭВОЛЛ - оригинальная керамическая плитка для смелых интерьерных решений. КЕРАМОТЕКА.,На складе,$$$,https://www.keramoteka.ru/upload/uf/eae/keramoteka-atlas-concorde-ewall.pdf,Статус NHS - ОТСУТСВУЕТ,Специальные элементы,Спецэлемент для внешнего угла Pure Spigolo AE,"0,8X0,8 СМ",AESP,./temp_files/img/ATLAS CONCORDE_EWALL_Спецэлемент для внешнего угла Pure Spigolo AE.jpg
ATLAS CONCORDE,./temp_files/logo/ATLAS CONCORDE.png,"atlas concorde, атлас конкорд, плитка atlas concorde, керамогранит atlas concorde, плитка, керамогранит, atlas concord, плитка конкорд, плитка atlas, поставщик, атлас конкорд италия, атлас конкорд сайт","Каталог керамической плитки и керамогранита ATLAS CONCORDE / АТЛАС КОНКОРД (Италия) от прямого поставщика КЕРАМОТЕКА. Низкие цены, скидки. Оптовые и розничные продажи. Материал в наличии.",ATLAS CONCORDE / АТЛАС КОНКОРД (Италия) Керамическая плитка и керамогранит от прямого поставщика - компании КЕРАМОТЕКА,Италия,EWALL,"atlas concorde ewall, атлас конкорд эволл, плитка ewall, pure, concrete, night, white, suede, moka, orange, amethyst, red, petroleum green, damask, stripes, minibrick, купить, поставщик, скидки, цены",Каталог керамической плитки Atlas Concorde Ewall / Атлас Конкорд Эволл от прямого поставщика КЕРАМОТЕКА. Привлекательные цены и скидки. Опт и розница. В наличии.,ATLAS CONCORDE EWALL / АТЛАС КОНКОРД ЭВОЛЛ - оригинальная керамическая плитка для смелых интерьерных решений. КЕРАМОТЕКА.,На складе,$$$,https://www.keramoteka.ru/upload/uf/eae/keramoteka-atlas-concorde-ewall.pdf,Статус NHS - ОТСУТСВУЕТ,Специальные элементы,Спецэлемент для внешнего угла White Spigolo AE,"0,8X0,8 СМ",AESW,./temp_files/img/ATLAS CONCORDE_EWALL_Спецэлемент для внешнего угла White Spigolo AE.jpg
ATLAS CONCORDE,./temp_files/logo/ATLAS CONCORDE.png,"atlas concorde, атлас конкорд, плитка atlas concorde, керамогранит atlas concorde, плитка, керамогранит, atlas concord, плитка конкорд, плитка atlas, поставщик, атлас конкорд италия, атлас конкорд сайт","Каталог керамической плитки и керамогранита ATLAS CONCORDE / АТЛАС КОНКОРД (Италия) от прямого поставщика КЕРАМОТЕКА. Низкие цены, скидки. Оптовые и розничные продажи. Материал в наличии.",ATLAS CONCORDE / АТЛАС КОНКОРД (Италия) Керамическая плитка и керамогранит от прямого поставщика - компании КЕРАМОТЕКА,Италия,EWALL,"atlas concorde ewall, атлас конкорд эволл, плитка ewall, pure, concrete, night, white, suede, moka, orange, amethyst, red, petroleum green, damask, stripes, minibrick, купить, поставщик, скидки, цены",Каталог керамической плитки Atlas Concorde Ewall / Атлас Конкорд Эволл от прямого поставщика КЕРАМОТЕКА. Привлекательные цены и скидки. Опт и розница. В наличии.,ATLAS CONCORDE EWALL / АТЛАС КОНКОРД ЭВОЛЛ - оригинальная керамическая плитка для смелых интерьерных решений. КЕРАМОТЕКА.,На складе,$$$,https://www.keramoteka.ru/upload/uf/eae/keramoteka-atlas-concorde-ewall.pdf,Статус NHS - ОТСУТСВУЕТ,Специальные элементы,Спецэлемент для внешнего угла Suede Spigolo AE,"0,8X0,8 СМ",AESS,./temp_files/img/ATLAS CONCORDE_EWALL_Спецэлемент для внешнего угла Suede Spigolo AE.jpg
ATLAS CONCORDE,./temp_files/logo/ATLAS CONCORDE.png,"atlas concorde, атлас конкорд, плитка atlas concorde, керамогранит atlas concorde, плитка, керамогранит, atlas concord, плитка конкорд, плитка atlas, поставщик, атлас конкорд италия, атлас конкорд сайт","Каталог керамической плитки и керамогранита ATLAS CONCORDE / АТЛАС КОНКОРД (Италия) от прямого поставщика КЕРАМОТЕКА. Низкие цены, скидки. Оптовые и розничные продажи. Материал в наличии.",ATLAS CONCORDE / АТЛАС КОНКОРД (Италия) Керамическая плитка и керамогранит от прямого поставщика - компании КЕРАМОТЕКА,Италия,EWALL,"atlas concorde ewall, атлас конкорд эволл, плитка ewall, pure, concrete, night, white, suede, moka, orange, amethyst, red, petroleum green, damask, stripes, minibrick, купить, поставщик, скидки, цены",Каталог керамической плитки Atlas Concorde Ewall / Атлас Конкорд Эволл от прямого поставщика КЕРАМОТЕКА. Привлекательные цены и скидки. Опт и розница. В наличии.,ATLAS CONCORDE EWALL / АТЛАС КОНКОРД ЭВОЛЛ - оригинальная керамическая плитка для смелых интерьерных решений. КЕРАМОТЕКА.,На складе,$$$,https://www.keramoteka.ru/upload/uf/eae/keramoteka-atlas-concorde-ewall.pdf,Статус NHS - ОТСУТСВУЕТ,Специальные элементы,Спецэлемент для внешнего угла Moka Spigolo AE,"0,8X0,8 СМ",AESM,./temp_files/img/ATLAS CONCORDE_EWALL_Спецэлемент для внешнего угла Moka Spigolo AE.jpg
ATLAS CONCORDE,./temp_files/logo/ATLAS CONCORDE.png,"atlas concorde, атлас конкорд, плитка atlas concorde, керамогранит atlas concorde, плитка, керамогранит, atlas concord, плитка конкорд, плитка atlas, поставщик, атлас конкорд италия, атлас конкорд сайт","Каталог керамической плитки и керамогранита ATLAS CONCORDE / АТЛАС КОНКОРД (Италия) от прямого поставщика КЕРАМОТЕКА. Низкие цены, скидки. Оптовые и розничные продажи. Материал в наличии.",ATLAS CONCORDE / АТЛАС КОНКОРД (Италия) Керамическая плитка и керамогранит от прямого поставщика - компании КЕРАМОТЕКА,Италия,EWALL,"atlas concorde ewall, атлас конкорд эволл, плитка ewall, pure, concrete, night, white, suede, moka, orange, amethyst, red, petroleum green, damask, stripes, minibrick, купить, поставщик, скидки, цены",Каталог керамической плитки Atlas Concorde Ewall / Атлас Конкорд Эволл от прямого поставщика КЕРАМОТЕКА. Привлекательные цены и скидки. Опт и розница. В наличии.,ATLAS CONCORDE EWALL / АТЛАС КОНКОРД ЭВОЛЛ - оригинальная керамическая плитка для смелых интерьерных решений. КЕРАМОТЕКА.,На складе,$$$,https://www.keramoteka.ru/upload/uf/eae/keramoteka-atlas-concorde-ewall.pdf,Статус NHS - ОТСУТСВУЕТ,Специальные элементы,Спецэлемент для внешнего угла Concrete Spigolo AE,"0,8X0,8 СМ",AESC,./temp_files/img/ATLAS CONCORDE_EWALL_Спецэлемент для внешнего угла Concrete Spigolo AE.jpg
ATLAS CONCORDE,./temp_files/logo/ATLAS CONCORDE.png,"atlas concorde, атлас конкорд, плитка atlas concorde, керамогранит atlas concorde, плитка, керамогранит, atlas concord, плитка конкорд, плитка atlas, поставщик, атлас конкорд италия, атлас конкорд сайт","Каталог керамической плитки и керамогранита ATLAS CONCORDE / АТЛАС КОНКОРД (Италия) от прямого поставщика КЕРАМОТЕКА. Низкие цены, скидки. Оптовые и розничные продажи. Материал в наличии.",ATLAS CONCORDE / АТЛАС КОНКОРД (Италия) Керамическая плитка и керамогранит от прямого поставщика - компании КЕРАМОТЕКА,Италия,EWALL,"atlas concorde ewall, атлас конкорд эволл, плитка ewall, pure, concrete, night, white, suede, moka, orange, amethyst, red, petroleum green, damask, stripes, minibrick, купить, поставщик, скидки, цены",Каталог керамической плитки Atlas Concorde Ewall / Атлас Конкорд Эволл от прямого поставщика КЕРАМОТЕКА. Привлекательные цены и скидки. Опт и розница. В наличии.,ATLAS CONCORDE EWALL / АТЛАС КОНКОРД ЭВОЛЛ - оригинальная керамическая плитка для смелых интерьерных решений. КЕРАМОТЕКА.,На складе,$$$,https://www.keramoteka.ru/upload/uf/eae/keramoteka-atlas-concorde-ewall.pdf,Статус NHS - ОТСУТСВУЕТ,Специальные элементы,Спецэлемент для внешнего угла Night Spigolo AE,"0,8X0,8 СМ",AESN,./temp_files/img/ATLAS CONCORDE_EWALL_Спецэлемент для внешнего угла Night Spigolo AE.jpg
ATLAS CONCORDE,./temp_files/logo/ATLAS CONCORDE.png,"atlas concorde, атлас конкорд, плитка atlas concorde, керамогранит atlas concorde, плитка, керамогранит, atlas concord, плитка конкорд, плитка atlas, поставщик, атлас конкорд италия, атлас конкорд сайт","Каталог керамической плитки и керамогранита ATLAS CONCORDE / АТЛАС КОНКОРД (Италия) от прямого поставщика КЕРАМОТЕКА. Низкие цены, скидки. Оптовые и розничные продажи. Материал в наличии.",ATLAS CONCORDE / АТЛАС КОНКОРД (Италия) Керамическая плитка и керамогранит от прямого поставщика - компании КЕРАМОТЕКА,Италия,EWALL,"atlas concorde ewall, атлас конкорд эволл, плитка ewall, pure, concrete, night, white, suede, moka, orange, amethyst, red, petroleum green, damask, stripes, minibrick, купить, поставщик, скидки, цены",Каталог керамической плитки Atlas Concorde Ewall / Атлас Конкорд Эволл от прямого поставщика КЕРАМОТЕКА. Привлекательные цены и скидки. Опт и розница. В наличии.,ATLAS CONCORDE EWALL / АТЛАС КОНКОРД ЭВОЛЛ - оригинальная керамическая плитка для смелых интерьерных решений. КЕРАМОТЕКА.,На складе,$$$,https://www.keramoteka.ru/upload/uf/eae/keramoteka-atlas-concorde-ewall.pdf,Статус NHS - ОТСУТСВУЕТ,Специальные элементы,Спецэлемент для внешнего угла Amethyst Spigolo AE,"0,8X0,8 СМ",AESA,./temp_files/img/ATLAS CONCORDE_EWALL_Спецэлемент для внешнего угла Amethyst Spigolo AE.jpg
ATLAS CONCORDE,./temp_files/logo/ATLAS CONCORDE.png,"atlas concorde, атлас конкорд, плитка atlas concorde, керамогранит atlas concorde, плитка, керамогранит, atlas concord, плитка конкорд, плитка atlas, поставщик, атлас конкорд италия, атлас конкорд сайт","Каталог керамической плитки и керамогранита ATLAS CONCORDE / АТЛАС КОНКОРД (Италия) от прямого поставщика КЕРАМОТЕКА. Низкие цены, скидки. Оптовые и розничные продажи. Материал в наличии.",ATLAS CONCORDE / АТЛАС КОНКОРД (Италия) Керамическая плитка и керамогранит от прямого поставщика - компании КЕРАМОТЕКА,Италия,EWALL,"atlas concorde ewall, атлас конкорд эволл, плитка ewall, pure, concrete, night, white, suede, moka, orange, amethyst, red, petroleum green, damask, stripes, minibrick, купить, поставщик, скидки, цены",Каталог керамической плитки Atlas Concorde Ewall / Атлас Конкорд Эволл от прямого поставщика КЕРАМОТЕКА. Привлекательные цены и скидки. Опт и розница. В наличии.,ATLAS CONCORDE EWALL / АТЛАС КОНКОРД ЭВОЛЛ - оригинальная керамическая плитка для смелых интерьерных решений. КЕРАМОТЕКА.,На складе,$$$,https://www.keramoteka.ru/upload/uf/eae/keramoteka-atlas-concorde-ewall.pdf,Статус NHS - ОТСУТСВУЕТ,Специальные элементы,Спецэлемент для внешнего угла Petroleum Green Spigolo AE,"0,8X0,8 СМ",AESE,./temp_files/img/ATLAS CONCORDE_EWALL_Спецэлемент для внешнего угла Petroleum Green Spigolo AE.jpg
ATLAS CONCORDE,./temp_files/logo/ATLAS CONCORDE.png,"atlas concorde, атлас конкорд, плитка atlas concorde, керамогранит atlas concorde, плитка, керамогранит, atlas concord, плитка конкорд, плитка atlas, поставщик, атлас конкорд италия, атлас конкорд сайт","Каталог керамической плитки и керамогранита ATLAS CONCORDE / АТЛАС КОНКОРД (Италия) от прямого поставщика КЕРАМОТЕКА. Низкие цены, скидки. Оптовые и розничные продажи. Материал в наличии.",ATLAS CONCORDE / АТЛАС КОНКОРД (Италия) Керамическая плитка и керамогранит от прямого поставщика - компании КЕРАМОТЕКА,Италия,EWALL,"atlas concorde ewall, атлас конкорд эволл, плитка ewall, pure, concrete, night, white, suede, moka, orange, amethyst, red, petroleum green, damask, stripes, minibrick, купить, поставщик, скидки, цены",Каталог керамической плитки Atlas Concorde Ewall / Атлас Конкорд Эволл от прямого поставщика КЕРАМОТЕКА. Привлекательные цены и скидки. Опт и розница. В наличии.,ATLAS CONCORDE EWALL / АТЛАС КОНКОРД ЭВОЛЛ - оригинальная керамическая плитка для смелых интерьерных решений. КЕРАМОТЕКА.,На складе,$$$,https://www.keramoteka.ru/upload/uf/eae/keramoteka-atlas-concorde-ewall.pdf,Статус NHS - ОТСУТСВУЕТ,Специальные элементы,Спецэлемент для внешнего угла Orange Spigolo AE,"0,8X0,8 СМ",AESO,./temp_files/img/ATLAS CONCORDE_EWALL_Спецэлемент для внешнего угла Orange Spigolo AE.jpg
ATLAS CONCORDE,./temp_files/logo/ATLAS CONCORDE.png,"atlas concorde, атлас конкорд, плитка atlas concorde, керамогранит atlas concorde, плитка, керамогранит, atlas concord, плитка конкорд, плитка atlas, поставщик, атлас конкорд италия, атлас конкорд сайт","Каталог керамической плитки и керамогранита ATLAS CONCORDE / АТЛАС КОНКОРД (Италия) от прямого поставщика КЕРАМОТЕКА. Низкие цены, скидки. Оптовые и розничные продажи. Материал в наличии.",ATLAS CONCORDE / АТЛАС КОНКОРД (Италия) Керамическая плитка и керамогранит от прямого поставщика - компании КЕРАМОТЕКА,Италия,EWALL,"atlas concorde ewall, атлас конкорд эволл, плитка ewall, pure, concrete, night, white, suede, moka, orange, amethyst, red, petroleum green, damask, stripes, minibrick, купить, поставщик, скидки, цены",Каталог керамической плитки Atlas Concorde Ewall / Атлас Конкорд Эволл от прямого поставщика КЕРАМОТЕКА. Привлекательные цены и скидки. Опт и розница. В наличии.,ATLAS CONCORDE EWALL / АТЛАС КОНКОРД ЭВОЛЛ - оригинальная керамическая плитка для смелых интерьерных решений. КЕРАМОТЕКА.,На складе,$$$,https://www.keramoteka.ru/upload/uf/eae/keramoteka-atlas-concorde-ewall.pdf,Статус NHS - ОТСУТСВУЕТ,Специальные элементы,Спецэлемент для внешнего угла Red Spigolo AE,"0,8X0,8 СМ",AESR,./temp_files/img/ATLAS CONCORDE_EWALL_Спецэлемент для внешнего угла Red Spigolo AE.jpg
