ATLAS CONCORDE,./temp_files/logo/ATLAS CONCORDE.png,"atlas concorde, атлас конкорд, плитка atlas concorde, керамогранит atlas concorde, плитка, керамогранит, atlas concord, плитка конкорд, плитка atlas, поставщик, атлас конкорд италия, атлас конкорд сайт","Каталог керамической плитки и керамогранита ATLAS CONCORDE / АТЛАС КОНКОРД (Италия) от прямого поставщика КЕРАМОТЕКА. Низкие цены, скидки. Оптовые и розничные продажи. Материал в наличии.",ATLAS CONCORDE / АТЛАС КОНКОРД (Италия) Керамическая плитка и керамогранит от прямого поставщика - компании КЕРАМОТЕКА,Италия,EXTEND,"atlas concorde extend, атлас конкорд экстенд, керамогранит extend, купить, поставщик, скидки, цены",Каталог проектного керамического гранита ATLAS CONCORDE EXTEND от прямого поставщика КЕРАМОТЕКА. Опт и розница. Скидки. Цены.,ATLAS CONCORDE EXTEND / АТЛАС КОНКОРД ЭКСТЕНД - проектный керамогранит для общественных пространств. КЕРАМОТЕКА.,Под заказ,$$$,https://www.keramoteka.ru/upload/uf/9fd/keramoteka-atlas-concorde-extend.pdf,Статус NHS - ОТСУТСВУЕТ,Керамогранит,Grey,60X60 СМ,AR4B,./temp_files/img/ATLAS CONCORDE_EXTEND_Grey.jpg
ATLAS CONCORDE,./temp_files/logo/ATLAS CONCORDE.png,"atlas concorde, атлас конкорд, плитка atlas concorde, керамогранит atlas concorde, плитка, керамогранит, atlas concord, плитка конкорд, плитка atlas, поставщик, атлас конкорд италия, атлас конкорд сайт","Каталог керамической плитки и керамогранита ATLAS CONCORDE / АТЛАС КОНКОРД (Италия) от прямого поставщика КЕРАМОТЕКА. Низкие цены, скидки. Оптовые и розничные продажи. Материал в наличии.",ATLAS CONCORDE / АТЛАС КОНКОРД (Италия) Керамическая плитка и керамогранит от прямого поставщика - компании КЕРАМОТЕКА,Италия,EXTEND,"atlas concorde extend, атлас конкорд экстенд, керамогранит extend, купить, поставщик, скидки, цены",Каталог проектного керамического гранита ATLAS CONCORDE EXTEND от прямого поставщика КЕРАМОТЕКА. Опт и розница. Скидки. Цены.,ATLAS CONCORDE EXTEND / АТЛАС КОНКОРД ЭКСТЕНД - проектный керамогранит для общественных пространств. КЕРАМОТЕКА.,Под заказ,$$$,https://www.keramoteka.ru/upload/uf/9fd/keramoteka-atlas-concorde-extend.pdf,Статус NHS - ОТСУТСВУЕТ,Керамогранит,Black,60X60 СМ,AR4C,./temp_files/img/ATLAS CONCORDE_EXTEND_Black.jpg
ATLAS CONCORDE,./temp_files/logo/ATLAS CONCORDE.png,"atlas concorde, атлас конкорд, плитка atlas concorde, керамогранит atlas concorde, плитка, керамогранит, atlas concord, плитка конкорд, плитка atlas, поставщик, атлас конкорд италия, атлас конкорд сайт","Каталог керамической плитки и керамогранита ATLAS CONCORDE / АТЛАС КОНКОРД (Италия) от прямого поставщика КЕРАМОТЕКА. Низкие цены, скидки. Оптовые и розничные продажи. Материал в наличии.",ATLAS CONCORDE / АТЛАС КОНКОРД (Италия) Керамическая плитка и керамогранит от прямого поставщика - компании КЕРАМОТЕКА,Италия,EXTEND,"atlas concorde extend, атлас конкорд экстенд, керамогранит extend, купить, поставщик, скидки, цены",Каталог проектного керамического гранита ATLAS CONCORDE EXTEND от прямого поставщика КЕРАМОТЕКА. Опт и розница. Скидки. Цены.,ATLAS CONCORDE EXTEND / АТЛАС КОНКОРД ЭКСТЕНД - проектный керамогранит для общественных пространств. КЕРАМОТЕКА.,Под заказ,$$$,https://www.keramoteka.ru/upload/uf/9fd/keramoteka-atlas-concorde-extend.pdf,Статус NHS - ОТСУТСВУЕТ,Керамогранит,Ivory,60X60 СМ,AR39,./temp_files/img/ATLAS CONCORDE_EXTEND_Ivory.jpg
ATLAS CONCORDE,./temp_files/logo/ATLAS CONCORDE.png,"atlas concorde, атлас конкорд, плитка atlas concorde, керамогранит atlas concorde, плитка, керамогранит, atlas concord, плитка конкорд, плитка atlas, поставщик, атлас конкорд италия, атлас конкорд сайт","Каталог керамической плитки и керамогранита ATLAS CONCORDE / АТЛАС КОНКОРД (Италия) от прямого поставщика КЕРАМОТЕКА. Низкие цены, скидки. Оптовые и розничные продажи. Материал в наличии.",ATLAS CONCORDE / АТЛАС КОНКОРД (Италия) Керамическая плитка и керамогранит от прямого поставщика - компании КЕРАМОТЕКА,Италия,EXTEND,"atlas concorde extend, атлас конкорд экстенд, керамогранит extend, купить, поставщик, скидки, цены",Каталог проектного керамического гранита ATLAS CONCORDE EXTEND от прямого поставщика КЕРАМОТЕКА. Опт и розница. Скидки. Цены.,ATLAS CONCORDE EXTEND / АТЛАС КОНКОРД ЭКСТЕНД - проектный керамогранит для общественных пространств. КЕРАМОТЕКА.,Под заказ,$$$,https://www.keramoteka.ru/upload/uf/9fd/keramoteka-atlas-concorde-extend.pdf,Статус NHS - ОТСУТСВУЕТ,Керамогранит,Sand,60X60 СМ,AR4A,./temp_files/img/ATLAS CONCORDE_EXTEND_Sand.jpg
ATLAS CONCORDE,./temp_files/logo/ATLAS CONCORDE.png,"atlas concorde, атлас конкорд, плитка atlas concorde, керамогранит atlas concorde, плитка, керамогранит, atlas concord, плитка конкорд, плитка atlas, поставщик, атлас конкорд италия, атлас конкорд сайт","Каталог керамической плитки и керамогранита ATLAS CONCORDE / АТЛАС КОНКОРД (Италия) от прямого поставщика КЕРАМОТЕКА. Низкие цены, скидки. Оптовые и розничные продажи. Материал в наличии.",ATLAS CONCORDE / АТЛАС КОНКОРД (Италия) Керамическая плитка и керамогранит от прямого поставщика - компании КЕРАМОТЕКА,Италия,EXTEND,"atlas concorde extend, атлас конкорд экстенд, керамогранит extend, купить, поставщик, скидки, цены",Каталог проектного керамического гранита ATLAS CONCORDE EXTEND от прямого поставщика КЕРАМОТЕКА. Опт и розница. Скидки. Цены.,ATLAS CONCORDE EXTEND / АТЛАС КОНКОРД ЭКСТЕНД - проектный керамогранит для общественных пространств. КЕРАМОТЕКА.,Под заказ,$$$,https://www.keramoteka.ru/upload/uf/9fd/keramoteka-atlas-concorde-extend.pdf,Статус NHS - ОТСУТСВУЕТ,Керамогранит,Grey Strutturato Структурированный,60X60 СМ,AR4F,./temp_files/img/ATLAS CONCORDE_EXTEND_Grey Strutturato Структурированный.jpg
ATLAS CONCORDE,./temp_files/logo/ATLAS CONCORDE.png,"atlas concorde, атлас конкорд, плитка atlas concorde, керамогранит atlas concorde, плитка, керамогранит, atlas concord, плитка конкорд, плитка atlas, поставщик, атлас конкорд италия, атлас конкорд сайт","Каталог керамической плитки и керамогранита ATLAS CONCORDE / АТЛАС КОНКОРД (Италия) от прямого поставщика КЕРАМОТЕКА. Низкие цены, скидки. Оптовые и розничные продажи. Материал в наличии.",ATLAS CONCORDE / АТЛАС КОНКОРД (Италия) Керамическая плитка и керамогранит от прямого поставщика - компании КЕРАМОТЕКА,Италия,EXTEND,"atlas concorde extend, атлас конкорд экстенд, керамогранит extend, купить, поставщик, скидки, цены",Каталог проектного керамического гранита ATLAS CONCORDE EXTEND от прямого поставщика КЕРАМОТЕКА. Опт и розница. Скидки. Цены.,ATLAS CONCORDE EXTEND / АТЛАС КОНКОРД ЭКСТЕНД - проектный керамогранит для общественных пространств. КЕРАМОТЕКА.,Под заказ,$$$,https://www.keramoteka.ru/upload/uf/9fd/keramoteka-atlas-concorde-extend.pdf,Статус NHS - ОТСУТСВУЕТ,Керамогранит,Black Strutturato Структурированный,60X60 СМ,AR4G,./temp_files/img/ATLAS CONCORDE_EXTEND_Black Strutturato Структурированный.jpg
ATLAS CONCORDE,./temp_files/logo/ATLAS CONCORDE.png,"atlas concorde, атлас конкорд, плитка atlas concorde, керамогранит atlas concorde, плитка, керамогранит, atlas concord, плитка конкорд, плитка atlas, поставщик, атлас конкорд италия, атлас конкорд сайт","Каталог керамической плитки и керамогранита ATLAS CONCORDE / АТЛАС КОНКОРД (Италия) от прямого поставщика КЕРАМОТЕКА. Низкие цены, скидки. Оптовые и розничные продажи. Материал в наличии.",ATLAS CONCORDE / АТЛАС КОНКОРД (Италия) Керамическая плитка и керамогранит от прямого поставщика - компании КЕРАМОТЕКА,Италия,EXTEND,"atlas concorde extend, атлас конкорд экстенд, керамогранит extend, купить, поставщик, скидки, цены",Каталог проектного керамического гранита ATLAS CONCORDE EXTEND от прямого поставщика КЕРАМОТЕКА. Опт и розница. Скидки. Цены.,ATLAS CONCORDE EXTEND / АТЛАС КОНКОРД ЭКСТЕНД - проектный керамогранит для общественных пространств. КЕРАМОТЕКА.,Под заказ,$$$,https://www.keramoteka.ru/upload/uf/9fd/keramoteka-atlas-concorde-extend.pdf,Статус NHS - ОТСУТСВУЕТ,Керамогранит,Ivory Strutturato Структурированный,60X60 СМ,AR4D,./temp_files/img/ATLAS CONCORDE_EXTEND_Ivory Strutturato Структурированный.jpg
ATLAS CONCORDE,./temp_files/logo/ATLAS CONCORDE.png,"atlas concorde, атлас конкорд, плитка atlas concorde, керамогранит atlas concorde, плитка, керамогранит, atlas concord, плитка конкорд, плитка atlas, поставщик, атлас конкорд италия, атлас конкорд сайт","Каталог керамической плитки и керамогранита ATLAS CONCORDE / АТЛАС КОНКОРД (Италия) от прямого поставщика КЕРАМОТЕКА. Низкие цены, скидки. Оптовые и розничные продажи. Материал в наличии.",ATLAS CONCORDE / АТЛАС КОНКОРД (Италия) Керамическая плитка и керамогранит от прямого поставщика - компании КЕРАМОТЕКА,Италия,EXTEND,"atlas concorde extend, атлас конкорд экстенд, керамогранит extend, купить, поставщик, скидки, цены",Каталог проектного керамического гранита ATLAS CONCORDE EXTEND от прямого поставщика КЕРАМОТЕКА. Опт и розница. Скидки. Цены.,ATLAS CONCORDE EXTEND / АТЛАС КОНКОРД ЭКСТЕНД - проектный керамогранит для общественных пространств. КЕРАМОТЕКА.,Под заказ,$$$,https://www.keramoteka.ru/upload/uf/9fd/keramoteka-atlas-concorde-extend.pdf,Статус NHS - ОТСУТСВУЕТ,Керамогранит,Sand Strutturato Структурированный,60X60 СМ,AR4E,./temp_files/img/ATLAS CONCORDE_EXTEND_Sand Strutturato Структурированный.jpg
ATLAS CONCORDE,./temp_files/logo/ATLAS CONCORDE.png,"atlas concorde, атлас конкорд, плитка atlas concorde, керамогранит atlas concorde, плитка, керамогранит, atlas concord, плитка конкорд, плитка atlas, поставщик, атлас конкорд италия, атлас конкорд сайт","Каталог керамической плитки и керамогранита ATLAS CONCORDE / АТЛАС КОНКОРД (Италия) от прямого поставщика КЕРАМОТЕКА. Низкие цены, скидки. Оптовые и розничные продажи. Материал в наличии.",ATLAS CONCORDE / АТЛАС КОНКОРД (Италия) Керамическая плитка и керамогранит от прямого поставщика - компании КЕРАМОТЕКА,Италия,EXTEND,"atlas concorde extend, атлас конкорд экстенд, керамогранит extend, купить, поставщик, скидки, цены",Каталог проектного керамического гранита ATLAS CONCORDE EXTEND от прямого поставщика КЕРАМОТЕКА. Опт и розница. Скидки. Цены.,ATLAS CONCORDE EXTEND / АТЛАС КОНКОРД ЭКСТЕНД - проектный керамогранит для общественных пространств. КЕРАМОТЕКА.,Под заказ,$$$,https://www.keramoteka.ru/upload/uf/9fd/keramoteka-atlas-concorde-extend.pdf,Статус NHS - ОТСУТСВУЕТ,Керамогранит,Grey Strutturato Структурированный,40X60 СМ,AR4J,./temp_files/img/ATLAS CONCORDE_EXTEND_Grey Strutturato Структурированный.jpg
ATLAS CONCORDE,./temp_files/logo/ATLAS CONCORDE.png,"atlas concorde, атлас конкорд, плитка atlas concorde, керамогранит atlas concorde, плитка, керамогранит, atlas concord, плитка конкорд, плитка atlas, поставщик, атлас конкорд италия, атлас конкорд сайт","Каталог керамической плитки и керамогранита ATLAS CONCORDE / АТЛАС КОНКОРД (Италия) от прямого поставщика КЕРАМОТЕКА. Низкие цены, скидки. Оптовые и розничные продажи. Материал в наличии.",ATLAS CONCORDE / АТЛАС КОНКОРД (Италия) Керамическая плитка и керамогранит от прямого поставщика - компании КЕРАМОТЕКА,Италия,EXTEND,"atlas concorde extend, атлас конкорд экстенд, керамогранит extend, купить, поставщик, скидки, цены",Каталог проектного керамического гранита ATLAS CONCORDE EXTEND от прямого поставщика КЕРАМОТЕКА. Опт и розница. Скидки. Цены.,ATLAS CONCORDE EXTEND / АТЛАС КОНКОРД ЭКСТЕНД - проектный керамогранит для общественных пространств. КЕРАМОТЕКА.,Под заказ,$$$,https://www.keramoteka.ru/upload/uf/9fd/keramoteka-atlas-concorde-extend.pdf,Статус NHS - ОТСУТСВУЕТ,Керамогранит,Ivory Strutturato Структурированный,40X60 СМ,AR4H,./temp_files/img/ATLAS CONCORDE_EXTEND_Ivory Strutturato Структурированный.jpg
ATLAS CONCORDE,./temp_files/logo/ATLAS CONCORDE.png,"atlas concorde, атлас конкорд, плитка atlas concorde, керамогранит atlas concorde, плитка, керамогранит, atlas concord, плитка конкорд, плитка atlas, поставщик, атлас конкорд италия, атлас конкорд сайт","Каталог керамической плитки и керамогранита ATLAS CONCORDE / АТЛАС КОНКОРД (Италия) от прямого поставщика КЕРАМОТЕКА. Низкие цены, скидки. Оптовые и розничные продажи. Материал в наличии.",ATLAS CONCORDE / АТЛАС КОНКОРД (Италия) Керамическая плитка и керамогранит от прямого поставщика - компании КЕРАМОТЕКА,Италия,EXTEND,"atlas concorde extend, атлас конкорд экстенд, керамогранит extend, купить, поставщик, скидки, цены",Каталог проектного керамического гранита ATLAS CONCORDE EXTEND от прямого поставщика КЕРАМОТЕКА. Опт и розница. Скидки. Цены.,ATLAS CONCORDE EXTEND / АТЛАС КОНКОРД ЭКСТЕНД - проектный керамогранит для общественных пространств. КЕРАМОТЕКА.,Под заказ,$$$,https://www.keramoteka.ru/upload/uf/9fd/keramoteka-atlas-concorde-extend.pdf,Статус NHS - ОТСУТСВУЕТ,Керамогранит,Grey,30X60 СМ,AR4S,./temp_files/img/ATLAS CONCORDE_EXTEND_Grey.jpg
ATLAS CONCORDE,./temp_files/logo/ATLAS CONCORDE.png,"atlas concorde, атлас конкорд, плитка atlas concorde, керамогранит atlas concorde, плитка, керамогранит, atlas concord, плитка конкорд, плитка atlas, поставщик, атлас конкорд италия, атлас конкорд сайт","Каталог керамической плитки и керамогранита ATLAS CONCORDE / АТЛАС КОНКОРД (Италия) от прямого поставщика КЕРАМОТЕКА. Низкие цены, скидки. Оптовые и розничные продажи. Материал в наличии.",ATLAS CONCORDE / АТЛАС КОНКОРД (Италия) Керамическая плитка и керамогранит от прямого поставщика - компании КЕРАМОТЕКА,Италия,EXTEND,"atlas concorde extend, атлас конкорд экстенд, керамогранит extend, купить, поставщик, скидки, цены",Каталог проектного керамического гранита ATLAS CONCORDE EXTEND от прямого поставщика КЕРАМОТЕКА. Опт и розница. Скидки. Цены.,ATLAS CONCORDE EXTEND / АТЛАС КОНКОРД ЭКСТЕНД - проектный керамогранит для общественных пространств. КЕРАМОТЕКА.,Под заказ,$$$,https://www.keramoteka.ru/upload/uf/9fd/keramoteka-atlas-concorde-extend.pdf,Статус NHS - ОТСУТСВУЕТ,Керамогранит,Black,30X60 СМ,AR4T,./temp_files/img/ATLAS CONCORDE_EXTEND_Black.jpg
ATLAS CONCORDE,./temp_files/logo/ATLAS CONCORDE.png,"atlas concorde, атлас конкорд, плитка atlas concorde, керамогранит atlas concorde, плитка, керамогранит, atlas concord, плитка конкорд, плитка atlas, поставщик, атлас конкорд италия, атлас конкорд сайт","Каталог керамической плитки и керамогранита ATLAS CONCORDE / АТЛАС КОНКОРД (Италия) от прямого поставщика КЕРАМОТЕКА. Низкие цены, скидки. Оптовые и розничные продажи. Материал в наличии.",ATLAS CONCORDE / АТЛАС КОНКОРД (Италия) Керамическая плитка и керамогранит от прямого поставщика - компании КЕРАМОТЕКА,Италия,EXTEND,"atlas concorde extend, атлас конкорд экстенд, керамогранит extend, купить, поставщик, скидки, цены",Каталог проектного керамического гранита ATLAS CONCORDE EXTEND от прямого поставщика КЕРАМОТЕКА. Опт и розница. Скидки. Цены.,ATLAS CONCORDE EXTEND / АТЛАС КОНКОРД ЭКСТЕНД - проектный керамогранит для общественных пространств. КЕРАМОТЕКА.,Под заказ,$$$,https://www.keramoteka.ru/upload/uf/9fd/keramoteka-atlas-concorde-extend.pdf,Статус NHS - ОТСУТСВУЕТ,Керамогранит,Ivory,30X60 СМ,AR4P,./temp_files/img/ATLAS CONCORDE_EXTEND_Ivory.jpg
ATLAS CONCORDE,./temp_files/logo/ATLAS CONCORDE.png,"atlas concorde, атлас конкорд, плитка atlas concorde, керамогранит atlas concorde, плитка, керамогранит, atlas concord, плитка конкорд, плитка atlas, поставщик, атлас конкорд италия, атлас конкорд сайт","Каталог керамической плитки и керамогранита ATLAS CONCORDE / АТЛАС КОНКОРД (Италия) от прямого поставщика КЕРАМОТЕКА. Низкие цены, скидки. Оптовые и розничные продажи. Материал в наличии.",ATLAS CONCORDE / АТЛАС КОНКОРД (Италия) Керамическая плитка и керамогранит от прямого поставщика - компании КЕРАМОТЕКА,Италия,EXTEND,"atlas concorde extend, атлас конкорд экстенд, керамогранит extend, купить, поставщик, скидки, цены",Каталог проектного керамического гранита ATLAS CONCORDE EXTEND от прямого поставщика КЕРАМОТЕКА. Опт и розница. Скидки. Цены.,ATLAS CONCORDE EXTEND / АТЛАС КОНКОРД ЭКСТЕНД - проектный керамогранит для общественных пространств. КЕРАМОТЕКА.,Под заказ,$$$,https://www.keramoteka.ru/upload/uf/9fd/keramoteka-atlas-concorde-extend.pdf,Статус NHS - ОТСУТСВУЕТ,Керамогранит,Sand,30X60 СМ,AR4Q,./temp_files/img/ATLAS CONCORDE_EXTEND_Sand.jpg
ATLAS CONCORDE,./temp_files/logo/ATLAS CONCORDE.png,"atlas concorde, атлас конкорд, плитка atlas concorde, керамогранит atlas concorde, плитка, керамогранит, atlas concord, плитка конкорд, плитка atlas, поставщик, атлас конкорд италия, атлас конкорд сайт","Каталог керамической плитки и керамогранита ATLAS CONCORDE / АТЛАС КОНКОРД (Италия) от прямого поставщика КЕРАМОТЕКА. Низкие цены, скидки. Оптовые и розничные продажи. Материал в наличии.",ATLAS CONCORDE / АТЛАС КОНКОРД (Италия) Керамическая плитка и керамогранит от прямого поставщика - компании КЕРАМОТЕКА,Италия,EXTEND,"atlas concorde extend, атлас конкорд экстенд, керамогранит extend, купить, поставщик, скидки, цены",Каталог проектного керамического гранита ATLAS CONCORDE EXTEND от прямого поставщика КЕРАМОТЕКА. Опт и розница. Скидки. Цены.,ATLAS CONCORDE EXTEND / АТЛАС КОНКОРД ЭКСТЕНД - проектный керамогранит для общественных пространств. КЕРАМОТЕКА.,Под заказ,$$$,https://www.keramoteka.ru/upload/uf/9fd/keramoteka-atlas-concorde-extend.pdf,Статус NHS - ОТСУТСВУЕТ,Керамогранит,Grey Strutturato Структурированный,30X60 СМ,AR4W,./temp_files/img/ATLAS CONCORDE_EXTEND_Grey Strutturato Структурированный.jpg
ATLAS CONCORDE,./temp_files/logo/ATLAS CONCORDE.png,"atlas concorde, атлас конкорд, плитка atlas concorde, керамогранит atlas concorde, плитка, керамогранит, atlas concord, плитка конкорд, плитка atlas, поставщик, атлас конкорд италия, атлас конкорд сайт","Каталог керамической плитки и керамогранита ATLAS CONCORDE / АТЛАС КОНКОРД (Италия) от прямого поставщика КЕРАМОТЕКА. Низкие цены, скидки. Оптовые и розничные продажи. Материал в наличии.",ATLAS CONCORDE / АТЛАС КОНКОРД (Италия) Керамическая плитка и керамогранит от прямого поставщика - компании КЕРАМОТЕКА,Италия,EXTEND,"atlas concorde extend, атлас конкорд экстенд, керамогранит extend, купить, поставщик, скидки, цены",Каталог проектного керамического гранита ATLAS CONCORDE EXTEND от прямого поставщика КЕРАМОТЕКА. Опт и розница. Скидки. Цены.,ATLAS CONCORDE EXTEND / АТЛАС КОНКОРД ЭКСТЕНД - проектный керамогранит для общественных пространств. КЕРАМОТЕКА.,Под заказ,$$$,https://www.keramoteka.ru/upload/uf/9fd/keramoteka-atlas-concorde-extend.pdf,Статус NHS - ОТСУТСВУЕТ,Керамогранит,Black Strutturato Структурированный,30X60 СМ,AR4X,./temp_files/img/ATLAS CONCORDE_EXTEND_Black Strutturato Структурированный.jpg
ATLAS CONCORDE,./temp_files/logo/ATLAS CONCORDE.png,"atlas concorde, атлас конкорд, плитка atlas concorde, керамогранит atlas concorde, плитка, керамогранит, atlas concord, плитка конкорд, плитка atlas, поставщик, атлас конкорд италия, атлас конкорд сайт","Каталог керамической плитки и керамогранита ATLAS CONCORDE / АТЛАС КОНКОРД (Италия) от прямого поставщика КЕРАМОТЕКА. Низкие цены, скидки. Оптовые и розничные продажи. Материал в наличии.",ATLAS CONCORDE / АТЛАС КОНКОРД (Италия) Керамическая плитка и керамогранит от прямого поставщика - компании КЕРАМОТЕКА,Италия,EXTEND,"atlas concorde extend, атлас конкорд экстенд, керамогранит extend, купить, поставщик, скидки, цены",Каталог проектного керамического гранита ATLAS CONCORDE EXTEND от прямого поставщика КЕРАМОТЕКА. Опт и розница. Скидки. Цены.,ATLAS CONCORDE EXTEND / АТЛАС КОНКОРД ЭКСТЕНД - проектный керамогранит для общественных пространств. КЕРАМОТЕКА.,Под заказ,$$$,https://www.keramoteka.ru/upload/uf/9fd/keramoteka-atlas-concorde-extend.pdf,Статус NHS - ОТСУТСВУЕТ,Керамогранит,Ivory Strutturato Структурированный,30X60 СМ,AR4U,./temp_files/img/ATLAS CONCORDE_EXTEND_Ivory Strutturato Структурированный.jpg
ATLAS CONCORDE,./temp_files/logo/ATLAS CONCORDE.png,"atlas concorde, атлас конкорд, плитка atlas concorde, керамогранит atlas concorde, плитка, керамогранит, atlas concord, плитка конкорд, плитка atlas, поставщик, атлас конкорд италия, атлас конкорд сайт","Каталог керамической плитки и керамогранита ATLAS CONCORDE / АТЛАС КОНКОРД (Италия) от прямого поставщика КЕРАМОТЕКА. Низкие цены, скидки. Оптовые и розничные продажи. Материал в наличии.",ATLAS CONCORDE / АТЛАС КОНКОРД (Италия) Керамическая плитка и керамогранит от прямого поставщика - компании КЕРАМОТЕКА,Италия,EXTEND,"atlas concorde extend, атлас конкорд экстенд, керамогранит extend, купить, поставщик, скидки, цены",Каталог проектного керамического гранита ATLAS CONCORDE EXTEND от прямого поставщика КЕРАМОТЕКА. Опт и розница. Скидки. Цены.,ATLAS CONCORDE EXTEND / АТЛАС КОНКОРД ЭКСТЕНД - проектный керамогранит для общественных пространств. КЕРАМОТЕКА.,Под заказ,$$$,https://www.keramoteka.ru/upload/uf/9fd/keramoteka-atlas-concorde-extend.pdf,Статус NHS - ОТСУТСВУЕТ,Керамогранит,Sand Strutturato Структурированный,30X60 СМ,AR4V,./temp_files/img/ATLAS CONCORDE_EXTEND_Sand Strutturato Структурированный.jpg
ATLAS CONCORDE,./temp_files/logo/ATLAS CONCORDE.png,"atlas concorde, атлас конкорд, плитка atlas concorde, керамогранит atlas concorde, плитка, керамогранит, atlas concord, плитка конкорд, плитка atlas, поставщик, атлас конкорд италия, атлас конкорд сайт","Каталог керамической плитки и керамогранита ATLAS CONCORDE / АТЛАС КОНКОРД (Италия) от прямого поставщика КЕРАМОТЕКА. Низкие цены, скидки. Оптовые и розничные продажи. Материал в наличии.",ATLAS CONCORDE / АТЛАС КОНКОРД (Италия) Керамическая плитка и керамогранит от прямого поставщика - компании КЕРАМОТЕКА,Италия,EXTEND,"atlas concorde extend, атлас конкорд экстенд, керамогранит extend, купить, поставщик, скидки, цены",Каталог проектного керамического гранита ATLAS CONCORDE EXTEND от прямого поставщика КЕРАМОТЕКА. Опт и розница. Скидки. Цены.,ATLAS CONCORDE EXTEND / АТЛАС КОНКОРД ЭКСТЕНД - проектный керамогранит для общественных пространств. КЕРАМОТЕКА.,Под заказ,$$$,https://www.keramoteka.ru/upload/uf/9fd/keramoteka-atlas-concorde-extend.pdf,Статус NHS - ОТСУТСВУЕТ,Керамогранит,Grey Brick Strutturato Структурированный,30X60 СМ,AR45,./temp_files/img/ATLAS CONCORDE_EXTEND_Grey Brick Strutturato Структурированный.jpg
ATLAS CONCORDE,./temp_files/logo/ATLAS CONCORDE.png,"atlas concorde, атлас конкорд, плитка atlas concorde, керамогранит atlas concorde, плитка, керамогранит, atlas concord, плитка конкорд, плитка atlas, поставщик, атлас конкорд италия, атлас конкорд сайт","Каталог керамической плитки и керамогранита ATLAS CONCORDE / АТЛАС КОНКОРД (Италия) от прямого поставщика КЕРАМОТЕКА. Низкие цены, скидки. Оптовые и розничные продажи. Материал в наличии.",ATLAS CONCORDE / АТЛАС КОНКОРД (Италия) Керамическая плитка и керамогранит от прямого поставщика - компании КЕРАМОТЕКА,Италия,EXTEND,"atlas concorde extend, атлас конкорд экстенд, керамогранит extend, купить, поставщик, скидки, цены",Каталог проектного керамического гранита ATLAS CONCORDE EXTEND от прямого поставщика КЕРАМОТЕКА. Опт и розница. Скидки. Цены.,ATLAS CONCORDE EXTEND / АТЛАС КОНКОРД ЭКСТЕНД - проектный керамогранит для общественных пространств. КЕРАМОТЕКА.,Под заказ,$$$,https://www.keramoteka.ru/upload/uf/9fd/keramoteka-atlas-concorde-extend.pdf,Статус NHS - ОТСУТСВУЕТ,Керамогранит,Black Brick Strutturato Структурированный,30X60 СМ,AR46,./temp_files/img/ATLAS CONCORDE_EXTEND_Black Brick Strutturato Структурированный.jpg
ATLAS CONCORDE,./temp_files/logo/ATLAS CONCORDE.png,"atlas concorde, атлас конкорд, плитка atlas concorde, керамогранит atlas concorde, плитка, керамогранит, atlas concord, плитка конкорд, плитка atlas, поставщик, атлас конкорд италия, атлас конкорд сайт","Каталог керамической плитки и керамогранита ATLAS CONCORDE / АТЛАС КОНКОРД (Италия) от прямого поставщика КЕРАМОТЕКА. Низкие цены, скидки. Оптовые и розничные продажи. Материал в наличии.",ATLAS CONCORDE / АТЛАС КОНКОРД (Италия) Керамическая плитка и керамогранит от прямого поставщика - компании КЕРАМОТЕКА,Италия,EXTEND,"atlas concorde extend, атлас конкорд экстенд, керамогранит extend, купить, поставщик, скидки, цены",Каталог проектного керамического гранита ATLAS CONCORDE EXTEND от прямого поставщика КЕРАМОТЕКА. Опт и розница. Скидки. Цены.,ATLAS CONCORDE EXTEND / АТЛАС КОНКОРД ЭКСТЕНД - проектный керамогранит для общественных пространств. КЕРАМОТЕКА.,Под заказ,$$$,https://www.keramoteka.ru/upload/uf/9fd/keramoteka-atlas-concorde-extend.pdf,Статус NHS - ОТСУТСВУЕТ,Керамогранит,Ivory Brick Strutturato Структурированный,30X60 СМ,AR43,./temp_files/img/ATLAS CONCORDE_EXTEND_Ivory Brick Strutturato Структурированный.jpg
ATLAS CONCORDE,./temp_files/logo/ATLAS CONCORDE.png,"atlas concorde, атлас конкорд, плитка atlas concorde, керамогранит atlas concorde, плитка, керамогранит, atlas concord, плитка конкорд, плитка atlas, поставщик, атлас конкорд италия, атлас конкорд сайт","Каталог керамической плитки и керамогранита ATLAS CONCORDE / АТЛАС КОНКОРД (Италия) от прямого поставщика КЕРАМОТЕКА. Низкие цены, скидки. Оптовые и розничные продажи. Материал в наличии.",ATLAS CONCORDE / АТЛАС КОНКОРД (Италия) Керамическая плитка и керамогранит от прямого поставщика - компании КЕРАМОТЕКА,Италия,EXTEND,"atlas concorde extend, атлас конкорд экстенд, керамогранит extend, купить, поставщик, скидки, цены",Каталог проектного керамического гранита ATLAS CONCORDE EXTEND от прямого поставщика КЕРАМОТЕКА. Опт и розница. Скидки. Цены.,ATLAS CONCORDE EXTEND / АТЛАС КОНКОРД ЭКСТЕНД - проектный керамогранит для общественных пространств. КЕРАМОТЕКА.,Под заказ,$$$,https://www.keramoteka.ru/upload/uf/9fd/keramoteka-atlas-concorde-extend.pdf,Статус NHS - ОТСУТСВУЕТ,Керамогранит,Sand Brick Strutturato Структурированный,30X60 СМ,AR44,./temp_files/img/ATLAS CONCORDE_EXTEND_Sand Brick Strutturato Структурированный.jpg
ATLAS CONCORDE,./temp_files/logo/ATLAS CONCORDE.png,"atlas concorde, атлас конкорд, плитка atlas concorde, керамогранит atlas concorde, плитка, керамогранит, atlas concord, плитка конкорд, плитка atlas, поставщик, атлас конкорд италия, атлас конкорд сайт","Каталог керамической плитки и керамогранита ATLAS CONCORDE / АТЛАС КОНКОРД (Италия) от прямого поставщика КЕРАМОТЕКА. Низкие цены, скидки. Оптовые и розничные продажи. Материал в наличии.",ATLAS CONCORDE / АТЛАС КОНКОРД (Италия) Керамическая плитка и керамогранит от прямого поставщика - компании КЕРАМОТЕКА,Италия,EXTEND,"atlas concorde extend, атлас конкорд экстенд, керамогранит extend, купить, поставщик, скидки, цены",Каталог проектного керамического гранита ATLAS CONCORDE EXTEND от прямого поставщика КЕРАМОТЕКА. Опт и розница. Скидки. Цены.,ATLAS CONCORDE EXTEND / АТЛАС КОНКОРД ЭКСТЕНД - проектный керамогранит для общественных пространств. КЕРАМОТЕКА.,Под заказ,$$$,https://www.keramoteka.ru/upload/uf/9fd/keramoteka-atlas-concorde-extend.pdf,Статус NHS - ОТСУТСВУЕТ,Керамогранит,Grey Strutturato Структурированный,20X60 СМ,AR4N,./temp_files/img/ATLAS CONCORDE_EXTEND_Grey Strutturato Структурированный.jpg
ATLAS CONCORDE,./temp_files/logo/ATLAS CONCORDE.png,"atlas concorde, атлас конкорд, плитка atlas concorde, керамогранит atlas concorde, плитка, керамогранит, atlas concord, плитка конкорд, плитка atlas, поставщик, атлас конкорд италия, атлас конкорд сайт","Каталог керамической плитки и керамогранита ATLAS CONCORDE / АТЛАС КОНКОРД (Италия) от прямого поставщика КЕРАМОТЕКА. Низкие цены, скидки. Оптовые и розничные продажи. Материал в наличии.",ATLAS CONCORDE / АТЛАС КОНКОРД (Италия) Керамическая плитка и керамогранит от прямого поставщика - компании КЕРАМОТЕКА,Италия,EXTEND,"atlas concorde extend, атлас конкорд экстенд, керамогранит extend, купить, поставщик, скидки, цены",Каталог проектного керамического гранита ATLAS CONCORDE EXTEND от прямого поставщика КЕРАМОТЕКА. Опт и розница. Скидки. Цены.,ATLAS CONCORDE EXTEND / АТЛАС КОНКОРД ЭКСТЕНД - проектный керамогранит для общественных пространств. КЕРАМОТЕКА.,Под заказ,$$$,https://www.keramoteka.ru/upload/uf/9fd/keramoteka-atlas-concorde-extend.pdf,Статус NHS - ОТСУТСВУЕТ,Керамогранит,Black Strutturato Структурированный,20X60 СМ,AR4O,./temp_files/img/ATLAS CONCORDE_EXTEND_Black Strutturato Структурированный.jpg
ATLAS CONCORDE,./temp_files/logo/ATLAS CONCORDE.png,"atlas concorde, атлас конкорд, плитка atlas concorde, керамогранит atlas concorde, плитка, керамогранит, atlas concord, плитка конкорд, плитка atlas, поставщик, атлас конкорд италия, атлас конкорд сайт","Каталог керамической плитки и керамогранита ATLAS CONCORDE / АТЛАС КОНКОРД (Италия) от прямого поставщика КЕРАМОТЕКА. Низкие цены, скидки. Оптовые и розничные продажи. Материал в наличии.",ATLAS CONCORDE / АТЛАС КОНКОРД (Италия) Керамическая плитка и керамогранит от прямого поставщика - компании КЕРАМОТЕКА,Италия,EXTEND,"atlas concorde extend, атлас конкорд экстенд, керамогранит extend, купить, поставщик, скидки, цены",Каталог проектного керамического гранита ATLAS CONCORDE EXTEND от прямого поставщика КЕРАМОТЕКА. Опт и розница. Скидки. Цены.,ATLAS CONCORDE EXTEND / АТЛАС КОНКОРД ЭКСТЕНД - проектный керамогранит для общественных пространств. КЕРАМОТЕКА.,Под заказ,$$$,https://www.keramoteka.ru/upload/uf/9fd/keramoteka-atlas-concorde-extend.pdf,Статус NHS - ОТСУТСВУЕТ,Мозаика /Керамогранит/,Grey Mosaico Strutturato,30X30 СМ,AR41,./temp_files/img/ATLAS CONCORDE_EXTEND_Grey Mosaico Strutturato.jpg
ATLAS CONCORDE,./temp_files/logo/ATLAS CONCORDE.png,"atlas concorde, атлас конкорд, плитка atlas concorde, керамогранит atlas concorde, плитка, керамогранит, atlas concord, плитка конкорд, плитка atlas, поставщик, атлас конкорд италия, атлас конкорд сайт","Каталог керамической плитки и керамогранита ATLAS CONCORDE / АТЛАС КОНКОРД (Италия) от прямого поставщика КЕРАМОТЕКА. Низкие цены, скидки. Оптовые и розничные продажи. Материал в наличии.",ATLAS CONCORDE / АТЛАС КОНКОРД (Италия) Керамическая плитка и керамогранит от прямого поставщика - компании КЕРАМОТЕКА,Италия,EXTEND,"atlas concorde extend, атлас конкорд экстенд, керамогранит extend, купить, поставщик, скидки, цены",Каталог проектного керамического гранита ATLAS CONCORDE EXTEND от прямого поставщика КЕРАМОТЕКА. Опт и розница. Скидки. Цены.,ATLAS CONCORDE EXTEND / АТЛАС КОНКОРД ЭКСТЕНД - проектный керамогранит для общественных пространств. КЕРАМОТЕКА.,Под заказ,$$$,https://www.keramoteka.ru/upload/uf/9fd/keramoteka-atlas-concorde-extend.pdf,Статус NHS - ОТСУТСВУЕТ,Мозаика /Керамогранит/,Black Mosaico Strutturato,30X30 СМ,AR42,./temp_files/img/ATLAS CONCORDE_EXTEND_Black Mosaico Strutturato.jpg
ATLAS CONCORDE,./temp_files/logo/ATLAS CONCORDE.png,"atlas concorde, атлас конкорд, плитка atlas concorde, керамогранит atlas concorde, плитка, керамогранит, atlas concord, плитка конкорд, плитка atlas, поставщик, атлас конкорд италия, атлас конкорд сайт","Каталог керамической плитки и керамогранита ATLAS CONCORDE / АТЛАС КОНКОРД (Италия) от прямого поставщика КЕРАМОТЕКА. Низкие цены, скидки. Оптовые и розничные продажи. Материал в наличии.",ATLAS CONCORDE / АТЛАС КОНКОРД (Италия) Керамическая плитка и керамогранит от прямого поставщика - компании КЕРАМОТЕКА,Италия,EXTEND,"atlas concorde extend, атлас конкорд экстенд, керамогранит extend, купить, поставщик, скидки, цены",Каталог проектного керамического гранита ATLAS CONCORDE EXTEND от прямого поставщика КЕРАМОТЕКА. Опт и розница. Скидки. Цены.,ATLAS CONCORDE EXTEND / АТЛАС КОНКОРД ЭКСТЕНД - проектный керамогранит для общественных пространств. КЕРАМОТЕКА.,Под заказ,$$$,https://www.keramoteka.ru/upload/uf/9fd/keramoteka-atlas-concorde-extend.pdf,Статус NHS - ОТСУТСВУЕТ,Мозаика /Керамогранит/,Ivory Mosaico Strutturato,30X30 СМ,AR4Y,./temp_files/img/ATLAS CONCORDE_EXTEND_Ivory Mosaico Strutturato.jpg
ATLAS CONCORDE,./temp_files/logo/ATLAS CONCORDE.png,"atlas concorde, атлас конкорд, плитка atlas concorde, керамогранит atlas concorde, плитка, керамогранит, atlas concord, плитка конкорд, плитка atlas, поставщик, атлас конкорд италия, атлас конкорд сайт","Каталог керамической плитки и керамогранита ATLAS CONCORDE / АТЛАС КОНКОРД (Италия) от прямого поставщика КЕРАМОТЕКА. Низкие цены, скидки. Оптовые и розничные продажи. Материал в наличии.",ATLAS CONCORDE / АТЛАС КОНКОРД (Италия) Керамическая плитка и керамогранит от прямого поставщика - компании КЕРАМОТЕКА,Италия,EXTEND,"atlas concorde extend, атлас конкорд экстенд, керамогранит extend, купить, поставщик, скидки, цены",Каталог проектного керамического гранита ATLAS CONCORDE EXTEND от прямого поставщика КЕРАМОТЕКА. Опт и розница. Скидки. Цены.,ATLAS CONCORDE EXTEND / АТЛАС КОНКОРД ЭКСТЕНД - проектный керамогранит для общественных пространств. КЕРАМОТЕКА.,Под заказ,$$$,https://www.keramoteka.ru/upload/uf/9fd/keramoteka-atlas-concorde-extend.pdf,Статус NHS - ОТСУТСВУЕТ,Мозаика /Керамогранит/,Sand Mosaico Strutturato,30X30 СМ,AR4Z,./temp_files/img/ATLAS CONCORDE_EXTEND_Sand Mosaico Strutturato.jpg
ATLAS CONCORDE,./temp_files/logo/ATLAS CONCORDE.png,"atlas concorde, атлас конкорд, плитка atlas concorde, керамогранит atlas concorde, плитка, керамогранит, atlas concord, плитка конкорд, плитка atlas, поставщик, атлас конкорд италия, атлас конкорд сайт","Каталог керамической плитки и керамогранита ATLAS CONCORDE / АТЛАС КОНКОРД (Италия) от прямого поставщика КЕРАМОТЕКА. Низкие цены, скидки. Оптовые и розничные продажи. Материал в наличии.",ATLAS CONCORDE / АТЛАС КОНКОРД (Италия) Керамическая плитка и керамогранит от прямого поставщика - компании КЕРАМОТЕКА,Италия,EXTEND,"atlas concorde extend, атлас конкорд экстенд, керамогранит extend, купить, поставщик, скидки, цены",Каталог проектного керамического гранита ATLAS CONCORDE EXTEND от прямого поставщика КЕРАМОТЕКА. Опт и розница. Скидки. Цены.,ATLAS CONCORDE EXTEND / АТЛАС КОНКОРД ЭКСТЕНД - проектный керамогранит для общественных пространств. КЕРАМОТЕКА.,Под заказ,$$$,https://www.keramoteka.ru/upload/uf/9fd/keramoteka-atlas-concorde-extend.pdf,Статус NHS - ОТСУТСВУЕТ,Декоративные элементы /Керамогранит/,Grey Arco Strutturato,104X57 СМ,AR49,Наименование фото с русскими буквами - Grey Arco Strutturato
ATLAS CONCORDE,./temp_files/logo/ATLAS CONCORDE.png,"atlas concorde, атлас конкорд, плитка atlas concorde, керамогранит atlas concorde, плитка, керамогранит, atlas concord, плитка конкорд, плитка atlas, поставщик, атлас конкорд италия, атлас конкорд сайт","Каталог керамической плитки и керамогранита ATLAS CONCORDE / АТЛАС КОНКОРД (Италия) от прямого поставщика КЕРАМОТЕКА. Низкие цены, скидки. Оптовые и розничные продажи. Материал в наличии.",ATLAS CONCORDE / АТЛАС КОНКОРД (Италия) Керамическая плитка и керамогранит от прямого поставщика - компании КЕРАМОТЕКА,Италия,EXTEND,"atlas concorde extend, атлас конкорд экстенд, керамогранит extend, купить, поставщик, скидки, цены",Каталог проектного керамического гранита ATLAS CONCORDE EXTEND от прямого поставщика КЕРАМОТЕКА. Опт и розница. Скидки. Цены.,ATLAS CONCORDE EXTEND / АТЛАС КОНКОРД ЭКСТЕНД - проектный керамогранит для общественных пространств. КЕРАМОТЕКА.,Под заказ,$$$,https://www.keramoteka.ru/upload/uf/9fd/keramoteka-atlas-concorde-extend.pdf,Статус NHS - ОТСУТСВУЕТ,Декоративные элементы /Керамогранит/,Black Arco Strutturato,104X57 СМ,AR5A,./temp_files/img/ATLAS CONCORDE_EXTEND_Black Arco Strutturato.jpg
ATLAS CONCORDE,./temp_files/logo/ATLAS CONCORDE.png,"atlas concorde, атлас конкорд, плитка atlas concorde, керамогранит atlas concorde, плитка, керамогранит, atlas concord, плитка конкорд, плитка atlas, поставщик, атлас конкорд италия, атлас конкорд сайт","Каталог керамической плитки и керамогранита ATLAS CONCORDE / АТЛАС КОНКОРД (Италия) от прямого поставщика КЕРАМОТЕКА. Низкие цены, скидки. Оптовые и розничные продажи. Материал в наличии.",ATLAS CONCORDE / АТЛАС КОНКОРД (Италия) Керамическая плитка и керамогранит от прямого поставщика - компании КЕРАМОТЕКА,Италия,EXTEND,"atlas concorde extend, атлас конкорд экстенд, керамогранит extend, купить, поставщик, скидки, цены",Каталог проектного керамического гранита ATLAS CONCORDE EXTEND от прямого поставщика КЕРАМОТЕКА. Опт и розница. Скидки. Цены.,ATLAS CONCORDE EXTEND / АТЛАС КОНКОРД ЭКСТЕНД - проектный керамогранит для общественных пространств. КЕРАМОТЕКА.,Под заказ,$$$,https://www.keramoteka.ru/upload/uf/9fd/keramoteka-atlas-concorde-extend.pdf,Статус NHS - ОТСУТСВУЕТ,Декоративные элементы /Керамогранит/,Ivory Arco Strutturato,104X57 СМ,AR47,./temp_files/img/ATLAS CONCORDE_EXTEND_Ivory Arco Strutturato.jpg
ATLAS CONCORDE,./temp_files/logo/ATLAS CONCORDE.png,"atlas concorde, атлас конкорд, плитка atlas concorde, керамогранит atlas concorde, плитка, керамогранит, atlas concord, плитка конкорд, плитка atlas, поставщик, атлас конкорд италия, атлас конкорд сайт","Каталог керамической плитки и керамогранита ATLAS CONCORDE / АТЛАС КОНКОРД (Италия) от прямого поставщика КЕРАМОТЕКА. Низкие цены, скидки. Оптовые и розничные продажи. Материал в наличии.",ATLAS CONCORDE / АТЛАС КОНКОРД (Италия) Керамическая плитка и керамогранит от прямого поставщика - компании КЕРАМОТЕКА,Италия,EXTEND,"atlas concorde extend, атлас конкорд экстенд, керамогранит extend, купить, поставщик, скидки, цены",Каталог проектного керамического гранита ATLAS CONCORDE EXTEND от прямого поставщика КЕРАМОТЕКА. Опт и розница. Скидки. Цены.,ATLAS CONCORDE EXTEND / АТЛАС КОНКОРД ЭКСТЕНД - проектный керамогранит для общественных пространств. КЕРАМОТЕКА.,Под заказ,$$$,https://www.keramoteka.ru/upload/uf/9fd/keramoteka-atlas-concorde-extend.pdf,Статус NHS - ОТСУТСВУЕТ,Декоративные элементы /Керамогранит/,Sand Arco Strutturato,104X57 СМ,AR48,./temp_files/img/ATLAS CONCORDE_EXTEND_Sand Arco Strutturato.jpg
