ATLAS CONCORDE,./temp_files/logo/ATLAS CONCORDE.png,"atlas concorde, атлас конкорд, плитка atlas concorde, керамогранит atlas concorde, плитка, керамогранит, atlas concord, плитка конкорд, плитка atlas, поставщик, атлас конкорд италия, атлас конкорд сайт","Каталог керамической плитки и керамогранита ATLAS CONCORDE / АТЛАС КОНКОРД (Италия) от прямого поставщика КЕРАМОТЕКА. Низкие цены, скидки. Оптовые и розничные продажи. Материал в наличии.",ATLAS CONCORDE / АТЛАС КОНКОРД (Италия) Керамическая плитка и керамогранит от прямого поставщика - компании КЕРАМОТЕКА,Италия,STYLE,"atlas concorde style, атлас конкорд стайл, керамогранит style, купить, поставщик, скидки, цены",Каталог керамического гранита ATLAS CONCORDE STYLE от прямого поставщика КЕРАМОТЕКА. Опт и розница. Скидки. Цены.,"ATLAS CONCORDE STYLE / АТЛАС КОНКОРД СТАЙЛ - керамогранит ""под мрамор"" для жилых интерьеров и общественных пространств. КЕРАМОТЕКА.",Под заказ,$$$,https://www.keramoteka.ru/upload/uf/413/keramoteka-atlas-concorde-style.pdf,Статус NHS - ОТСУТСВУЕТ,Керамогранит,Crema Marfil,60X60 СМ,7D94,./temp_files/img/ATLAS CONCORDE_STYLE_Crema Marfil.jpg
ATLAS CONCORDE,./temp_files/logo/ATLAS CONCORDE.png,"atlas concorde, атлас конкорд, плитка atlas concorde, керамогранит atlas concorde, плитка, керамогранит, atlas concord, плитка конкорд, плитка atlas, поставщик, атлас конкорд италия, атлас конкорд сайт","Каталог керамической плитки и керамогранита ATLAS CONCORDE / АТЛАС КОНКОРД (Италия) от прямого поставщика КЕРАМОТЕКА. Низкие цены, скидки. Оптовые и розничные продажи. Материал в наличии.",ATLAS CONCORDE / АТЛАС КОНКОРД (Италия) Керамическая плитка и керамогранит от прямого поставщика - компании КЕРАМОТЕКА,Италия,STYLE,"atlas concorde style, атлас конкорд стайл, керамогранит style, купить, поставщик, скидки, цены",Каталог керамического гранита ATLAS CONCORDE STYLE от прямого поставщика КЕРАМОТЕКА. Опт и розница. Скидки. Цены.,"ATLAS CONCORDE STYLE / АТЛАС КОНКОРД СТАЙЛ - керамогранит ""под мрамор"" для жилых интерьеров и общественных пространств. КЕРАМОТЕКА.",Под заказ,$$$,https://www.keramoteka.ru/upload/uf/413/keramoteka-atlas-concorde-style.pdf,Статус NHS - ОТСУТСВУЕТ,Керамогранит,Bianco Venato,60X60 СМ,7D92,./temp_files/img/ATLAS CONCORDE_STYLE_Bianco Venato.jpg
ATLAS CONCORDE,./temp_files/logo/ATLAS CONCORDE.png,"atlas concorde, атлас конкорд, плитка atlas concorde, керамогранит atlas concorde, плитка, керамогранит, atlas concord, плитка конкорд, плитка atlas, поставщик, атлас конкорд италия, атлас конкорд сайт","Каталог керамической плитки и керамогранита ATLAS CONCORDE / АТЛАС КОНКОРД (Италия) от прямого поставщика КЕРАМОТЕКА. Низкие цены, скидки. Оптовые и розничные продажи. Материал в наличии.",ATLAS CONCORDE / АТЛАС КОНКОРД (Италия) Керамическая плитка и керамогранит от прямого поставщика - компании КЕРАМОТЕКА,Италия,STYLE,"atlas concorde style, атлас конкорд стайл, керамогранит style, купить, поставщик, скидки, цены",Каталог керамического гранита ATLAS CONCORDE STYLE от прямого поставщика КЕРАМОТЕКА. Опт и розница. Скидки. Цены.,"ATLAS CONCORDE STYLE / АТЛАС КОНКОРД СТАЙЛ - керамогранит ""под мрамор"" для жилых интерьеров и общественных пространств. КЕРАМОТЕКА.",Под заказ,$$$,https://www.keramoteka.ru/upload/uf/413/keramoteka-atlas-concorde-style.pdf,Статус NHS - ОТСУТСВУЕТ,Керамогранит,Bianco Winter,60X60 СМ,7D91,./temp_files/img/ATLAS CONCORDE_STYLE_Bianco Winter.jpg
ATLAS CONCORDE,./temp_files/logo/ATLAS CONCORDE.png,"atlas concorde, атлас конкорд, плитка atlas concorde, керамогранит atlas concorde, плитка, керамогранит, atlas concord, плитка конкорд, плитка atlas, поставщик, атлас конкорд италия, атлас конкорд сайт","Каталог керамической плитки и керамогранита ATLAS CONCORDE / АТЛАС КОНКОРД (Италия) от прямого поставщика КЕРАМОТЕКА. Низкие цены, скидки. Оптовые и розничные продажи. Материал в наличии.",ATLAS CONCORDE / АТЛАС КОНКОРД (Италия) Керамическая плитка и керамогранит от прямого поставщика - компании КЕРАМОТЕКА,Италия,STYLE,"atlas concorde style, атлас конкорд стайл, керамогранит style, купить, поставщик, скидки, цены",Каталог керамического гранита ATLAS CONCORDE STYLE от прямого поставщика КЕРАМОТЕКА. Опт и розница. Скидки. Цены.,"ATLAS CONCORDE STYLE / АТЛАС КОНКОРД СТАЙЛ - керамогранит ""под мрамор"" для жилых интерьеров и общественных пространств. КЕРАМОТЕКА.",Под заказ,$$$,https://www.keramoteka.ru/upload/uf/413/keramoteka-atlas-concorde-style.pdf,Статус NHS - ОТСУТСВУЕТ,Керамогранит,Travertino Chiaro,60X60 СМ,7D93,./temp_files/img/ATLAS CONCORDE_STYLE_Travertino Chiaro.jpg
ATLAS CONCORDE,./temp_files/logo/ATLAS CONCORDE.png,"atlas concorde, атлас конкорд, плитка atlas concorde, керамогранит atlas concorde, плитка, керамогранит, atlas concord, плитка конкорд, плитка atlas, поставщик, атлас конкорд италия, атлас конкорд сайт","Каталог керамической плитки и керамогранита ATLAS CONCORDE / АТЛАС КОНКОРД (Италия) от прямого поставщика КЕРАМОТЕКА. Низкие цены, скидки. Оптовые и розничные продажи. Материал в наличии.",ATLAS CONCORDE / АТЛАС КОНКОРД (Италия) Керамическая плитка и керамогранит от прямого поставщика - компании КЕРАМОТЕКА,Италия,STYLE,"atlas concorde style, атлас конкорд стайл, керамогранит style, купить, поставщик, скидки, цены",Каталог керамического гранита ATLAS CONCORDE STYLE от прямого поставщика КЕРАМОТЕКА. Опт и розница. Скидки. Цены.,"ATLAS CONCORDE STYLE / АТЛАС КОНКОРД СТАЙЛ - керамогранит ""под мрамор"" для жилых интерьеров и общественных пространств. КЕРАМОТЕКА.",Под заказ,$$$,https://www.keramoteka.ru/upload/uf/413/keramoteka-atlas-concorde-style.pdf,Статус NHS - ОТСУТСВУЕТ,Керамогранит,Crema Marfil Lappato Полуполированный,60X60 СМ,7D9D,./temp_files/img/ATLAS CONCORDE_STYLE_Crema Marfil Lappato Полуполированный.jpg
ATLAS CONCORDE,./temp_files/logo/ATLAS CONCORDE.png,"atlas concorde, атлас конкорд, плитка atlas concorde, керамогранит atlas concorde, плитка, керамогранит, atlas concord, плитка конкорд, плитка atlas, поставщик, атлас конкорд италия, атлас конкорд сайт","Каталог керамической плитки и керамогранита ATLAS CONCORDE / АТЛАС КОНКОРД (Италия) от прямого поставщика КЕРАМОТЕКА. Низкие цены, скидки. Оптовые и розничные продажи. Материал в наличии.",ATLAS CONCORDE / АТЛАС КОНКОРД (Италия) Керамическая плитка и керамогранит от прямого поставщика - компании КЕРАМОТЕКА,Италия,STYLE,"atlas concorde style, атлас конкорд стайл, керамогранит style, купить, поставщик, скидки, цены",Каталог керамического гранита ATLAS CONCORDE STYLE от прямого поставщика КЕРАМОТЕКА. Опт и розница. Скидки. Цены.,"ATLAS CONCORDE STYLE / АТЛАС КОНКОРД СТАЙЛ - керамогранит ""под мрамор"" для жилых интерьеров и общественных пространств. КЕРАМОТЕКА.",Под заказ,$$$,https://www.keramoteka.ru/upload/uf/413/keramoteka-atlas-concorde-style.pdf,Статус NHS - ОТСУТСВУЕТ,Керамогранит,Bianco Winter Lappato Полуполированный,60X60 СМ,7D9A,./temp_files/img/ATLAS CONCORDE_STYLE_Bianco Winter Lappato Полуполированный.jpg
ATLAS CONCORDE,./temp_files/logo/ATLAS CONCORDE.png,"atlas concorde, атлас конкорд, плитка atlas concorde, керамогранит atlas concorde, плитка, керамогранит, atlas concord, плитка конкорд, плитка atlas, поставщик, атлас конкорд италия, атлас конкорд сайт","Каталог керамической плитки и керамогранита ATLAS CONCORDE / АТЛАС КОНКОРД (Италия) от прямого поставщика КЕРАМОТЕКА. Низкие цены, скидки. Оптовые и розничные продажи. Материал в наличии.",ATLAS CONCORDE / АТЛАС КОНКОРД (Италия) Керамическая плитка и керамогранит от прямого поставщика - компании КЕРАМОТЕКА,Италия,STYLE,"atlas concorde style, атлас конкорд стайл, керамогранит style, купить, поставщик, скидки, цены",Каталог керамического гранита ATLAS CONCORDE STYLE от прямого поставщика КЕРАМОТЕКА. Опт и розница. Скидки. Цены.,"ATLAS CONCORDE STYLE / АТЛАС КОНКОРД СТАЙЛ - керамогранит ""под мрамор"" для жилых интерьеров и общественных пространств. КЕРАМОТЕКА.",Под заказ,$$$,https://www.keramoteka.ru/upload/uf/413/keramoteka-atlas-concorde-style.pdf,Статус NHS - ОТСУТСВУЕТ,Керамогранит,Travertino Chiaro Lappato Полуполированный,60X60 СМ,7D9C,./temp_files/img/ATLAS CONCORDE_STYLE_Travertino Chiaro Lappato Полуполированный.jpg
ATLAS CONCORDE,./temp_files/logo/ATLAS CONCORDE.png,"atlas concorde, атлас конкорд, плитка atlas concorde, керамогранит atlas concorde, плитка, керамогранит, atlas concord, плитка конкорд, плитка atlas, поставщик, атлас конкорд италия, атлас конкорд сайт","Каталог керамической плитки и керамогранита ATLAS CONCORDE / АТЛАС КОНКОРД (Италия) от прямого поставщика КЕРАМОТЕКА. Низкие цены, скидки. Оптовые и розничные продажи. Материал в наличии.",ATLAS CONCORDE / АТЛАС КОНКОРД (Италия) Керамическая плитка и керамогранит от прямого поставщика - компании КЕРАМОТЕКА,Италия,STYLE,"atlas concorde style, атлас конкорд стайл, керамогранит style, купить, поставщик, скидки, цены",Каталог керамического гранита ATLAS CONCORDE STYLE от прямого поставщика КЕРАМОТЕКА. Опт и розница. Скидки. Цены.,"ATLAS CONCORDE STYLE / АТЛАС КОНКОРД СТАЙЛ - керамогранит ""под мрамор"" для жилых интерьеров и общественных пространств. КЕРАМОТЕКА.",Под заказ,$$$,https://www.keramoteka.ru/upload/uf/413/keramoteka-atlas-concorde-style.pdf,Статус NHS - ОТСУТСВУЕТ,Керамогранит,Bianco Winter Lappato Полуполированный,45X45 СМ,4D9A,./temp_files/img/ATLAS CONCORDE_STYLE_Bianco Winter Lappato Полуполированный.jpg
ATLAS CONCORDE,./temp_files/logo/ATLAS CONCORDE.png,"atlas concorde, атлас конкорд, плитка atlas concorde, керамогранит atlas concorde, плитка, керамогранит, atlas concord, плитка конкорд, плитка atlas, поставщик, атлас конкорд италия, атлас конкорд сайт","Каталог керамической плитки и керамогранита ATLAS CONCORDE / АТЛАС КОНКОРД (Италия) от прямого поставщика КЕРАМОТЕКА. Низкие цены, скидки. Оптовые и розничные продажи. Материал в наличии.",ATLAS CONCORDE / АТЛАС КОНКОРД (Италия) Керамическая плитка и керамогранит от прямого поставщика - компании КЕРАМОТЕКА,Италия,STYLE,"atlas concorde style, атлас конкорд стайл, керамогранит style, купить, поставщик, скидки, цены",Каталог керамического гранита ATLAS CONCORDE STYLE от прямого поставщика КЕРАМОТЕКА. Опт и розница. Скидки. Цены.,"ATLAS CONCORDE STYLE / АТЛАС КОНКОРД СТАЙЛ - керамогранит ""под мрамор"" для жилых интерьеров и общественных пространств. КЕРАМОТЕКА.",Под заказ,$$$,https://www.keramoteka.ru/upload/uf/413/keramoteka-atlas-concorde-style.pdf,Статус NHS - ОТСУТСВУЕТ,Керамогранит,Crema Marfil,30X60 СМ,5D94,./temp_files/img/ATLAS CONCORDE_STYLE_Crema Marfil.jpg
ATLAS CONCORDE,./temp_files/logo/ATLAS CONCORDE.png,"atlas concorde, атлас конкорд, плитка atlas concorde, керамогранит atlas concorde, плитка, керамогранит, atlas concord, плитка конкорд, плитка atlas, поставщик, атлас конкорд италия, атлас конкорд сайт","Каталог керамической плитки и керамогранита ATLAS CONCORDE / АТЛАС КОНКОРД (Италия) от прямого поставщика КЕРАМОТЕКА. Низкие цены, скидки. Оптовые и розничные продажи. Материал в наличии.",ATLAS CONCORDE / АТЛАС КОНКОРД (Италия) Керамическая плитка и керамогранит от прямого поставщика - компании КЕРАМОТЕКА,Италия,STYLE,"atlas concorde style, атлас конкорд стайл, керамогранит style, купить, поставщик, скидки, цены",Каталог керамического гранита ATLAS CONCORDE STYLE от прямого поставщика КЕРАМОТЕКА. Опт и розница. Скидки. Цены.,"ATLAS CONCORDE STYLE / АТЛАС КОНКОРД СТАЙЛ - керамогранит ""под мрамор"" для жилых интерьеров и общественных пространств. КЕРАМОТЕКА.",Под заказ,$$$,https://www.keramoteka.ru/upload/uf/413/keramoteka-atlas-concorde-style.pdf,Статус NHS - ОТСУТСВУЕТ,Керамогранит,Bianco Winter,30X60 СМ,5D91,./temp_files/img/ATLAS CONCORDE_STYLE_Bianco Winter.jpg
ATLAS CONCORDE,./temp_files/logo/ATLAS CONCORDE.png,"atlas concorde, атлас конкорд, плитка atlas concorde, керамогранит atlas concorde, плитка, керамогранит, atlas concord, плитка конкорд, плитка atlas, поставщик, атлас конкорд италия, атлас конкорд сайт","Каталог керамической плитки и керамогранита ATLAS CONCORDE / АТЛАС КОНКОРД (Италия) от прямого поставщика КЕРАМОТЕКА. Низкие цены, скидки. Оптовые и розничные продажи. Материал в наличии.",ATLAS CONCORDE / АТЛАС КОНКОРД (Италия) Керамическая плитка и керамогранит от прямого поставщика - компании КЕРАМОТЕКА,Италия,STYLE,"atlas concorde style, атлас конкорд стайл, керамогранит style, купить, поставщик, скидки, цены",Каталог керамического гранита ATLAS CONCORDE STYLE от прямого поставщика КЕРАМОТЕКА. Опт и розница. Скидки. Цены.,"ATLAS CONCORDE STYLE / АТЛАС КОНКОРД СТАЙЛ - керамогранит ""под мрамор"" для жилых интерьеров и общественных пространств. КЕРАМОТЕКА.",Под заказ,$$$,https://www.keramoteka.ru/upload/uf/413/keramoteka-atlas-concorde-style.pdf,Статус NHS - ОТСУТСВУЕТ,Керамогранит,Travertino Chiaro,30X60 СМ,5D93,./temp_files/img/ATLAS CONCORDE_STYLE_Travertino Chiaro.jpg
ATLAS CONCORDE,./temp_files/logo/ATLAS CONCORDE.png,"atlas concorde, атлас конкорд, плитка atlas concorde, керамогранит atlas concorde, плитка, керамогранит, atlas concord, плитка конкорд, плитка atlas, поставщик, атлас конкорд италия, атлас конкорд сайт","Каталог керамической плитки и керамогранита ATLAS CONCORDE / АТЛАС КОНКОРД (Италия) от прямого поставщика КЕРАМОТЕКА. Низкие цены, скидки. Оптовые и розничные продажи. Материал в наличии.",ATLAS CONCORDE / АТЛАС КОНКОРД (Италия) Керамическая плитка и керамогранит от прямого поставщика - компании КЕРАМОТЕКА,Италия,STYLE,"atlas concorde style, атлас конкорд стайл, керамогранит style, купить, поставщик, скидки, цены",Каталог керамического гранита ATLAS CONCORDE STYLE от прямого поставщика КЕРАМОТЕКА. Опт и розница. Скидки. Цены.,"ATLAS CONCORDE STYLE / АТЛАС КОНКОРД СТАЙЛ - керамогранит ""под мрамор"" для жилых интерьеров и общественных пространств. КЕРАМОТЕКА.",Под заказ,$$$,https://www.keramoteka.ru/upload/uf/413/keramoteka-atlas-concorde-style.pdf,Статус NHS - ОТСУТСВУЕТ,Керамогранит,Crema Marfil Lappato Полуполированный,30X60 СМ,5D9D,./temp_files/img/ATLAS CONCORDE_STYLE_Crema Marfil Lappato Полуполированный.jpg
ATLAS CONCORDE,./temp_files/logo/ATLAS CONCORDE.png,"atlas concorde, атлас конкорд, плитка atlas concorde, керамогранит atlas concorde, плитка, керамогранит, atlas concord, плитка конкорд, плитка atlas, поставщик, атлас конкорд италия, атлас конкорд сайт","Каталог керамической плитки и керамогранита ATLAS CONCORDE / АТЛАС КОНКОРД (Италия) от прямого поставщика КЕРАМОТЕКА. Низкие цены, скидки. Оптовые и розничные продажи. Материал в наличии.",ATLAS CONCORDE / АТЛАС КОНКОРД (Италия) Керамическая плитка и керамогранит от прямого поставщика - компании КЕРАМОТЕКА,Италия,STYLE,"atlas concorde style, атлас конкорд стайл, керамогранит style, купить, поставщик, скидки, цены",Каталог керамического гранита ATLAS CONCORDE STYLE от прямого поставщика КЕРАМОТЕКА. Опт и розница. Скидки. Цены.,"ATLAS CONCORDE STYLE / АТЛАС КОНКОРД СТАЙЛ - керамогранит ""под мрамор"" для жилых интерьеров и общественных пространств. КЕРАМОТЕКА.",Под заказ,$$$,https://www.keramoteka.ru/upload/uf/413/keramoteka-atlas-concorde-style.pdf,Статус NHS - ОТСУТСВУЕТ,Керамогранит,Bianco Winter Lappato Полуполированный,30X60 СМ,5D9A,./temp_files/img/ATLAS CONCORDE_STYLE_Bianco Winter Lappato Полуполированный.jpg
ATLAS CONCORDE,./temp_files/logo/ATLAS CONCORDE.png,"atlas concorde, атлас конкорд, плитка atlas concorde, керамогранит atlas concorde, плитка, керамогранит, atlas concord, плитка конкорд, плитка atlas, поставщик, атлас конкорд италия, атлас конкорд сайт","Каталог керамической плитки и керамогранита ATLAS CONCORDE / АТЛАС КОНКОРД (Италия) от прямого поставщика КЕРАМОТЕКА. Низкие цены, скидки. Оптовые и розничные продажи. Материал в наличии.",ATLAS CONCORDE / АТЛАС КОНКОРД (Италия) Керамическая плитка и керамогранит от прямого поставщика - компании КЕРАМОТЕКА,Италия,STYLE,"atlas concorde style, атлас конкорд стайл, керамогранит style, купить, поставщик, скидки, цены",Каталог керамического гранита ATLAS CONCORDE STYLE от прямого поставщика КЕРАМОТЕКА. Опт и розница. Скидки. Цены.,"ATLAS CONCORDE STYLE / АТЛАС КОНКОРД СТАЙЛ - керамогранит ""под мрамор"" для жилых интерьеров и общественных пространств. КЕРАМОТЕКА.",Под заказ,$$$,https://www.keramoteka.ru/upload/uf/413/keramoteka-atlas-concorde-style.pdf,Статус NHS - ОТСУТСВУЕТ,Керамогранит,Travertino Chiaro Lappato Полуполированный,30X60 СМ,5D9C,./temp_files/img/ATLAS CONCORDE_STYLE_Travertino Chiaro Lappato Полуполированный.jpg
ATLAS CONCORDE,./temp_files/logo/ATLAS CONCORDE.png,"atlas concorde, атлас конкорд, плитка atlas concorde, керамогранит atlas concorde, плитка, керамогранит, atlas concord, плитка конкорд, плитка atlas, поставщик, атлас конкорд италия, атлас конкорд сайт","Каталог керамической плитки и керамогранита ATLAS CONCORDE / АТЛАС КОНКОРД (Италия) от прямого поставщика КЕРАМОТЕКА. Низкие цены, скидки. Оптовые и розничные продажи. Материал в наличии.",ATLAS CONCORDE / АТЛАС КОНКОРД (Италия) Керамическая плитка и керамогранит от прямого поставщика - компании КЕРАМОТЕКА,Италия,STYLE,"atlas concorde style, атлас конкорд стайл, керамогранит style, купить, поставщик, скидки, цены",Каталог керамического гранита ATLAS CONCORDE STYLE от прямого поставщика КЕРАМОТЕКА. Опт и розница. Скидки. Цены.,"ATLAS CONCORDE STYLE / АТЛАС КОНКОРД СТАЙЛ - керамогранит ""под мрамор"" для жилых интерьеров и общественных пространств. КЕРАМОТЕКА.",Под заказ,$$$,https://www.keramoteka.ru/upload/uf/413/keramoteka-atlas-concorde-style.pdf,Статус NHS - ОТСУТСВУЕТ,Мозаика /Керамогранит/,Crema Marfil Mosaico,30X30 СМ,AD08,./temp_files/img/ATLAS CONCORDE_STYLE_Crema Marfil Mosaico.jpg
ATLAS CONCORDE,./temp_files/logo/ATLAS CONCORDE.png,"atlas concorde, атлас конкорд, плитка atlas concorde, керамогранит atlas concorde, плитка, керамогранит, atlas concord, плитка конкорд, плитка atlas, поставщик, атлас конкорд италия, атлас конкорд сайт","Каталог керамической плитки и керамогранита ATLAS CONCORDE / АТЛАС КОНКОРД (Италия) от прямого поставщика КЕРАМОТЕКА. Низкие цены, скидки. Оптовые и розничные продажи. Материал в наличии.",ATLAS CONCORDE / АТЛАС КОНКОРД (Италия) Керамическая плитка и керамогранит от прямого поставщика - компании КЕРАМОТЕКА,Италия,STYLE,"atlas concorde style, атлас конкорд стайл, керамогранит style, купить, поставщик, скидки, цены",Каталог керамического гранита ATLAS CONCORDE STYLE от прямого поставщика КЕРАМОТЕКА. Опт и розница. Скидки. Цены.,"ATLAS CONCORDE STYLE / АТЛАС КОНКОРД СТАЙЛ - керамогранит ""под мрамор"" для жилых интерьеров и общественных пространств. КЕРАМОТЕКА.",Под заказ,$$$,https://www.keramoteka.ru/upload/uf/413/keramoteka-atlas-concorde-style.pdf,Статус NHS - ОТСУТСВУЕТ,Мозаика /Керамогранит/,Bianco Venato Mosaico,30X30 СМ,AD06,./temp_files/img/ATLAS CONCORDE_STYLE_Bianco Venato Mosaico.jpg
ATLAS CONCORDE,./temp_files/logo/ATLAS CONCORDE.png,"atlas concorde, атлас конкорд, плитка atlas concorde, керамогранит atlas concorde, плитка, керамогранит, atlas concord, плитка конкорд, плитка atlas, поставщик, атлас конкорд италия, атлас конкорд сайт","Каталог керамической плитки и керамогранита ATLAS CONCORDE / АТЛАС КОНКОРД (Италия) от прямого поставщика КЕРАМОТЕКА. Низкие цены, скидки. Оптовые и розничные продажи. Материал в наличии.",ATLAS CONCORDE / АТЛАС КОНКОРД (Италия) Керамическая плитка и керамогранит от прямого поставщика - компании КЕРАМОТЕКА,Италия,STYLE,"atlas concorde style, атлас конкорд стайл, керамогранит style, купить, поставщик, скидки, цены",Каталог керамического гранита ATLAS CONCORDE STYLE от прямого поставщика КЕРАМОТЕКА. Опт и розница. Скидки. Цены.,"ATLAS CONCORDE STYLE / АТЛАС КОНКОРД СТАЙЛ - керамогранит ""под мрамор"" для жилых интерьеров и общественных пространств. КЕРАМОТЕКА.",Под заказ,$$$,https://www.keramoteka.ru/upload/uf/413/keramoteka-atlas-concorde-style.pdf,Статус NHS - ОТСУТСВУЕТ,Мозаика /Керамогранит/,Bianco Winter Mosaico,30X30 СМ,AD05,./temp_files/img/ATLAS CONCORDE_STYLE_Bianco Winter Mosaico.jpg
ATLAS CONCORDE,./temp_files/logo/ATLAS CONCORDE.png,"atlas concorde, атлас конкорд, плитка atlas concorde, керамогранит atlas concorde, плитка, керамогранит, atlas concord, плитка конкорд, плитка atlas, поставщик, атлас конкорд италия, атлас конкорд сайт","Каталог керамической плитки и керамогранита ATLAS CONCORDE / АТЛАС КОНКОРД (Италия) от прямого поставщика КЕРАМОТЕКА. Низкие цены, скидки. Оптовые и розничные продажи. Материал в наличии.",ATLAS CONCORDE / АТЛАС КОНКОРД (Италия) Керамическая плитка и керамогранит от прямого поставщика - компании КЕРАМОТЕКА,Италия,STYLE,"atlas concorde style, атлас конкорд стайл, керамогранит style, купить, поставщик, скидки, цены",Каталог керамического гранита ATLAS CONCORDE STYLE от прямого поставщика КЕРАМОТЕКА. Опт и розница. Скидки. Цены.,"ATLAS CONCORDE STYLE / АТЛАС КОНКОРД СТАЙЛ - керамогранит ""под мрамор"" для жилых интерьеров и общественных пространств. КЕРАМОТЕКА.",Под заказ,$$$,https://www.keramoteka.ru/upload/uf/413/keramoteka-atlas-concorde-style.pdf,Статус NHS - ОТСУТСВУЕТ,Декоративные элементы для стен /Керамогранит/,Crema Marfil Mosaico Linea,30X60 СМ,AD03,./temp_files/img/ATLAS CONCORDE_STYLE_Crema Marfil Mosaico Linea.jpg
ATLAS CONCORDE,./temp_files/logo/ATLAS CONCORDE.png,"atlas concorde, атлас конкорд, плитка atlas concorde, керамогранит atlas concorde, плитка, керамогранит, atlas concord, плитка конкорд, плитка atlas, поставщик, атлас конкорд италия, атлас конкорд сайт","Каталог керамической плитки и керамогранита ATLAS CONCORDE / АТЛАС КОНКОРД (Италия) от прямого поставщика КЕРАМОТЕКА. Низкие цены, скидки. Оптовые и розничные продажи. Материал в наличии.",ATLAS CONCORDE / АТЛАС КОНКОРД (Италия) Керамическая плитка и керамогранит от прямого поставщика - компании КЕРАМОТЕКА,Италия,STYLE,"atlas concorde style, атлас конкорд стайл, керамогранит style, купить, поставщик, скидки, цены",Каталог керамического гранита ATLAS CONCORDE STYLE от прямого поставщика КЕРАМОТЕКА. Опт и розница. Скидки. Цены.,"ATLAS CONCORDE STYLE / АТЛАС КОНКОРД СТАЙЛ - керамогранит ""под мрамор"" для жилых интерьеров и общественных пространств. КЕРАМОТЕКА.",Под заказ,$$$,https://www.keramoteka.ru/upload/uf/413/keramoteka-atlas-concorde-style.pdf,Статус NHS - ОТСУТСВУЕТ,Декоративные элементы для стен /Керамогранит/,Bianco Venato Mosaico Linea,30X60 СМ,AD01,./temp_files/img/ATLAS CONCORDE_STYLE_Bianco Venato Mosaico Linea.jpg
ATLAS CONCORDE,./temp_files/logo/ATLAS CONCORDE.png,"atlas concorde, атлас конкорд, плитка atlas concorde, керамогранит atlas concorde, плитка, керамогранит, atlas concord, плитка конкорд, плитка atlas, поставщик, атлас конкорд италия, атлас конкорд сайт","Каталог керамической плитки и керамогранита ATLAS CONCORDE / АТЛАС КОНКОРД (Италия) от прямого поставщика КЕРАМОТЕКА. Низкие цены, скидки. Оптовые и розничные продажи. Материал в наличии.",ATLAS CONCORDE / АТЛАС КОНКОРД (Италия) Керамическая плитка и керамогранит от прямого поставщика - компании КЕРАМОТЕКА,Италия,STYLE,"atlas concorde style, атлас конкорд стайл, керамогранит style, купить, поставщик, скидки, цены",Каталог керамического гранита ATLAS CONCORDE STYLE от прямого поставщика КЕРАМОТЕКА. Опт и розница. Скидки. Цены.,"ATLAS CONCORDE STYLE / АТЛАС КОНКОРД СТАЙЛ - керамогранит ""под мрамор"" для жилых интерьеров и общественных пространств. КЕРАМОТЕКА.",Под заказ,$$$,https://www.keramoteka.ru/upload/uf/413/keramoteka-atlas-concorde-style.pdf,Статус NHS - ОТСУТСВУЕТ,Декоративные элементы для стен /Керамогранит/,Bianco Winter Mosaico Linea,30X60 СМ,AD00,./temp_files/img/ATLAS CONCORDE_STYLE_Bianco Winter Mosaico Linea.jpg
ATLAS CONCORDE,./temp_files/logo/ATLAS CONCORDE.png,"atlas concorde, атлас конкорд, плитка atlas concorde, керамогранит atlas concorde, плитка, керамогранит, atlas concord, плитка конкорд, плитка atlas, поставщик, атлас конкорд италия, атлас конкорд сайт","Каталог керамической плитки и керамогранита ATLAS CONCORDE / АТЛАС КОНКОРД (Италия) от прямого поставщика КЕРАМОТЕКА. Низкие цены, скидки. Оптовые и розничные продажи. Материал в наличии.",ATLAS CONCORDE / АТЛАС КОНКОРД (Италия) Керамическая плитка и керамогранит от прямого поставщика - компании КЕРАМОТЕКА,Италия,STYLE,"atlas concorde style, атлас конкорд стайл, керамогранит style, купить, поставщик, скидки, цены",Каталог керамического гранита ATLAS CONCORDE STYLE от прямого поставщика КЕРАМОТЕКА. Опт и розница. Скидки. Цены.,"ATLAS CONCORDE STYLE / АТЛАС КОНКОРД СТАЙЛ - керамогранит ""под мрамор"" для жилых интерьеров и общественных пространств. КЕРАМОТЕКА.",Под заказ,$$$,https://www.keramoteka.ru/upload/uf/413/keramoteka-atlas-concorde-style.pdf,Статус NHS - ОТСУТСВУЕТ,Декоративные элементы для стен /Керамогранит/,Travertino Chiaro Mosaico Linea,30X60 СМ,AD02,./temp_files/img/ATLAS CONCORDE_STYLE_Travertino Chiaro Mosaico Linea.jpg
