ATLAS CONCORDE,./temp_files/logo/ATLAS CONCORDE.png,"atlas concorde, атлас конкорд, плитка atlas concorde, керамогранит atlas concorde, плитка, керамогранит, atlas concord, плитка конкорд, плитка atlas, поставщик, атлас конкорд италия, атлас конкорд сайт","Каталог керамической плитки и керамогранита ATLAS CONCORDE / АТЛАС КОНКОРД (Италия) от прямого поставщика КЕРАМОТЕКА. Низкие цены, скидки. Оптовые и розничные продажи. Материал в наличии.",ATLAS CONCORDE / АТЛАС КОНКОРД (Италия) Керамическая плитка и керамогранит от прямого поставщика - компании КЕРАМОТЕКА,Италия,ADORE,"atlas concorde adore, атлас конкорд адоре, плитка adore, moon, ivory, flame, navy, sky, cocoa, mosaic, купить, поставщик, скидки, цены",Каталог керамической плитки ATLAS CONCORDE ADORE от прямого поставщика КЕРАМОТЕКА. Опт и розница. В наличии. Привлекательные цены и скидки.,ATLAS CONCORDE ADORE / АТЛАС КОНКОРД АДОРЕ - яркая керамическая плитка для ванных комнат. КЕРАМОТЕКА.,На складе,$$$,https://www.keramoteka.ru/upload/uf/898/keramoteka-atlas-concorde-adore.pdf,РАСПРОДАЖА,Керамическая плитка для стен,Ivory,"30,5X56 СМ",9ABI,./temp_files/img/ATLAS CONCORDE_ADORE_Ivory.jpg
ATLAS CONCORDE,./temp_files/logo/ATLAS CONCORDE.png,"atlas concorde, атлас конкорд, плитка atlas concorde, керамогранит atlas concorde, плитка, керамогранит, atlas concord, плитка конкорд, плитка atlas, поставщик, атлас конкорд италия, атлас конкорд сайт","Каталог керамической плитки и керамогранита ATLAS CONCORDE / АТЛАС КОНКОРД (Италия) от прямого поставщика КЕРАМОТЕКА. Низкие цены, скидки. Оптовые и розничные продажи. Материал в наличии.",ATLAS CONCORDE / АТЛАС КОНКОРД (Италия) Керамическая плитка и керамогранит от прямого поставщика - компании КЕРАМОТЕКА,Италия,ADORE,"atlas concorde adore, атлас конкорд адоре, плитка adore, moon, ivory, flame, navy, sky, cocoa, mosaic, купить, поставщик, скидки, цены",Каталог керамической плитки ATLAS CONCORDE ADORE от прямого поставщика КЕРАМОТЕКА. Опт и розница. В наличии. Привлекательные цены и скидки.,ATLAS CONCORDE ADORE / АТЛАС КОНКОРД АДОРЕ - яркая керамическая плитка для ванных комнат. КЕРАМОТЕКА.,На складе,$$$,https://www.keramoteka.ru/upload/uf/898/keramoteka-atlas-concorde-adore.pdf,РАСПРОДАЖА,Керамическая плитка для стен,Cocoa,"30,5X56 СМ",9ABC,./temp_files/img/ATLAS CONCORDE_ADORE_Cocoa.jpg
ATLAS CONCORDE,./temp_files/logo/ATLAS CONCORDE.png,"atlas concorde, атлас конкорд, плитка atlas concorde, керамогранит atlas concorde, плитка, керамогранит, atlas concord, плитка конкорд, плитка atlas, поставщик, атлас конкорд италия, атлас конкорд сайт","Каталог керамической плитки и керамогранита ATLAS CONCORDE / АТЛАС КОНКОРД (Италия) от прямого поставщика КЕРАМОТЕКА. Низкие цены, скидки. Оптовые и розничные продажи. Материал в наличии.",ATLAS CONCORDE / АТЛАС КОНКОРД (Италия) Керамическая плитка и керамогранит от прямого поставщика - компании КЕРАМОТЕКА,Италия,ADORE,"atlas concorde adore, атлас конкорд адоре, плитка adore, moon, ivory, flame, navy, sky, cocoa, mosaic, купить, поставщик, скидки, цены",Каталог керамической плитки ATLAS CONCORDE ADORE от прямого поставщика КЕРАМОТЕКА. Опт и розница. В наличии. Привлекательные цены и скидки.,ATLAS CONCORDE ADORE / АТЛАС КОНКОРД АДОРЕ - яркая керамическая плитка для ванных комнат. КЕРАМОТЕКА.,На складе,$$$,https://www.keramoteka.ru/upload/uf/898/keramoteka-atlas-concorde-adore.pdf,РАСПРОДАЖА,Керамическая плитка для стен,Moon,"30,5X56 СМ",9ABM,./temp_files/img/ATLAS CONCORDE_ADORE_Moon.jpg
ATLAS CONCORDE,./temp_files/logo/ATLAS CONCORDE.png,"atlas concorde, атлас конкорд, плитка atlas concorde, керамогранит atlas concorde, плитка, керамогранит, atlas concord, плитка конкорд, плитка atlas, поставщик, атлас конкорд италия, атлас конкорд сайт","Каталог керамической плитки и керамогранита ATLAS CONCORDE / АТЛАС КОНКОРД (Италия) от прямого поставщика КЕРАМОТЕКА. Низкие цены, скидки. Оптовые и розничные продажи. Материал в наличии.",ATLAS CONCORDE / АТЛАС КОНКОРД (Италия) Керамическая плитка и керамогранит от прямого поставщика - компании КЕРАМОТЕКА,Италия,ADORE,"atlas concorde adore, атлас конкорд адоре, плитка adore, moon, ivory, flame, navy, sky, cocoa, mosaic, купить, поставщик, скидки, цены",Каталог керамической плитки ATLAS CONCORDE ADORE от прямого поставщика КЕРАМОТЕКА. Опт и розница. В наличии. Привлекательные цены и скидки.,ATLAS CONCORDE ADORE / АТЛАС КОНКОРД АДОРЕ - яркая керамическая плитка для ванных комнат. КЕРАМОТЕКА.,На складе,$$$,https://www.keramoteka.ru/upload/uf/898/keramoteka-atlas-concorde-adore.pdf,РАСПРОДАЖА,Керамическая плитка для стен,Night,"30,5X56 СМ",9ABH,./temp_files/img/ATLAS CONCORDE_ADORE_Night.jpg
ATLAS CONCORDE,./temp_files/logo/ATLAS CONCORDE.png,"atlas concorde, атлас конкорд, плитка atlas concorde, керамогранит atlas concorde, плитка, керамогранит, atlas concord, плитка конкорд, плитка atlas, поставщик, атлас конкорд италия, атлас конкорд сайт","Каталог керамической плитки и керамогранита ATLAS CONCORDE / АТЛАС КОНКОРД (Италия) от прямого поставщика КЕРАМОТЕКА. Низкие цены, скидки. Оптовые и розничные продажи. Материал в наличии.",ATLAS CONCORDE / АТЛАС КОНКОРД (Италия) Керамическая плитка и керамогранит от прямого поставщика - компании КЕРАМОТЕКА,Италия,ADORE,"atlas concorde adore, атлас конкорд адоре, плитка adore, moon, ivory, flame, navy, sky, cocoa, mosaic, купить, поставщик, скидки, цены",Каталог керамической плитки ATLAS CONCORDE ADORE от прямого поставщика КЕРАМОТЕКА. Опт и розница. В наличии. Привлекательные цены и скидки.,ATLAS CONCORDE ADORE / АТЛАС КОНКОРД АДОРЕ - яркая керамическая плитка для ванных комнат. КЕРАМОТЕКА.,На складе,$$$,https://www.keramoteka.ru/upload/uf/898/keramoteka-atlas-concorde-adore.pdf,РАСПРОДАЖА,Керамическая плитка для стен,Rose,"30,5X56 СМ",9ABR,./temp_files/img/ATLAS CONCORDE_ADORE_Rose.jpg
ATLAS CONCORDE,./temp_files/logo/ATLAS CONCORDE.png,"atlas concorde, атлас конкорд, плитка atlas concorde, керамогранит atlas concorde, плитка, керамогранит, atlas concord, плитка конкорд, плитка atlas, поставщик, атлас конкорд италия, атлас конкорд сайт","Каталог керамической плитки и керамогранита ATLAS CONCORDE / АТЛАС КОНКОРД (Италия) от прямого поставщика КЕРАМОТЕКА. Низкие цены, скидки. Оптовые и розничные продажи. Материал в наличии.",ATLAS CONCORDE / АТЛАС КОНКОРД (Италия) Керамическая плитка и керамогранит от прямого поставщика - компании КЕРАМОТЕКА,Италия,ADORE,"atlas concorde adore, атлас конкорд адоре, плитка adore, moon, ivory, flame, navy, sky, cocoa, mosaic, купить, поставщик, скидки, цены",Каталог керамической плитки ATLAS CONCORDE ADORE от прямого поставщика КЕРАМОТЕКА. Опт и розница. В наличии. Привлекательные цены и скидки.,ATLAS CONCORDE ADORE / АТЛАС КОНКОРД АДОРЕ - яркая керамическая плитка для ванных комнат. КЕРАМОТЕКА.,На складе,$$$,https://www.keramoteka.ru/upload/uf/898/keramoteka-atlas-concorde-adore.pdf,РАСПРОДАЖА,Керамическая плитка для стен,Flame,"30,5X56 СМ",9ABF,./temp_files/img/ATLAS CONCORDE_ADORE_Flame.jpg
ATLAS CONCORDE,./temp_files/logo/ATLAS CONCORDE.png,"atlas concorde, атлас конкорд, плитка atlas concorde, керамогранит atlas concorde, плитка, керамогранит, atlas concord, плитка конкорд, плитка atlas, поставщик, атлас конкорд италия, атлас конкорд сайт","Каталог керамической плитки и керамогранита ATLAS CONCORDE / АТЛАС КОНКОРД (Италия) от прямого поставщика КЕРАМОТЕКА. Низкие цены, скидки. Оптовые и розничные продажи. Материал в наличии.",ATLAS CONCORDE / АТЛАС КОНКОРД (Италия) Керамическая плитка и керамогранит от прямого поставщика - компании КЕРАМОТЕКА,Италия,ADORE,"atlas concorde adore, атлас конкорд адоре, плитка adore, moon, ivory, flame, navy, sky, cocoa, mosaic, купить, поставщик, скидки, цены",Каталог керамической плитки ATLAS CONCORDE ADORE от прямого поставщика КЕРАМОТЕКА. Опт и розница. В наличии. Привлекательные цены и скидки.,ATLAS CONCORDE ADORE / АТЛАС КОНКОРД АДОРЕ - яркая керамическая плитка для ванных комнат. КЕРАМОТЕКА.,На складе,$$$,https://www.keramoteka.ru/upload/uf/898/keramoteka-atlas-concorde-adore.pdf,РАСПРОДАЖА,Керамическая плитка для стен,Sky,"30,5X56 СМ",9ABS,./temp_files/img/ATLAS CONCORDE_ADORE_Sky.jpg
ATLAS CONCORDE,./temp_files/logo/ATLAS CONCORDE.png,"atlas concorde, атлас конкорд, плитка atlas concorde, керамогранит atlas concorde, плитка, керамогранит, atlas concord, плитка конкорд, плитка atlas, поставщик, атлас конкорд италия, атлас конкорд сайт","Каталог керамической плитки и керамогранита ATLAS CONCORDE / АТЛАС КОНКОРД (Италия) от прямого поставщика КЕРАМОТЕКА. Низкие цены, скидки. Оптовые и розничные продажи. Материал в наличии.",ATLAS CONCORDE / АТЛАС КОНКОРД (Италия) Керамическая плитка и керамогранит от прямого поставщика - компании КЕРАМОТЕКА,Италия,ADORE,"atlas concorde adore, атлас конкорд адоре, плитка adore, moon, ivory, flame, navy, sky, cocoa, mosaic, купить, поставщик, скидки, цены",Каталог керамической плитки ATLAS CONCORDE ADORE от прямого поставщика КЕРАМОТЕКА. Опт и розница. В наличии. Привлекательные цены и скидки.,ATLAS CONCORDE ADORE / АТЛАС КОНКОРД АДОРЕ - яркая керамическая плитка для ванных комнат. КЕРАМОТЕКА.,На складе,$$$,https://www.keramoteka.ru/upload/uf/898/keramoteka-atlas-concorde-adore.pdf,РАСПРОДАЖА,Керамическая плитка для стен,Navy,"30,5X56 СМ",9ABN,./temp_files/img/ATLAS CONCORDE_ADORE_Navy.jpg
ATLAS CONCORDE,./temp_files/logo/ATLAS CONCORDE.png,"atlas concorde, атлас конкорд, плитка atlas concorde, керамогранит atlas concorde, плитка, керамогранит, atlas concord, плитка конкорд, плитка atlas, поставщик, атлас конкорд италия, атлас конкорд сайт","Каталог керамической плитки и керамогранита ATLAS CONCORDE / АТЛАС КОНКОРД (Италия) от прямого поставщика КЕРАМОТЕКА. Низкие цены, скидки. Оптовые и розничные продажи. Материал в наличии.",ATLAS CONCORDE / АТЛАС КОНКОРД (Италия) Керамическая плитка и керамогранит от прямого поставщика - компании КЕРАМОТЕКА,Италия,ADORE,"atlas concorde adore, атлас конкорд адоре, плитка adore, moon, ivory, flame, navy, sky, cocoa, mosaic, купить, поставщик, скидки, цены",Каталог керамической плитки ATLAS CONCORDE ADORE от прямого поставщика КЕРАМОТЕКА. Опт и розница. В наличии. Привлекательные цены и скидки.,ATLAS CONCORDE ADORE / АТЛАС КОНКОРД АДОРЕ - яркая керамическая плитка для ванных комнат. КЕРАМОТЕКА.,На складе,$$$,https://www.keramoteka.ru/upload/uf/898/keramoteka-atlas-concorde-adore.pdf,РАСПРОДАЖА,Керамическая плитка для стен,Ivory Wallpaper,"30,5X56 СМ",9APO,./temp_files/img/ATLAS CONCORDE_ADORE_Ivory Wallpaper.jpg
ATLAS CONCORDE,./temp_files/logo/ATLAS CONCORDE.png,"atlas concorde, атлас конкорд, плитка atlas concorde, керамогранит atlas concorde, плитка, керамогранит, atlas concord, плитка конкорд, плитка atlas, поставщик, атлас конкорд италия, атлас конкорд сайт","Каталог керамической плитки и керамогранита ATLAS CONCORDE / АТЛАС КОНКОРД (Италия) от прямого поставщика КЕРАМОТЕКА. Низкие цены, скидки. Оптовые и розничные продажи. Материал в наличии.",ATLAS CONCORDE / АТЛАС КОНКОРД (Италия) Керамическая плитка и керамогранит от прямого поставщика - компании КЕРАМОТЕКА,Италия,ADORE,"atlas concorde adore, атлас конкорд адоре, плитка adore, moon, ivory, flame, navy, sky, cocoa, mosaic, купить, поставщик, скидки, цены",Каталог керамической плитки ATLAS CONCORDE ADORE от прямого поставщика КЕРАМОТЕКА. Опт и розница. В наличии. Привлекательные цены и скидки.,ATLAS CONCORDE ADORE / АТЛАС КОНКОРД АДОРЕ - яркая керамическая плитка для ванных комнат. КЕРАМОТЕКА.,На складе,$$$,https://www.keramoteka.ru/upload/uf/898/keramoteka-atlas-concorde-adore.pdf,РАСПРОДАЖА,Керамическая плитка для стен,Cocoa Wallpaper,"30,5X56 СМ",9APC,./temp_files/img/ATLAS CONCORDE_ADORE_Cocoa Wallpaper.jpg
ATLAS CONCORDE,./temp_files/logo/ATLAS CONCORDE.png,"atlas concorde, атлас конкорд, плитка atlas concorde, керамогранит atlas concorde, плитка, керамогранит, atlas concord, плитка конкорд, плитка atlas, поставщик, атлас конкорд италия, атлас конкорд сайт","Каталог керамической плитки и керамогранита ATLAS CONCORDE / АТЛАС КОНКОРД (Италия) от прямого поставщика КЕРАМОТЕКА. Низкие цены, скидки. Оптовые и розничные продажи. Материал в наличии.",ATLAS CONCORDE / АТЛАС КОНКОРД (Италия) Керамическая плитка и керамогранит от прямого поставщика - компании КЕРАМОТЕКА,Италия,ADORE,"atlas concorde adore, атлас конкорд адоре, плитка adore, moon, ivory, flame, navy, sky, cocoa, mosaic, купить, поставщик, скидки, цены",Каталог керамической плитки ATLAS CONCORDE ADORE от прямого поставщика КЕРАМОТЕКА. Опт и розница. В наличии. Привлекательные цены и скидки.,ATLAS CONCORDE ADORE / АТЛАС КОНКОРД АДОРЕ - яркая керамическая плитка для ванных комнат. КЕРАМОТЕКА.,На складе,$$$,https://www.keramoteka.ru/upload/uf/898/keramoteka-atlas-concorde-adore.pdf,РАСПРОДАЖА,Керамическая плитка для стен,Moon Wallpaper,"30,5X56 СМ",9APM,./temp_files/img/ATLAS CONCORDE_ADORE_Moon Wallpaper.jpg
ATLAS CONCORDE,./temp_files/logo/ATLAS CONCORDE.png,"atlas concorde, атлас конкорд, плитка atlas concorde, керамогранит atlas concorde, плитка, керамогранит, atlas concord, плитка конкорд, плитка atlas, поставщик, атлас конкорд италия, атлас конкорд сайт","Каталог керамической плитки и керамогранита ATLAS CONCORDE / АТЛАС КОНКОРД (Италия) от прямого поставщика КЕРАМОТЕКА. Низкие цены, скидки. Оптовые и розничные продажи. Материал в наличии.",ATLAS CONCORDE / АТЛАС КОНКОРД (Италия) Керамическая плитка и керамогранит от прямого поставщика - компании КЕРАМОТЕКА,Италия,ADORE,"atlas concorde adore, атлас конкорд адоре, плитка adore, moon, ivory, flame, navy, sky, cocoa, mosaic, купить, поставщик, скидки, цены",Каталог керамической плитки ATLAS CONCORDE ADORE от прямого поставщика КЕРАМОТЕКА. Опт и розница. В наличии. Привлекательные цены и скидки.,ATLAS CONCORDE ADORE / АТЛАС КОНКОРД АДОРЕ - яркая керамическая плитка для ванных комнат. КЕРАМОТЕКА.,На складе,$$$,https://www.keramoteka.ru/upload/uf/898/keramoteka-atlas-concorde-adore.pdf,РАСПРОДАЖА,Керамическая плитка для стен,Night Wallpaper,"30,5X56 СМ",9APH,./temp_files/img/ATLAS CONCORDE_ADORE_Night Wallpaper.jpg
ATLAS CONCORDE,./temp_files/logo/ATLAS CONCORDE.png,"atlas concorde, атлас конкорд, плитка atlas concorde, керамогранит atlas concorde, плитка, керамогранит, atlas concord, плитка конкорд, плитка atlas, поставщик, атлас конкорд италия, атлас конкорд сайт","Каталог керамической плитки и керамогранита ATLAS CONCORDE / АТЛАС КОНКОРД (Италия) от прямого поставщика КЕРАМОТЕКА. Низкие цены, скидки. Оптовые и розничные продажи. Материал в наличии.",ATLAS CONCORDE / АТЛАС КОНКОРД (Италия) Керамическая плитка и керамогранит от прямого поставщика - компании КЕРАМОТЕКА,Италия,ADORE,"atlas concorde adore, атлас конкорд адоре, плитка adore, moon, ivory, flame, navy, sky, cocoa, mosaic, купить, поставщик, скидки, цены",Каталог керамической плитки ATLAS CONCORDE ADORE от прямого поставщика КЕРАМОТЕКА. Опт и розница. В наличии. Привлекательные цены и скидки.,ATLAS CONCORDE ADORE / АТЛАС КОНКОРД АДОРЕ - яркая керамическая плитка для ванных комнат. КЕРАМОТЕКА.,На складе,$$$,https://www.keramoteka.ru/upload/uf/898/keramoteka-atlas-concorde-adore.pdf,РАСПРОДАЖА,Керамическая плитка для стен,Navy Wallpaper,"30,5X56 СМ",9APN,./temp_files/img/ATLAS CONCORDE_ADORE_Navy Wallpaper.jpg
ATLAS CONCORDE,./temp_files/logo/ATLAS CONCORDE.png,"atlas concorde, атлас конкорд, плитка atlas concorde, керамогранит atlas concorde, плитка, керамогранит, atlas concord, плитка конкорд, плитка atlas, поставщик, атлас конкорд италия, атлас конкорд сайт","Каталог керамической плитки и керамогранита ATLAS CONCORDE / АТЛАС КОНКОРД (Италия) от прямого поставщика КЕРАМОТЕКА. Низкие цены, скидки. Оптовые и розничные продажи. Материал в наличии.",ATLAS CONCORDE / АТЛАС КОНКОРД (Италия) Керамическая плитка и керамогранит от прямого поставщика - компании КЕРАМОТЕКА,Италия,ADORE,"atlas concorde adore, атлас конкорд адоре, плитка adore, moon, ivory, flame, navy, sky, cocoa, mosaic, купить, поставщик, скидки, цены",Каталог керамической плитки ATLAS CONCORDE ADORE от прямого поставщика КЕРАМОТЕКА. Опт и розница. В наличии. Привлекательные цены и скидки.,ATLAS CONCORDE ADORE / АТЛАС КОНКОРД АДОРЕ - яркая керамическая плитка для ванных комнат. КЕРАМОТЕКА.,На складе,$$$,https://www.keramoteka.ru/upload/uf/898/keramoteka-atlas-concorde-adore.pdf,РАСПРОДАЖА,Декоративные элементы,Ivory Twist,"30,5X56 СМ",9ATI,./temp_files/img/ATLAS CONCORDE_ADORE_Ivory Twist.jpg
ATLAS CONCORDE,./temp_files/logo/ATLAS CONCORDE.png,"atlas concorde, атлас конкорд, плитка atlas concorde, керамогранит atlas concorde, плитка, керамогранит, atlas concord, плитка конкорд, плитка atlas, поставщик, атлас конкорд италия, атлас конкорд сайт","Каталог керамической плитки и керамогранита ATLAS CONCORDE / АТЛАС КОНКОРД (Италия) от прямого поставщика КЕРАМОТЕКА. Низкие цены, скидки. Оптовые и розничные продажи. Материал в наличии.",ATLAS CONCORDE / АТЛАС КОНКОРД (Италия) Керамическая плитка и керамогранит от прямого поставщика - компании КЕРАМОТЕКА,Италия,ADORE,"atlas concorde adore, атлас конкорд адоре, плитка adore, moon, ivory, flame, navy, sky, cocoa, mosaic, купить, поставщик, скидки, цены",Каталог керамической плитки ATLAS CONCORDE ADORE от прямого поставщика КЕРАМОТЕКА. Опт и розница. В наличии. Привлекательные цены и скидки.,ATLAS CONCORDE ADORE / АТЛАС КОНКОРД АДОРЕ - яркая керамическая плитка для ванных комнат. КЕРАМОТЕКА.,На складе,$$$,https://www.keramoteka.ru/upload/uf/898/keramoteka-atlas-concorde-adore.pdf,РАСПРОДАЖА,Декоративные элементы,Cocoa Twist,"30,5X56 СМ",9ATC,./temp_files/img/ATLAS CONCORDE_ADORE_Cocoa Twist.jpg
ATLAS CONCORDE,./temp_files/logo/ATLAS CONCORDE.png,"atlas concorde, атлас конкорд, плитка atlas concorde, керамогранит atlas concorde, плитка, керамогранит, atlas concord, плитка конкорд, плитка atlas, поставщик, атлас конкорд италия, атлас конкорд сайт","Каталог керамической плитки и керамогранита ATLAS CONCORDE / АТЛАС КОНКОРД (Италия) от прямого поставщика КЕРАМОТЕКА. Низкие цены, скидки. Оптовые и розничные продажи. Материал в наличии.",ATLAS CONCORDE / АТЛАС КОНКОРД (Италия) Керамическая плитка и керамогранит от прямого поставщика - компании КЕРАМОТЕКА,Италия,ADORE,"atlas concorde adore, атлас конкорд адоре, плитка adore, moon, ivory, flame, navy, sky, cocoa, mosaic, купить, поставщик, скидки, цены",Каталог керамической плитки ATLAS CONCORDE ADORE от прямого поставщика КЕРАМОТЕКА. Опт и розница. В наличии. Привлекательные цены и скидки.,ATLAS CONCORDE ADORE / АТЛАС КОНКОРД АДОРЕ - яркая керамическая плитка для ванных комнат. КЕРАМОТЕКА.,На складе,$$$,https://www.keramoteka.ru/upload/uf/898/keramoteka-atlas-concorde-adore.pdf,РАСПРОДАЖА,Декоративные элементы,Moon Twist,"30,5X56 СМ",9ATM,./temp_files/img/ATLAS CONCORDE_ADORE_Moon Twist.jpg
ATLAS CONCORDE,./temp_files/logo/ATLAS CONCORDE.png,"atlas concorde, атлас конкорд, плитка atlas concorde, керамогранит atlas concorde, плитка, керамогранит, atlas concord, плитка конкорд, плитка atlas, поставщик, атлас конкорд италия, атлас конкорд сайт","Каталог керамической плитки и керамогранита ATLAS CONCORDE / АТЛАС КОНКОРД (Италия) от прямого поставщика КЕРАМОТЕКА. Низкие цены, скидки. Оптовые и розничные продажи. Материал в наличии.",ATLAS CONCORDE / АТЛАС КОНКОРД (Италия) Керамическая плитка и керамогранит от прямого поставщика - компании КЕРАМОТЕКА,Италия,ADORE,"atlas concorde adore, атлас конкорд адоре, плитка adore, moon, ivory, flame, navy, sky, cocoa, mosaic, купить, поставщик, скидки, цены",Каталог керамической плитки ATLAS CONCORDE ADORE от прямого поставщика КЕРАМОТЕКА. Опт и розница. В наличии. Привлекательные цены и скидки.,ATLAS CONCORDE ADORE / АТЛАС КОНКОРД АДОРЕ - яркая керамическая плитка для ванных комнат. КЕРАМОТЕКА.,На складе,$$$,https://www.keramoteka.ru/upload/uf/898/keramoteka-atlas-concorde-adore.pdf,РАСПРОДАЖА,Декоративные элементы,Night Twist,"30,5X56 СМ",9ATN,./temp_files/img/ATLAS CONCORDE_ADORE_Night Twist.jpg
ATLAS CONCORDE,./temp_files/logo/ATLAS CONCORDE.png,"atlas concorde, атлас конкорд, плитка atlas concorde, керамогранит atlas concorde, плитка, керамогранит, atlas concord, плитка конкорд, плитка atlas, поставщик, атлас конкорд италия, атлас конкорд сайт","Каталог керамической плитки и керамогранита ATLAS CONCORDE / АТЛАС КОНКОРД (Италия) от прямого поставщика КЕРАМОТЕКА. Низкие цены, скидки. Оптовые и розничные продажи. Материал в наличии.",ATLAS CONCORDE / АТЛАС КОНКОРД (Италия) Керамическая плитка и керамогранит от прямого поставщика - компании КЕРАМОТЕКА,Италия,ADORE,"atlas concorde adore, атлас конкорд адоре, плитка adore, moon, ivory, flame, navy, sky, cocoa, mosaic, купить, поставщик, скидки, цены",Каталог керамической плитки ATLAS CONCORDE ADORE от прямого поставщика КЕРАМОТЕКА. Опт и розница. В наличии. Привлекательные цены и скидки.,ATLAS CONCORDE ADORE / АТЛАС КОНКОРД АДОРЕ - яркая керамическая плитка для ванных комнат. КЕРАМОТЕКА.,На складе,$$$,https://www.keramoteka.ru/upload/uf/898/keramoteka-atlas-concorde-adore.pdf,РАСПРОДАЖА,Декоративные элементы,Flame Twist,"30,5X56 СМ",9ATF,./temp_files/img/ATLAS CONCORDE_ADORE_Flame Twist.jpg
ATLAS CONCORDE,./temp_files/logo/ATLAS CONCORDE.png,"atlas concorde, атлас конкорд, плитка atlas concorde, керамогранит atlas concorde, плитка, керамогранит, atlas concord, плитка конкорд, плитка atlas, поставщик, атлас конкорд италия, атлас конкорд сайт","Каталог керамической плитки и керамогранита ATLAS CONCORDE / АТЛАС КОНКОРД (Италия) от прямого поставщика КЕРАМОТЕКА. Низкие цены, скидки. Оптовые и розничные продажи. Материал в наличии.",ATLAS CONCORDE / АТЛАС КОНКОРД (Италия) Керамическая плитка и керамогранит от прямого поставщика - компании КЕРАМОТЕКА,Италия,ADORE,"atlas concorde adore, атлас конкорд адоре, плитка adore, moon, ivory, flame, navy, sky, cocoa, mosaic, купить, поставщик, скидки, цены",Каталог керамической плитки ATLAS CONCORDE ADORE от прямого поставщика КЕРАМОТЕКА. Опт и розница. В наличии. Привлекательные цены и скидки.,ATLAS CONCORDE ADORE / АТЛАС КОНКОРД АДОРЕ - яркая керамическая плитка для ванных комнат. КЕРАМОТЕКА.,На складе,$$$,https://www.keramoteka.ru/upload/uf/898/keramoteka-atlas-concorde-adore.pdf,РАСПРОДАЖА,Декоративные элементы,Ivory Pattern,"30,5X56 СМ",9ANI,./temp_files/img/ATLAS CONCORDE_ADORE_Ivory Pattern.jpg
ATLAS CONCORDE,./temp_files/logo/ATLAS CONCORDE.png,"atlas concorde, атлас конкорд, плитка atlas concorde, керамогранит atlas concorde, плитка, керамогранит, atlas concord, плитка конкорд, плитка atlas, поставщик, атлас конкорд италия, атлас конкорд сайт","Каталог керамической плитки и керамогранита ATLAS CONCORDE / АТЛАС КОНКОРД (Италия) от прямого поставщика КЕРАМОТЕКА. Низкие цены, скидки. Оптовые и розничные продажи. Материал в наличии.",ATLAS CONCORDE / АТЛАС КОНКОРД (Италия) Керамическая плитка и керамогранит от прямого поставщика - компании КЕРАМОТЕКА,Италия,ADORE,"atlas concorde adore, атлас конкорд адоре, плитка adore, moon, ivory, flame, navy, sky, cocoa, mosaic, купить, поставщик, скидки, цены",Каталог керамической плитки ATLAS CONCORDE ADORE от прямого поставщика КЕРАМОТЕКА. Опт и розница. В наличии. Привлекательные цены и скидки.,ATLAS CONCORDE ADORE / АТЛАС КОНКОРД АДОРЕ - яркая керамическая плитка для ванных комнат. КЕРАМОТЕКА.,На складе,$$$,https://www.keramoteka.ru/upload/uf/898/keramoteka-atlas-concorde-adore.pdf,РАСПРОДАЖА,Декоративные элементы,Cocoa Pattern,"30,5X56 СМ",9ANC,./temp_files/img/ATLAS CONCORDE_ADORE_Cocoa Pattern.jpg
ATLAS CONCORDE,./temp_files/logo/ATLAS CONCORDE.png,"atlas concorde, атлас конкорд, плитка atlas concorde, керамогранит atlas concorde, плитка, керамогранит, atlas concord, плитка конкорд, плитка atlas, поставщик, атлас конкорд италия, атлас конкорд сайт","Каталог керамической плитки и керамогранита ATLAS CONCORDE / АТЛАС КОНКОРД (Италия) от прямого поставщика КЕРАМОТЕКА. Низкие цены, скидки. Оптовые и розничные продажи. Материал в наличии.",ATLAS CONCORDE / АТЛАС КОНКОРД (Италия) Керамическая плитка и керамогранит от прямого поставщика - компании КЕРАМОТЕКА,Италия,ADORE,"atlas concorde adore, атлас конкорд адоре, плитка adore, moon, ivory, flame, navy, sky, cocoa, mosaic, купить, поставщик, скидки, цены",Каталог керамической плитки ATLAS CONCORDE ADORE от прямого поставщика КЕРАМОТЕКА. Опт и розница. В наличии. Привлекательные цены и скидки.,ATLAS CONCORDE ADORE / АТЛАС КОНКОРД АДОРЕ - яркая керамическая плитка для ванных комнат. КЕРАМОТЕКА.,На складе,$$$,https://www.keramoteka.ru/upload/uf/898/keramoteka-atlas-concorde-adore.pdf,РАСПРОДАЖА,Декоративные элементы,Rose Pattern,"30,5X56 СМ",9ANR,./temp_files/img/ATLAS CONCORDE_ADORE_Rose Pattern.jpg
ATLAS CONCORDE,./temp_files/logo/ATLAS CONCORDE.png,"atlas concorde, атлас конкорд, плитка atlas concorde, керамогранит atlas concorde, плитка, керамогранит, atlas concord, плитка конкорд, плитка atlas, поставщик, атлас конкорд италия, атлас конкорд сайт","Каталог керамической плитки и керамогранита ATLAS CONCORDE / АТЛАС КОНКОРД (Италия) от прямого поставщика КЕРАМОТЕКА. Низкие цены, скидки. Оптовые и розничные продажи. Материал в наличии.",ATLAS CONCORDE / АТЛАС КОНКОРД (Италия) Керамическая плитка и керамогранит от прямого поставщика - компании КЕРАМОТЕКА,Италия,ADORE,"atlas concorde adore, атлас конкорд адоре, плитка adore, moon, ivory, flame, navy, sky, cocoa, mosaic, купить, поставщик, скидки, цены",Каталог керамической плитки ATLAS CONCORDE ADORE от прямого поставщика КЕРАМОТЕКА. Опт и розница. В наличии. Привлекательные цены и скидки.,ATLAS CONCORDE ADORE / АТЛАС КОНКОРД АДОРЕ - яркая керамическая плитка для ванных комнат. КЕРАМОТЕКА.,На складе,$$$,https://www.keramoteka.ru/upload/uf/898/keramoteka-atlas-concorde-adore.pdf,РАСПРОДАЖА,Декоративные элементы,Moon Pattern,"30,5X56 СМ",9AMP,./temp_files/img/ATLAS CONCORDE_ADORE_Moon Pattern.jpg
ATLAS CONCORDE,./temp_files/logo/ATLAS CONCORDE.png,"atlas concorde, атлас конкорд, плитка atlas concorde, керамогранит atlas concorde, плитка, керамогранит, atlas concord, плитка конкорд, плитка atlas, поставщик, атлас конкорд италия, атлас конкорд сайт","Каталог керамической плитки и керамогранита ATLAS CONCORDE / АТЛАС КОНКОРД (Италия) от прямого поставщика КЕРАМОТЕКА. Низкие цены, скидки. Оптовые и розничные продажи. Материал в наличии.",ATLAS CONCORDE / АТЛАС КОНКОРД (Италия) Керамическая плитка и керамогранит от прямого поставщика - компании КЕРАМОТЕКА,Италия,ADORE,"atlas concorde adore, атлас конкорд адоре, плитка adore, moon, ivory, flame, navy, sky, cocoa, mosaic, купить, поставщик, скидки, цены",Каталог керамической плитки ATLAS CONCORDE ADORE от прямого поставщика КЕРАМОТЕКА. Опт и розница. В наличии. Привлекательные цены и скидки.,ATLAS CONCORDE ADORE / АТЛАС КОНКОРД АДОРЕ - яркая керамическая плитка для ванных комнат. КЕРАМОТЕКА.,На складе,$$$,https://www.keramoteka.ru/upload/uf/898/keramoteka-atlas-concorde-adore.pdf,РАСПРОДАЖА,Декоративные элементы,Night Pattern,"30,5X56 СМ",9ANH,./temp_files/img/ATLAS CONCORDE_ADORE_Night Pattern.jpg
ATLAS CONCORDE,./temp_files/logo/ATLAS CONCORDE.png,"atlas concorde, атлас конкорд, плитка atlas concorde, керамогранит atlas concorde, плитка, керамогранит, atlas concord, плитка конкорд, плитка atlas, поставщик, атлас конкорд италия, атлас конкорд сайт","Каталог керамической плитки и керамогранита ATLAS CONCORDE / АТЛАС КОНКОРД (Италия) от прямого поставщика КЕРАМОТЕКА. Низкие цены, скидки. Оптовые и розничные продажи. Материал в наличии.",ATLAS CONCORDE / АТЛАС КОНКОРД (Италия) Керамическая плитка и керамогранит от прямого поставщика - компании КЕРАМОТЕКА,Италия,ADORE,"atlas concorde adore, атлас конкорд адоре, плитка adore, moon, ivory, flame, navy, sky, cocoa, mosaic, купить, поставщик, скидки, цены",Каталог керамической плитки ATLAS CONCORDE ADORE от прямого поставщика КЕРАМОТЕКА. Опт и розница. В наличии. Привлекательные цены и скидки.,ATLAS CONCORDE ADORE / АТЛАС КОНКОРД АДОРЕ - яркая керамическая плитка для ванных комнат. КЕРАМОТЕКА.,На складе,$$$,https://www.keramoteka.ru/upload/uf/898/keramoteka-atlas-concorde-adore.pdf,РАСПРОДАЖА,Декоративные элементы,Sky Pattern,"30,5X56 СМ",9ANS,./temp_files/img/ATLAS CONCORDE_ADORE_Sky Pattern.jpg
ATLAS CONCORDE,./temp_files/logo/ATLAS CONCORDE.png,"atlas concorde, атлас конкорд, плитка atlas concorde, керамогранит atlas concorde, плитка, керамогранит, atlas concord, плитка конкорд, плитка atlas, поставщик, атлас конкорд италия, атлас конкорд сайт","Каталог керамической плитки и керамогранита ATLAS CONCORDE / АТЛАС КОНКОРД (Италия) от прямого поставщика КЕРАМОТЕКА. Низкие цены, скидки. Оптовые и розничные продажи. Материал в наличии.",ATLAS CONCORDE / АТЛАС КОНКОРД (Италия) Керамическая плитка и керамогранит от прямого поставщика - компании КЕРАМОТЕКА,Италия,ADORE,"atlas concorde adore, атлас конкорд адоре, плитка adore, moon, ivory, flame, navy, sky, cocoa, mosaic, купить, поставщик, скидки, цены",Каталог керамической плитки ATLAS CONCORDE ADORE от прямого поставщика КЕРАМОТЕКА. Опт и розница. В наличии. Привлекательные цены и скидки.,ATLAS CONCORDE ADORE / АТЛАС КОНКОРД АДОРЕ - яркая керамическая плитка для ванных комнат. КЕРАМОТЕКА.,На складе,$$$,https://www.keramoteka.ru/upload/uf/898/keramoteka-atlas-concorde-adore.pdf,РАСПРОДАЖА,Декоративные элементы,Navy Pattern,"30,5X56 СМ",9ANN,./temp_files/img/ATLAS CONCORDE_ADORE_Navy Pattern.jpg
ATLAS CONCORDE,./temp_files/logo/ATLAS CONCORDE.png,"atlas concorde, атлас конкорд, плитка atlas concorde, керамогранит atlas concorde, плитка, керамогранит, atlas concord, плитка конкорд, плитка atlas, поставщик, атлас конкорд италия, атлас конкорд сайт","Каталог керамической плитки и керамогранита ATLAS CONCORDE / АТЛАС КОНКОРД (Италия) от прямого поставщика КЕРАМОТЕКА. Низкие цены, скидки. Оптовые и розничные продажи. Материал в наличии.",ATLAS CONCORDE / АТЛАС КОНКОРД (Италия) Керамическая плитка и керамогранит от прямого поставщика - компании КЕРАМОТЕКА,Италия,ADORE,"atlas concorde adore, атлас конкорд адоре, плитка adore, moon, ivory, flame, navy, sky, cocoa, mosaic, купить, поставщик, скидки, цены",Каталог керамической плитки ATLAS CONCORDE ADORE от прямого поставщика КЕРАМОТЕКА. Опт и розница. В наличии. Привлекательные цены и скидки.,ATLAS CONCORDE ADORE / АТЛАС КОНКОРД АДОРЕ - яркая керамическая плитка для ванных комнат. КЕРАМОТЕКА.,На складе,$$$,https://www.keramoteka.ru/upload/uf/898/keramoteka-atlas-concorde-adore.pdf,РАСПРОДАЖА,Декоративные элементы,Flame Flower,"30,5X56 СМ",9AFF,./temp_files/img/ATLAS CONCORDE_ADORE_Flame Flower.jpg
ATLAS CONCORDE,./temp_files/logo/ATLAS CONCORDE.png,"atlas concorde, атлас конкорд, плитка atlas concorde, керамогранит atlas concorde, плитка, керамогранит, atlas concord, плитка конкорд, плитка atlas, поставщик, атлас конкорд италия, атлас конкорд сайт","Каталог керамической плитки и керамогранита ATLAS CONCORDE / АТЛАС КОНКОРД (Италия) от прямого поставщика КЕРАМОТЕКА. Низкие цены, скидки. Оптовые и розничные продажи. Материал в наличии.",ATLAS CONCORDE / АТЛАС КОНКОРД (Италия) Керамическая плитка и керамогранит от прямого поставщика - компании КЕРАМОТЕКА,Италия,ADORE,"atlas concorde adore, атлас конкорд адоре, плитка adore, moon, ivory, flame, navy, sky, cocoa, mosaic, купить, поставщик, скидки, цены",Каталог керамической плитки ATLAS CONCORDE ADORE от прямого поставщика КЕРАМОТЕКА. Опт и розница. В наличии. Привлекательные цены и скидки.,ATLAS CONCORDE ADORE / АТЛАС КОНКОРД АДОРЕ - яркая керамическая плитка для ванных комнат. КЕРАМОТЕКА.,На складе,$$$,https://www.keramoteka.ru/upload/uf/898/keramoteka-atlas-concorde-adore.pdf,РАСПРОДАЖА,Декоративные элементы,Navy Flower,"30,5X56 СМ",9AFN,./temp_files/img/ATLAS CONCORDE_ADORE_Navy Flower.jpg
ATLAS CONCORDE,./temp_files/logo/ATLAS CONCORDE.png,"atlas concorde, атлас конкорд, плитка atlas concorde, керамогранит atlas concorde, плитка, керамогранит, atlas concord, плитка конкорд, плитка atlas, поставщик, атлас конкорд италия, атлас конкорд сайт","Каталог керамической плитки и керамогранита ATLAS CONCORDE / АТЛАС КОНКОРД (Италия) от прямого поставщика КЕРАМОТЕКА. Низкие цены, скидки. Оптовые и розничные продажи. Материал в наличии.",ATLAS CONCORDE / АТЛАС КОНКОРД (Италия) Керамическая плитка и керамогранит от прямого поставщика - компании КЕРАМОТЕКА,Италия,ADORE,"atlas concorde adore, атлас конкорд адоре, плитка adore, moon, ivory, flame, navy, sky, cocoa, mosaic, купить, поставщик, скидки, цены",Каталог керамической плитки ATLAS CONCORDE ADORE от прямого поставщика КЕРАМОТЕКА. Опт и розница. В наличии. Привлекательные цены и скидки.,ATLAS CONCORDE ADORE / АТЛАС КОНКОРД АДОРЕ - яркая керамическая плитка для ванных комнат. КЕРАМОТЕКА.,На складе,$$$,https://www.keramoteka.ru/upload/uf/898/keramoteka-atlas-concorde-adore.pdf,РАСПРОДАЖА,Мозаика,Ivory Mosaic,"30,5X30,5 СМ",9AMI,./temp_files/img/ATLAS CONCORDE_ADORE_Ivory Mosaic.jpg
ATLAS CONCORDE,./temp_files/logo/ATLAS CONCORDE.png,"atlas concorde, атлас конкорд, плитка atlas concorde, керамогранит atlas concorde, плитка, керамогранит, atlas concord, плитка конкорд, плитка atlas, поставщик, атлас конкорд италия, атлас конкорд сайт","Каталог керамической плитки и керамогранита ATLAS CONCORDE / АТЛАС КОНКОРД (Италия) от прямого поставщика КЕРАМОТЕКА. Низкие цены, скидки. Оптовые и розничные продажи. Материал в наличии.",ATLAS CONCORDE / АТЛАС КОНКОРД (Италия) Керамическая плитка и керамогранит от прямого поставщика - компании КЕРАМОТЕКА,Италия,ADORE,"atlas concorde adore, атлас конкорд адоре, плитка adore, moon, ivory, flame, navy, sky, cocoa, mosaic, купить, поставщик, скидки, цены",Каталог керамической плитки ATLAS CONCORDE ADORE от прямого поставщика КЕРАМОТЕКА. Опт и розница. В наличии. Привлекательные цены и скидки.,ATLAS CONCORDE ADORE / АТЛАС КОНКОРД АДОРЕ - яркая керамическая плитка для ванных комнат. КЕРАМОТЕКА.,На складе,$$$,https://www.keramoteka.ru/upload/uf/898/keramoteka-atlas-concorde-adore.pdf,РАСПРОДАЖА,Мозаика,Cocoa Mosaic,"30,5X30,5 СМ",9AMC,./temp_files/img/ATLAS CONCORDE_ADORE_Cocoa Mosaic.jpg
ATLAS CONCORDE,./temp_files/logo/ATLAS CONCORDE.png,"atlas concorde, атлас конкорд, плитка atlas concorde, керамогранит atlas concorde, плитка, керамогранит, atlas concord, плитка конкорд, плитка atlas, поставщик, атлас конкорд италия, атлас конкорд сайт","Каталог керамической плитки и керамогранита ATLAS CONCORDE / АТЛАС КОНКОРД (Италия) от прямого поставщика КЕРАМОТЕКА. Низкие цены, скидки. Оптовые и розничные продажи. Материал в наличии.",ATLAS CONCORDE / АТЛАС КОНКОРД (Италия) Керамическая плитка и керамогранит от прямого поставщика - компании КЕРАМОТЕКА,Италия,ADORE,"atlas concorde adore, атлас конкорд адоре, плитка adore, moon, ivory, flame, navy, sky, cocoa, mosaic, купить, поставщик, скидки, цены",Каталог керамической плитки ATLAS CONCORDE ADORE от прямого поставщика КЕРАМОТЕКА. Опт и розница. В наличии. Привлекательные цены и скидки.,ATLAS CONCORDE ADORE / АТЛАС КОНКОРД АДОРЕ - яркая керамическая плитка для ванных комнат. КЕРАМОТЕКА.,На складе,$$$,https://www.keramoteka.ru/upload/uf/898/keramoteka-atlas-concorde-adore.pdf,РАСПРОДАЖА,Мозаика,Moon Mosaic,"30,5X30,5 СМ",9AMM,./temp_files/img/ATLAS CONCORDE_ADORE_Moon Mosaic.jpg
ATLAS CONCORDE,./temp_files/logo/ATLAS CONCORDE.png,"atlas concorde, атлас конкорд, плитка atlas concorde, керамогранит atlas concorde, плитка, керамогранит, atlas concord, плитка конкорд, плитка atlas, поставщик, атлас конкорд италия, атлас конкорд сайт","Каталог керамической плитки и керамогранита ATLAS CONCORDE / АТЛАС КОНКОРД (Италия) от прямого поставщика КЕРАМОТЕКА. Низкие цены, скидки. Оптовые и розничные продажи. Материал в наличии.",ATLAS CONCORDE / АТЛАС КОНКОРД (Италия) Керамическая плитка и керамогранит от прямого поставщика - компании КЕРАМОТЕКА,Италия,ADORE,"atlas concorde adore, атлас конкорд адоре, плитка adore, moon, ivory, flame, navy, sky, cocoa, mosaic, купить, поставщик, скидки, цены",Каталог керамической плитки ATLAS CONCORDE ADORE от прямого поставщика КЕРАМОТЕКА. Опт и розница. В наличии. Привлекательные цены и скидки.,ATLAS CONCORDE ADORE / АТЛАС КОНКОРД АДОРЕ - яркая керамическая плитка для ванных комнат. КЕРАМОТЕКА.,На складе,$$$,https://www.keramoteka.ru/upload/uf/898/keramoteka-atlas-concorde-adore.pdf,РАСПРОДАЖА,Мозаика,Night Mosaic,"30,5X30,5 СМ",9AMH,./temp_files/img/ATLAS CONCORDE_ADORE_Night Mosaic.jpg
ATLAS CONCORDE,./temp_files/logo/ATLAS CONCORDE.png,"atlas concorde, атлас конкорд, плитка atlas concorde, керамогранит atlas concorde, плитка, керамогранит, atlas concord, плитка конкорд, плитка atlas, поставщик, атлас конкорд италия, атлас конкорд сайт","Каталог керамической плитки и керамогранита ATLAS CONCORDE / АТЛАС КОНКОРД (Италия) от прямого поставщика КЕРАМОТЕКА. Низкие цены, скидки. Оптовые и розничные продажи. Материал в наличии.",ATLAS CONCORDE / АТЛАС КОНКОРД (Италия) Керамическая плитка и керамогранит от прямого поставщика - компании КЕРАМОТЕКА,Италия,ADORE,"atlas concorde adore, атлас конкорд адоре, плитка adore, moon, ivory, flame, navy, sky, cocoa, mosaic, купить, поставщик, скидки, цены",Каталог керамической плитки ATLAS CONCORDE ADORE от прямого поставщика КЕРАМОТЕКА. Опт и розница. В наличии. Привлекательные цены и скидки.,ATLAS CONCORDE ADORE / АТЛАС КОНКОРД АДОРЕ - яркая керамическая плитка для ванных комнат. КЕРАМОТЕКА.,На складе,$$$,https://www.keramoteka.ru/upload/uf/898/keramoteka-atlas-concorde-adore.pdf,РАСПРОДАЖА,Мозаика,Rose Mosaic,"30,5X30,5 СМ",9AMR,./temp_files/img/ATLAS CONCORDE_ADORE_Rose Mosaic.jpg
ATLAS CONCORDE,./temp_files/logo/ATLAS CONCORDE.png,"atlas concorde, атлас конкорд, плитка atlas concorde, керамогранит atlas concorde, плитка, керамогранит, atlas concord, плитка конкорд, плитка atlas, поставщик, атлас конкорд италия, атлас конкорд сайт","Каталог керамической плитки и керамогранита ATLAS CONCORDE / АТЛАС КОНКОРД (Италия) от прямого поставщика КЕРАМОТЕКА. Низкие цены, скидки. Оптовые и розничные продажи. Материал в наличии.",ATLAS CONCORDE / АТЛАС КОНКОРД (Италия) Керамическая плитка и керамогранит от прямого поставщика - компании КЕРАМОТЕКА,Италия,ADORE,"atlas concorde adore, атлас конкорд адоре, плитка adore, moon, ivory, flame, navy, sky, cocoa, mosaic, купить, поставщик, скидки, цены",Каталог керамической плитки ATLAS CONCORDE ADORE от прямого поставщика КЕРАМОТЕКА. Опт и розница. В наличии. Привлекательные цены и скидки.,ATLAS CONCORDE ADORE / АТЛАС КОНКОРД АДОРЕ - яркая керамическая плитка для ванных комнат. КЕРАМОТЕКА.,На складе,$$$,https://www.keramoteka.ru/upload/uf/898/keramoteka-atlas-concorde-adore.pdf,РАСПРОДАЖА,Мозаика,Flame Mosaic,"30,5X30,5 СМ",9AMF,./temp_files/img/ATLAS CONCORDE_ADORE_Flame Mosaic.jpg
ATLAS CONCORDE,./temp_files/logo/ATLAS CONCORDE.png,"atlas concorde, атлас конкорд, плитка atlas concorde, керамогранит atlas concorde, плитка, керамогранит, atlas concord, плитка конкорд, плитка atlas, поставщик, атлас конкорд италия, атлас конкорд сайт","Каталог керамической плитки и керамогранита ATLAS CONCORDE / АТЛАС КОНКОРД (Италия) от прямого поставщика КЕРАМОТЕКА. Низкие цены, скидки. Оптовые и розничные продажи. Материал в наличии.",ATLAS CONCORDE / АТЛАС КОНКОРД (Италия) Керамическая плитка и керамогранит от прямого поставщика - компании КЕРАМОТЕКА,Италия,ADORE,"atlas concorde adore, атлас конкорд адоре, плитка adore, moon, ivory, flame, navy, sky, cocoa, mosaic, купить, поставщик, скидки, цены",Каталог керамической плитки ATLAS CONCORDE ADORE от прямого поставщика КЕРАМОТЕКА. Опт и розница. В наличии. Привлекательные цены и скидки.,ATLAS CONCORDE ADORE / АТЛАС КОНКОРД АДОРЕ - яркая керамическая плитка для ванных комнат. КЕРАМОТЕКА.,На складе,$$$,https://www.keramoteka.ru/upload/uf/898/keramoteka-atlas-concorde-adore.pdf,РАСПРОДАЖА,Мозаика,Sky Mosaic,"30,5X30,5 СМ",9AMS,./temp_files/img/ATLAS CONCORDE_ADORE_Sky Mosaic.jpg
ATLAS CONCORDE,./temp_files/logo/ATLAS CONCORDE.png,"atlas concorde, атлас конкорд, плитка atlas concorde, керамогранит atlas concorde, плитка, керамогранит, atlas concord, плитка конкорд, плитка atlas, поставщик, атлас конкорд италия, атлас конкорд сайт","Каталог керамической плитки и керамогранита ATLAS CONCORDE / АТЛАС КОНКОРД (Италия) от прямого поставщика КЕРАМОТЕКА. Низкие цены, скидки. Оптовые и розничные продажи. Материал в наличии.",ATLAS CONCORDE / АТЛАС КОНКОРД (Италия) Керамическая плитка и керамогранит от прямого поставщика - компании КЕРАМОТЕКА,Италия,ADORE,"atlas concorde adore, атлас конкорд адоре, плитка adore, moon, ivory, flame, navy, sky, cocoa, mosaic, купить, поставщик, скидки, цены",Каталог керамической плитки ATLAS CONCORDE ADORE от прямого поставщика КЕРАМОТЕКА. Опт и розница. В наличии. Привлекательные цены и скидки.,ATLAS CONCORDE ADORE / АТЛАС КОНКОРД АДОРЕ - яркая керамическая плитка для ванных комнат. КЕРАМОТЕКА.,На складе,$$$,https://www.keramoteka.ru/upload/uf/898/keramoteka-atlas-concorde-adore.pdf,РАСПРОДАЖА,Мозаика,Navy Mosaic,"30,5X30,5 СМ",9AMN,./temp_files/img/ATLAS CONCORDE_ADORE_Navy Mosaic.jpg
ATLAS CONCORDE,./temp_files/logo/ATLAS CONCORDE.png,"atlas concorde, атлас конкорд, плитка atlas concorde, керамогранит atlas concorde, плитка, керамогранит, atlas concord, плитка конкорд, плитка atlas, поставщик, атлас конкорд италия, атлас конкорд сайт","Каталог керамической плитки и керамогранита ATLAS CONCORDE / АТЛАС КОНКОРД (Италия) от прямого поставщика КЕРАМОТЕКА. Низкие цены, скидки. Оптовые и розничные продажи. Материал в наличии.",ATLAS CONCORDE / АТЛАС КОНКОРД (Италия) Керамическая плитка и керамогранит от прямого поставщика - компании КЕРАМОТЕКА,Италия,ADORE,"atlas concorde adore, атлас конкорд адоре, плитка adore, moon, ivory, flame, navy, sky, cocoa, mosaic, купить, поставщик, скидки, цены",Каталог керамической плитки ATLAS CONCORDE ADORE от прямого поставщика КЕРАМОТЕКА. Опт и розница. В наличии. Привлекательные цены и скидки.,ATLAS CONCORDE ADORE / АТЛАС КОНКОРД АДОРЕ - яркая керамическая плитка для ванных комнат. КЕРАМОТЕКА.,На складе,$$$,https://www.keramoteka.ru/upload/uf/898/keramoteka-atlas-concorde-adore.pdf,РАСПРОДАЖА,Специальные элементы,Внешний угол Ivory QR,"1,5X28 СМ",LAQI,./temp_files/img/ATLAS CONCORDE_ADORE_Внешний угол Ivory QR.jpg
ATLAS CONCORDE,./temp_files/logo/ATLAS CONCORDE.png,"atlas concorde, атлас конкорд, плитка atlas concorde, керамогранит atlas concorde, плитка, керамогранит, atlas concord, плитка конкорд, плитка atlas, поставщик, атлас конкорд италия, атлас конкорд сайт","Каталог керамической плитки и керамогранита ATLAS CONCORDE / АТЛАС КОНКОРД (Италия) от прямого поставщика КЕРАМОТЕКА. Низкие цены, скидки. Оптовые и розничные продажи. Материал в наличии.",ATLAS CONCORDE / АТЛАС КОНКОРД (Италия) Керамическая плитка и керамогранит от прямого поставщика - компании КЕРАМОТЕКА,Италия,ADORE,"atlas concorde adore, атлас конкорд адоре, плитка adore, moon, ivory, flame, navy, sky, cocoa, mosaic, купить, поставщик, скидки, цены",Каталог керамической плитки ATLAS CONCORDE ADORE от прямого поставщика КЕРАМОТЕКА. Опт и розница. В наличии. Привлекательные цены и скидки.,ATLAS CONCORDE ADORE / АТЛАС КОНКОРД АДОРЕ - яркая керамическая плитка для ванных комнат. КЕРАМОТЕКА.,На складе,$$$,https://www.keramoteka.ru/upload/uf/898/keramoteka-atlas-concorde-adore.pdf,РАСПРОДАЖА,Специальные элементы,Внешний угол Cocoa QR,"1,5X28 СМ",LAQC,./temp_files/img/ATLAS CONCORDE_ADORE_Внешний угол Cocoa QR.jpg
ATLAS CONCORDE,./temp_files/logo/ATLAS CONCORDE.png,"atlas concorde, атлас конкорд, плитка atlas concorde, керамогранит atlas concorde, плитка, керамогранит, atlas concord, плитка конкорд, плитка atlas, поставщик, атлас конкорд италия, атлас конкорд сайт","Каталог керамической плитки и керамогранита ATLAS CONCORDE / АТЛАС КОНКОРД (Италия) от прямого поставщика КЕРАМОТЕКА. Низкие цены, скидки. Оптовые и розничные продажи. Материал в наличии.",ATLAS CONCORDE / АТЛАС КОНКОРД (Италия) Керамическая плитка и керамогранит от прямого поставщика - компании КЕРАМОТЕКА,Италия,ADORE,"atlas concorde adore, атлас конкорд адоре, плитка adore, moon, ivory, flame, navy, sky, cocoa, mosaic, купить, поставщик, скидки, цены",Каталог керамической плитки ATLAS CONCORDE ADORE от прямого поставщика КЕРАМОТЕКА. Опт и розница. В наличии. Привлекательные цены и скидки.,ATLAS CONCORDE ADORE / АТЛАС КОНКОРД АДОРЕ - яркая керамическая плитка для ванных комнат. КЕРАМОТЕКА.,На складе,$$$,https://www.keramoteka.ru/upload/uf/898/keramoteka-atlas-concorde-adore.pdf,РАСПРОДАЖА,Специальные элементы,Внешний угол Moon QR,"1,5X28 СМ",LAQM,./temp_files/img/ATLAS CONCORDE_ADORE_Внешний угол Moon QR.jpg
ATLAS CONCORDE,./temp_files/logo/ATLAS CONCORDE.png,"atlas concorde, атлас конкорд, плитка atlas concorde, керамогранит atlas concorde, плитка, керамогранит, atlas concord, плитка конкорд, плитка atlas, поставщик, атлас конкорд италия, атлас конкорд сайт","Каталог керамической плитки и керамогранита ATLAS CONCORDE / АТЛАС КОНКОРД (Италия) от прямого поставщика КЕРАМОТЕКА. Низкие цены, скидки. Оптовые и розничные продажи. Материал в наличии.",ATLAS CONCORDE / АТЛАС КОНКОРД (Италия) Керамическая плитка и керамогранит от прямого поставщика - компании КЕРАМОТЕКА,Италия,ADORE,"atlas concorde adore, атлас конкорд адоре, плитка adore, moon, ivory, flame, navy, sky, cocoa, mosaic, купить, поставщик, скидки, цены",Каталог керамической плитки ATLAS CONCORDE ADORE от прямого поставщика КЕРАМОТЕКА. Опт и розница. В наличии. Привлекательные цены и скидки.,ATLAS CONCORDE ADORE / АТЛАС КОНКОРД АДОРЕ - яркая керамическая плитка для ванных комнат. КЕРАМОТЕКА.,На складе,$$$,https://www.keramoteka.ru/upload/uf/898/keramoteka-atlas-concorde-adore.pdf,РАСПРОДАЖА,Специальные элементы,Внешний угол Night QR,"1,5X28 СМ",LAQH,./temp_files/img/ATLAS CONCORDE_ADORE_Внешний угол Night QR.jpg
ATLAS CONCORDE,./temp_files/logo/ATLAS CONCORDE.png,"atlas concorde, атлас конкорд, плитка atlas concorde, керамогранит atlas concorde, плитка, керамогранит, atlas concord, плитка конкорд, плитка atlas, поставщик, атлас конкорд италия, атлас конкорд сайт","Каталог керамической плитки и керамогранита ATLAS CONCORDE / АТЛАС КОНКОРД (Италия) от прямого поставщика КЕРАМОТЕКА. Низкие цены, скидки. Оптовые и розничные продажи. Материал в наличии.",ATLAS CONCORDE / АТЛАС КОНКОРД (Италия) Керамическая плитка и керамогранит от прямого поставщика - компании КЕРАМОТЕКА,Италия,ADORE,"atlas concorde adore, атлас конкорд адоре, плитка adore, moon, ivory, flame, navy, sky, cocoa, mosaic, купить, поставщик, скидки, цены",Каталог керамической плитки ATLAS CONCORDE ADORE от прямого поставщика КЕРАМОТЕКА. Опт и розница. В наличии. Привлекательные цены и скидки.,ATLAS CONCORDE ADORE / АТЛАС КОНКОРД АДОРЕ - яркая керамическая плитка для ванных комнат. КЕРАМОТЕКА.,На складе,$$$,https://www.keramoteka.ru/upload/uf/898/keramoteka-atlas-concorde-adore.pdf,РАСПРОДАЖА,Специальные элементы,Внешний угол Rose QR,"1,5X28 СМ",LAQR,./temp_files/img/ATLAS CONCORDE_ADORE_Внешний угол Rose QR.jpg
ATLAS CONCORDE,./temp_files/logo/ATLAS CONCORDE.png,"atlas concorde, атлас конкорд, плитка atlas concorde, керамогранит atlas concorde, плитка, керамогранит, atlas concord, плитка конкорд, плитка atlas, поставщик, атлас конкорд италия, атлас конкорд сайт","Каталог керамической плитки и керамогранита ATLAS CONCORDE / АТЛАС КОНКОРД (Италия) от прямого поставщика КЕРАМОТЕКА. Низкие цены, скидки. Оптовые и розничные продажи. Материал в наличии.",ATLAS CONCORDE / АТЛАС КОНКОРД (Италия) Керамическая плитка и керамогранит от прямого поставщика - компании КЕРАМОТЕКА,Италия,ADORE,"atlas concorde adore, атлас конкорд адоре, плитка adore, moon, ivory, flame, navy, sky, cocoa, mosaic, купить, поставщик, скидки, цены",Каталог керамической плитки ATLAS CONCORDE ADORE от прямого поставщика КЕРАМОТЕКА. Опт и розница. В наличии. Привлекательные цены и скидки.,ATLAS CONCORDE ADORE / АТЛАС КОНКОРД АДОРЕ - яркая керамическая плитка для ванных комнат. КЕРАМОТЕКА.,На складе,$$$,https://www.keramoteka.ru/upload/uf/898/keramoteka-atlas-concorde-adore.pdf,РАСПРОДАЖА,Специальные элементы,Внешний угол Flame QR,"1,5X28 СМ",LAQF,./temp_files/img/ATLAS CONCORDE_ADORE_Внешний угол Flame QR.jpg
ATLAS CONCORDE,./temp_files/logo/ATLAS CONCORDE.png,"atlas concorde, атлас конкорд, плитка atlas concorde, керамогранит atlas concorde, плитка, керамогранит, atlas concord, плитка конкорд, плитка atlas, поставщик, атлас конкорд италия, атлас конкорд сайт","Каталог керамической плитки и керамогранита ATLAS CONCORDE / АТЛАС КОНКОРД (Италия) от прямого поставщика КЕРАМОТЕКА. Низкие цены, скидки. Оптовые и розничные продажи. Материал в наличии.",ATLAS CONCORDE / АТЛАС КОНКОРД (Италия) Керамическая плитка и керамогранит от прямого поставщика - компании КЕРАМОТЕКА,Италия,ADORE,"atlas concorde adore, атлас конкорд адоре, плитка adore, moon, ivory, flame, navy, sky, cocoa, mosaic, купить, поставщик, скидки, цены",Каталог керамической плитки ATLAS CONCORDE ADORE от прямого поставщика КЕРАМОТЕКА. Опт и розница. В наличии. Привлекательные цены и скидки.,ATLAS CONCORDE ADORE / АТЛАС КОНКОРД АДОРЕ - яркая керамическая плитка для ванных комнат. КЕРАМОТЕКА.,На складе,$$$,https://www.keramoteka.ru/upload/uf/898/keramoteka-atlas-concorde-adore.pdf,РАСПРОДАЖА,Специальные элементы,Внешний угол Sky QR,"1,5X28 СМ",LAQS,./temp_files/img/ATLAS CONCORDE_ADORE_Внешний угол Sky QR.jpg
ATLAS CONCORDE,./temp_files/logo/ATLAS CONCORDE.png,"atlas concorde, атлас конкорд, плитка atlas concorde, керамогранит atlas concorde, плитка, керамогранит, atlas concord, плитка конкорд, плитка atlas, поставщик, атлас конкорд италия, атлас конкорд сайт","Каталог керамической плитки и керамогранита ATLAS CONCORDE / АТЛАС КОНКОРД (Италия) от прямого поставщика КЕРАМОТЕКА. Низкие цены, скидки. Оптовые и розничные продажи. Материал в наличии.",ATLAS CONCORDE / АТЛАС КОНКОРД (Италия) Керамическая плитка и керамогранит от прямого поставщика - компании КЕРАМОТЕКА,Италия,ADORE,"atlas concorde adore, атлас конкорд адоре, плитка adore, moon, ivory, flame, navy, sky, cocoa, mosaic, купить, поставщик, скидки, цены",Каталог керамической плитки ATLAS CONCORDE ADORE от прямого поставщика КЕРАМОТЕКА. Опт и розница. В наличии. Привлекательные цены и скидки.,ATLAS CONCORDE ADORE / АТЛАС КОНКОРД АДОРЕ - яркая керамическая плитка для ванных комнат. КЕРАМОТЕКА.,На складе,$$$,https://www.keramoteka.ru/upload/uf/898/keramoteka-atlas-concorde-adore.pdf,РАСПРОДАЖА,Специальные элементы,Внешний угол Navy QR,"1,5X28 СМ",LAQV,./temp_files/img/ATLAS CONCORDE_ADORE_Внешний угол Navy QR.jpg
