ATLAS CONCORDE,./temp_files/logo/ATLAS CONCORDE.png,"atlas concorde, атлас конкорд, плитка atlas concorde, керамогранит atlas concorde, плитка, керамогранит, atlas concord, плитка конкорд, плитка atlas, поставщик, атлас конкорд италия, атлас конкорд сайт","Каталог керамической плитки и керамогранита ATLAS CONCORDE / АТЛАС КОНКОРД (Италия) от прямого поставщика КЕРАМОТЕКА. Низкие цены, скидки. Оптовые и розничные продажи. Материал в наличии.",ATLAS CONCORDE / АТЛАС КОНКОРД (Италия) Керамическая плитка и керамогранит от прямого поставщика - компании КЕРАМОТЕКА,Италия,DOLMEN,"atlas concorde dolmen, атлас конкорд долмен, дольмен, керамогранит dolmen, купить, поставщик, скидки, цены",Каталог керамического гранита Atlas Concorde Dolmen / Атлас Конкорд Дольмен от прямого поставщика КЕРАМОТЕКА. Опт и розница. Скидки. Цены.,ATLAS CONCORDE DOLMEN / АТЛАС КОНКОРД ДОЛМЕН - проектный керамогранит для общественных пространств. КЕРАМОТЕКА.,Под заказ,$$$,https://www.keramoteka.ru/upload/uf/57e/keramoteka-atlas-concorde-dolmen.pdf,Статус NHS - ОТСУТСВУЕТ,Керамогранит,Porfido Beige,"30,5X30,5 СМ",6DPB,./temp_files/img/ATLAS CONCORDE_DOLMEN_Porfido Beige.jpg
ATLAS CONCORDE,./temp_files/logo/ATLAS CONCORDE.png,"atlas concorde, атлас конкорд, плитка atlas concorde, керамогранит atlas concorde, плитка, керамогранит, atlas concord, плитка конкорд, плитка atlas, поставщик, атлас конкорд италия, атлас конкорд сайт","Каталог керамической плитки и керамогранита ATLAS CONCORDE / АТЛАС КОНКОРД (Италия) от прямого поставщика КЕРАМОТЕКА. Низкие цены, скидки. Оптовые и розничные продажи. Материал в наличии.",ATLAS CONCORDE / АТЛАС КОНКОРД (Италия) Керамическая плитка и керамогранит от прямого поставщика - компании КЕРАМОТЕКА,Италия,DOLMEN,"atlas concorde dolmen, атлас конкорд долмен, дольмен, керамогранит dolmen, купить, поставщик, скидки, цены",Каталог керамического гранита Atlas Concorde Dolmen / Атлас Конкорд Дольмен от прямого поставщика КЕРАМОТЕКА. Опт и розница. Скидки. Цены.,ATLAS CONCORDE DOLMEN / АТЛАС КОНКОРД ДОЛМЕН - проектный керамогранит для общественных пространств. КЕРАМОТЕКА.,Под заказ,$$$,https://www.keramoteka.ru/upload/uf/57e/keramoteka-atlas-concorde-dolmen.pdf,Статус NHS - ОТСУТСВУЕТ,Керамогранит,Porfido Grigio,"30,5X30,5 СМ",6DPG,./temp_files/img/ATLAS CONCORDE_DOLMEN_Porfido Grigio.jpg
ATLAS CONCORDE,./temp_files/logo/ATLAS CONCORDE.png,"atlas concorde, атлас конкорд, плитка atlas concorde, керамогранит atlas concorde, плитка, керамогранит, atlas concord, плитка конкорд, плитка atlas, поставщик, атлас конкорд италия, атлас конкорд сайт","Каталог керамической плитки и керамогранита ATLAS CONCORDE / АТЛАС КОНКОРД (Италия) от прямого поставщика КЕРАМОТЕКА. Низкие цены, скидки. Оптовые и розничные продажи. Материал в наличии.",ATLAS CONCORDE / АТЛАС КОНКОРД (Италия) Керамическая плитка и керамогранит от прямого поставщика - компании КЕРАМОТЕКА,Италия,DOLMEN,"atlas concorde dolmen, атлас конкорд долмен, дольмен, керамогранит dolmen, купить, поставщик, скидки, цены",Каталог керамического гранита Atlas Concorde Dolmen / Атлас Конкорд Дольмен от прямого поставщика КЕРАМОТЕКА. Опт и розница. Скидки. Цены.,ATLAS CONCORDE DOLMEN / АТЛАС КОНКОРД ДОЛМЕН - проектный керамогранит для общественных пространств. КЕРАМОТЕКА.,Под заказ,$$$,https://www.keramoteka.ru/upload/uf/57e/keramoteka-atlas-concorde-dolmen.pdf,Статус NHS - ОТСУТСВУЕТ,Керамогранит,Porfido Bianco,"30,5X30,5 СМ",6DPI,./temp_files/img/ATLAS CONCORDE_DOLMEN_Porfido Bianco.jpg
ATLAS CONCORDE,./temp_files/logo/ATLAS CONCORDE.png,"atlas concorde, атлас конкорд, плитка atlas concorde, керамогранит atlas concorde, плитка, керамогранит, atlas concord, плитка конкорд, плитка atlas, поставщик, атлас конкорд италия, атлас конкорд сайт","Каталог керамической плитки и керамогранита ATLAS CONCORDE / АТЛАС КОНКОРД (Италия) от прямого поставщика КЕРАМОТЕКА. Низкие цены, скидки. Оптовые и розничные продажи. Материал в наличии.",ATLAS CONCORDE / АТЛАС КОНКОРД (Италия) Керамическая плитка и керамогранит от прямого поставщика - компании КЕРАМОТЕКА,Италия,DOLMEN,"atlas concorde dolmen, атлас конкорд долмен, дольмен, керамогранит dolmen, купить, поставщик, скидки, цены",Каталог керамического гранита Atlas Concorde Dolmen / Атлас Конкорд Дольмен от прямого поставщика КЕРАМОТЕКА. Опт и розница. Скидки. Цены.,ATLAS CONCORDE DOLMEN / АТЛАС КОНКОРД ДОЛМЕН - проектный керамогранит для общественных пространств. КЕРАМОТЕКА.,Под заказ,$$$,https://www.keramoteka.ru/upload/uf/57e/keramoteka-atlas-concorde-dolmen.pdf,Статус NHS - ОТСУТСВУЕТ,Керамогранит,Porfido Rosso,"30,5X30,5 СМ",6DPR,./temp_files/img/ATLAS CONCORDE_DOLMEN_Porfido Rosso.jpg
ATLAS CONCORDE,./temp_files/logo/ATLAS CONCORDE.png,"atlas concorde, атлас конкорд, плитка atlas concorde, керамогранит atlas concorde, плитка, керамогранит, atlas concord, плитка конкорд, плитка atlas, поставщик, атлас конкорд италия, атлас конкорд сайт","Каталог керамической плитки и керамогранита ATLAS CONCORDE / АТЛАС КОНКОРД (Италия) от прямого поставщика КЕРАМОТЕКА. Низкие цены, скидки. Оптовые и розничные продажи. Материал в наличии.",ATLAS CONCORDE / АТЛАС КОНКОРД (Италия) Керамическая плитка и керамогранит от прямого поставщика - компании КЕРАМОТЕКА,Италия,DOLMEN,"atlas concorde dolmen, атлас конкорд долмен, дольмен, керамогранит dolmen, купить, поставщик, скидки, цены",Каталог керамического гранита Atlas Concorde Dolmen / Атлас Конкорд Дольмен от прямого поставщика КЕРАМОТЕКА. Опт и розница. Скидки. Цены.,ATLAS CONCORDE DOLMEN / АТЛАС КОНКОРД ДОЛМЕН - проектный керамогранит для общественных пространств. КЕРАМОТЕКА.,Под заказ,$$$,https://www.keramoteka.ru/upload/uf/57e/keramoteka-atlas-concorde-dolmen.pdf,Статус NHS - ОТСУТСВУЕТ,Керамогранит,Porfido Rosa,"30,5X30,5 СМ",6DPO,./temp_files/img/ATLAS CONCORDE_DOLMEN_Porfido Rosa.jpg
ATLAS CONCORDE,./temp_files/logo/ATLAS CONCORDE.png,"atlas concorde, атлас конкорд, плитка atlas concorde, керамогранит atlas concorde, плитка, керамогранит, atlas concord, плитка конкорд, плитка atlas, поставщик, атлас конкорд италия, атлас конкорд сайт","Каталог керамической плитки и керамогранита ATLAS CONCORDE / АТЛАС КОНКОРД (Италия) от прямого поставщика КЕРАМОТЕКА. Низкие цены, скидки. Оптовые и розничные продажи. Материал в наличии.",ATLAS CONCORDE / АТЛАС КОНКОРД (Италия) Керамическая плитка и керамогранит от прямого поставщика - компании КЕРАМОТЕКА,Италия,DOLMEN,"atlas concorde dolmen, атлас конкорд долмен, дольмен, керамогранит dolmen, купить, поставщик, скидки, цены",Каталог керамического гранита Atlas Concorde Dolmen / Атлас Конкорд Дольмен от прямого поставщика КЕРАМОТЕКА. Опт и розница. Скидки. Цены.,ATLAS CONCORDE DOLMEN / АТЛАС КОНКОРД ДОЛМЕН - проектный керамогранит для общественных пространств. КЕРАМОТЕКА.,Под заказ,$$$,https://www.keramoteka.ru/upload/uf/57e/keramoteka-atlas-concorde-dolmen.pdf,Статус NHS - ОТСУТСВУЕТ,Керамогранит,Porfido Beige,"15,25X30,5 СМ",6DTB,./temp_files/img/ATLAS CONCORDE_DOLMEN_Porfido Beige.jpg
ATLAS CONCORDE,./temp_files/logo/ATLAS CONCORDE.png,"atlas concorde, атлас конкорд, плитка atlas concorde, керамогранит atlas concorde, плитка, керамогранит, atlas concord, плитка конкорд, плитка atlas, поставщик, атлас конкорд италия, атлас конкорд сайт","Каталог керамической плитки и керамогранита ATLAS CONCORDE / АТЛАС КОНКОРД (Италия) от прямого поставщика КЕРАМОТЕКА. Низкие цены, скидки. Оптовые и розничные продажи. Материал в наличии.",ATLAS CONCORDE / АТЛАС КОНКОРД (Италия) Керамическая плитка и керамогранит от прямого поставщика - компании КЕРАМОТЕКА,Италия,DOLMEN,"atlas concorde dolmen, атлас конкорд долмен, дольмен, керамогранит dolmen, купить, поставщик, скидки, цены",Каталог керамического гранита Atlas Concorde Dolmen / Атлас Конкорд Дольмен от прямого поставщика КЕРАМОТЕКА. Опт и розница. Скидки. Цены.,ATLAS CONCORDE DOLMEN / АТЛАС КОНКОРД ДОЛМЕН - проектный керамогранит для общественных пространств. КЕРАМОТЕКА.,Под заказ,$$$,https://www.keramoteka.ru/upload/uf/57e/keramoteka-atlas-concorde-dolmen.pdf,Статус NHS - ОТСУТСВУЕТ,Керамогранит,Porfido Grigio,"15,25X30,5 СМ",6DTG,./temp_files/img/ATLAS CONCORDE_DOLMEN_Porfido Grigio.jpg
ATLAS CONCORDE,./temp_files/logo/ATLAS CONCORDE.png,"atlas concorde, атлас конкорд, плитка atlas concorde, керамогранит atlas concorde, плитка, керамогранит, atlas concord, плитка конкорд, плитка atlas, поставщик, атлас конкорд италия, атлас конкорд сайт","Каталог керамической плитки и керамогранита ATLAS CONCORDE / АТЛАС КОНКОРД (Италия) от прямого поставщика КЕРАМОТЕКА. Низкие цены, скидки. Оптовые и розничные продажи. Материал в наличии.",ATLAS CONCORDE / АТЛАС КОНКОРД (Италия) Керамическая плитка и керамогранит от прямого поставщика - компании КЕРАМОТЕКА,Италия,DOLMEN,"atlas concorde dolmen, атлас конкорд долмен, дольмен, керамогранит dolmen, купить, поставщик, скидки, цены",Каталог керамического гранита Atlas Concorde Dolmen / Атлас Конкорд Дольмен от прямого поставщика КЕРАМОТЕКА. Опт и розница. Скидки. Цены.,ATLAS CONCORDE DOLMEN / АТЛАС КОНКОРД ДОЛМЕН - проектный керамогранит для общественных пространств. КЕРАМОТЕКА.,Под заказ,$$$,https://www.keramoteka.ru/upload/uf/57e/keramoteka-atlas-concorde-dolmen.pdf,Статус NHS - ОТСУТСВУЕТ,Керамогранит,Porfido Bianco,"15,25X30,5 СМ",6DTI,./temp_files/img/ATLAS CONCORDE_DOLMEN_Porfido Bianco.jpg
ATLAS CONCORDE,./temp_files/logo/ATLAS CONCORDE.png,"atlas concorde, атлас конкорд, плитка atlas concorde, керамогранит atlas concorde, плитка, керамогранит, atlas concord, плитка конкорд, плитка atlas, поставщик, атлас конкорд италия, атлас конкорд сайт","Каталог керамической плитки и керамогранита ATLAS CONCORDE / АТЛАС КОНКОРД (Италия) от прямого поставщика КЕРАМОТЕКА. Низкие цены, скидки. Оптовые и розничные продажи. Материал в наличии.",ATLAS CONCORDE / АТЛАС КОНКОРД (Италия) Керамическая плитка и керамогранит от прямого поставщика - компании КЕРАМОТЕКА,Италия,DOLMEN,"atlas concorde dolmen, атлас конкорд долмен, дольмен, керамогранит dolmen, купить, поставщик, скидки, цены",Каталог керамического гранита Atlas Concorde Dolmen / Атлас Конкорд Дольмен от прямого поставщика КЕРАМОТЕКА. Опт и розница. Скидки. Цены.,ATLAS CONCORDE DOLMEN / АТЛАС КОНКОРД ДОЛМЕН - проектный керамогранит для общественных пространств. КЕРАМОТЕКА.,Под заказ,$$$,https://www.keramoteka.ru/upload/uf/57e/keramoteka-atlas-concorde-dolmen.pdf,Статус NHS - ОТСУТСВУЕТ,Керамогранит,Porfido Rosso,"15,25X30,5 СМ",6DTR,./temp_files/img/ATLAS CONCORDE_DOLMEN_Porfido Rosso.jpg
ATLAS CONCORDE,./temp_files/logo/ATLAS CONCORDE.png,"atlas concorde, атлас конкорд, плитка atlas concorde, керамогранит atlas concorde, плитка, керамогранит, atlas concord, плитка конкорд, плитка atlas, поставщик, атлас конкорд италия, атлас конкорд сайт","Каталог керамической плитки и керамогранита ATLAS CONCORDE / АТЛАС КОНКОРД (Италия) от прямого поставщика КЕРАМОТЕКА. Низкие цены, скидки. Оптовые и розничные продажи. Материал в наличии.",ATLAS CONCORDE / АТЛАС КОНКОРД (Италия) Керамическая плитка и керамогранит от прямого поставщика - компании КЕРАМОТЕКА,Италия,DOLMEN,"atlas concorde dolmen, атлас конкорд долмен, дольмен, керамогранит dolmen, купить, поставщик, скидки, цены",Каталог керамического гранита Atlas Concorde Dolmen / Атлас Конкорд Дольмен от прямого поставщика КЕРАМОТЕКА. Опт и розница. Скидки. Цены.,ATLAS CONCORDE DOLMEN / АТЛАС КОНКОРД ДОЛМЕН - проектный керамогранит для общественных пространств. КЕРАМОТЕКА.,Под заказ,$$$,https://www.keramoteka.ru/upload/uf/57e/keramoteka-atlas-concorde-dolmen.pdf,Статус NHS - ОТСУТСВУЕТ,Керамогранит,Porfido Rosa,"15,25X30,5 СМ",6DTO,./temp_files/img/ATLAS CONCORDE_DOLMEN_Porfido Rosa.jpg
ATLAS CONCORDE,./temp_files/logo/ATLAS CONCORDE.png,"atlas concorde, атлас конкорд, плитка atlas concorde, керамогранит atlas concorde, плитка, керамогранит, atlas concord, плитка конкорд, плитка atlas, поставщик, атлас конкорд италия, атлас конкорд сайт","Каталог керамической плитки и керамогранита ATLAS CONCORDE / АТЛАС КОНКОРД (Италия) от прямого поставщика КЕРАМОТЕКА. Низкие цены, скидки. Оптовые и розничные продажи. Материал в наличии.",ATLAS CONCORDE / АТЛАС КОНКОРД (Италия) Керамическая плитка и керамогранит от прямого поставщика - компании КЕРАМОТЕКА,Италия,DOLMEN,"atlas concorde dolmen, атлас конкорд долмен, дольмен, керамогранит dolmen, купить, поставщик, скидки, цены",Каталог керамического гранита Atlas Concorde Dolmen / Атлас Конкорд Дольмен от прямого поставщика КЕРАМОТЕКА. Опт и розница. Скидки. Цены.,ATLAS CONCORDE DOLMEN / АТЛАС КОНКОРД ДОЛМЕН - проектный керамогранит для общественных пространств. КЕРАМОТЕКА.,Под заказ,$$$,https://www.keramoteka.ru/upload/uf/57e/keramoteka-atlas-concorde-dolmen.pdf,Статус NHS - ОТСУТСВУЕТ,Керамогранит,Porfido Beige Sestino,"7,25X30,5 СМ",6DSB,./temp_files/img/ATLAS CONCORDE_DOLMEN_Porfido Beige Sestino.jpg
ATLAS CONCORDE,./temp_files/logo/ATLAS CONCORDE.png,"atlas concorde, атлас конкорд, плитка atlas concorde, керамогранит atlas concorde, плитка, керамогранит, atlas concord, плитка конкорд, плитка atlas, поставщик, атлас конкорд италия, атлас конкорд сайт","Каталог керамической плитки и керамогранита ATLAS CONCORDE / АТЛАС КОНКОРД (Италия) от прямого поставщика КЕРАМОТЕКА. Низкие цены, скидки. Оптовые и розничные продажи. Материал в наличии.",ATLAS CONCORDE / АТЛАС КОНКОРД (Италия) Керамическая плитка и керамогранит от прямого поставщика - компании КЕРАМОТЕКА,Италия,DOLMEN,"atlas concorde dolmen, атлас конкорд долмен, дольмен, керамогранит dolmen, купить, поставщик, скидки, цены",Каталог керамического гранита Atlas Concorde Dolmen / Атлас Конкорд Дольмен от прямого поставщика КЕРАМОТЕКА. Опт и розница. Скидки. Цены.,ATLAS CONCORDE DOLMEN / АТЛАС КОНКОРД ДОЛМЕН - проектный керамогранит для общественных пространств. КЕРАМОТЕКА.,Под заказ,$$$,https://www.keramoteka.ru/upload/uf/57e/keramoteka-atlas-concorde-dolmen.pdf,Статус NHS - ОТСУТСВУЕТ,Керамогранит,Porfido Grigio Sestino,"7,25X30,5 СМ",6DSG,./temp_files/img/ATLAS CONCORDE_DOLMEN_Porfido Grigio Sestino.jpg
ATLAS CONCORDE,./temp_files/logo/ATLAS CONCORDE.png,"atlas concorde, атлас конкорд, плитка atlas concorde, керамогранит atlas concorde, плитка, керамогранит, atlas concord, плитка конкорд, плитка atlas, поставщик, атлас конкорд италия, атлас конкорд сайт","Каталог керамической плитки и керамогранита ATLAS CONCORDE / АТЛАС КОНКОРД (Италия) от прямого поставщика КЕРАМОТЕКА. Низкие цены, скидки. Оптовые и розничные продажи. Материал в наличии.",ATLAS CONCORDE / АТЛАС КОНКОРД (Италия) Керамическая плитка и керамогранит от прямого поставщика - компании КЕРАМОТЕКА,Италия,DOLMEN,"atlas concorde dolmen, атлас конкорд долмен, дольмен, керамогранит dolmen, купить, поставщик, скидки, цены",Каталог керамического гранита Atlas Concorde Dolmen / Атлас Конкорд Дольмен от прямого поставщика КЕРАМОТЕКА. Опт и розница. Скидки. Цены.,ATLAS CONCORDE DOLMEN / АТЛАС КОНКОРД ДОЛМЕН - проектный керамогранит для общественных пространств. КЕРАМОТЕКА.,Под заказ,$$$,https://www.keramoteka.ru/upload/uf/57e/keramoteka-atlas-concorde-dolmen.pdf,Статус NHS - ОТСУТСВУЕТ,Керамогранит,Porfido Bianco Sestino,"7,25X30,5 СМ",6DSI,./temp_files/img/ATLAS CONCORDE_DOLMEN_Porfido Bianco Sestino.jpg
ATLAS CONCORDE,./temp_files/logo/ATLAS CONCORDE.png,"atlas concorde, атлас конкорд, плитка atlas concorde, керамогранит atlas concorde, плитка, керамогранит, atlas concord, плитка конкорд, плитка atlas, поставщик, атлас конкорд италия, атлас конкорд сайт","Каталог керамической плитки и керамогранита ATLAS CONCORDE / АТЛАС КОНКОРД (Италия) от прямого поставщика КЕРАМОТЕКА. Низкие цены, скидки. Оптовые и розничные продажи. Материал в наличии.",ATLAS CONCORDE / АТЛАС КОНКОРД (Италия) Керамическая плитка и керамогранит от прямого поставщика - компании КЕРАМОТЕКА,Италия,DOLMEN,"atlas concorde dolmen, атлас конкорд долмен, дольмен, керамогранит dolmen, купить, поставщик, скидки, цены",Каталог керамического гранита Atlas Concorde Dolmen / Атлас Конкорд Дольмен от прямого поставщика КЕРАМОТЕКА. Опт и розница. Скидки. Цены.,ATLAS CONCORDE DOLMEN / АТЛАС КОНКОРД ДОЛМЕН - проектный керамогранит для общественных пространств. КЕРАМОТЕКА.,Под заказ,$$$,https://www.keramoteka.ru/upload/uf/57e/keramoteka-atlas-concorde-dolmen.pdf,Статус NHS - ОТСУТСВУЕТ,Керамогранит,Porfido Rosso Sestino,"7,25X30,5 СМ",6DSR,./temp_files/img/ATLAS CONCORDE_DOLMEN_Porfido Rosso Sestino.jpg
ATLAS CONCORDE,./temp_files/logo/ATLAS CONCORDE.png,"atlas concorde, атлас конкорд, плитка atlas concorde, керамогранит atlas concorde, плитка, керамогранит, atlas concord, плитка конкорд, плитка atlas, поставщик, атлас конкорд италия, атлас конкорд сайт","Каталог керамической плитки и керамогранита ATLAS CONCORDE / АТЛАС КОНКОРД (Италия) от прямого поставщика КЕРАМОТЕКА. Низкие цены, скидки. Оптовые и розничные продажи. Материал в наличии.",ATLAS CONCORDE / АТЛАС КОНКОРД (Италия) Керамическая плитка и керамогранит от прямого поставщика - компании КЕРАМОТЕКА,Италия,DOLMEN,"atlas concorde dolmen, атлас конкорд долмен, дольмен, керамогранит dolmen, купить, поставщик, скидки, цены",Каталог керамического гранита Atlas Concorde Dolmen / Атлас Конкорд Дольмен от прямого поставщика КЕРАМОТЕКА. Опт и розница. Скидки. Цены.,ATLAS CONCORDE DOLMEN / АТЛАС КОНКОРД ДОЛМЕН - проектный керамогранит для общественных пространств. КЕРАМОТЕКА.,Под заказ,$$$,https://www.keramoteka.ru/upload/uf/57e/keramoteka-atlas-concorde-dolmen.pdf,Статус NHS - ОТСУТСВУЕТ,Керамогранит,Porfido Rosa Sestino,"7,25X30,5 СМ",6DSO,./temp_files/img/ATLAS CONCORDE_DOLMEN_Porfido Rosa Sestino.jpg
ATLAS CONCORDE,./temp_files/logo/ATLAS CONCORDE.png,"atlas concorde, атлас конкорд, плитка atlas concorde, керамогранит atlas concorde, плитка, керамогранит, atlas concord, плитка конкорд, плитка atlas, поставщик, атлас конкорд италия, атлас конкорд сайт","Каталог керамической плитки и керамогранита ATLAS CONCORDE / АТЛАС КОНКОРД (Италия) от прямого поставщика КЕРАМОТЕКА. Низкие цены, скидки. Оптовые и розничные продажи. Материал в наличии.",ATLAS CONCORDE / АТЛАС КОНКОРД (Италия) Керамическая плитка и керамогранит от прямого поставщика - компании КЕРАМОТЕКА,Италия,DOLMEN,"atlas concorde dolmen, атлас конкорд долмен, дольмен, керамогранит dolmen, купить, поставщик, скидки, цены",Каталог керамического гранита Atlas Concorde Dolmen / Атлас Конкорд Дольмен от прямого поставщика КЕРАМОТЕКА. Опт и розница. Скидки. Цены.,ATLAS CONCORDE DOLMEN / АТЛАС КОНКОРД ДОЛМЕН - проектный керамогранит для общественных пространств. КЕРАМОТЕКА.,Под заказ,$$$,https://www.keramoteka.ru/upload/uf/57e/keramoteka-atlas-concorde-dolmen.pdf,Статус NHS - ОТСУТСВУЕТ,Керамогранит,Porfido Beige,20X20 СМ,2DPB,./temp_files/img/ATLAS CONCORDE_DOLMEN_Porfido Beige.jpg
ATLAS CONCORDE,./temp_files/logo/ATLAS CONCORDE.png,"atlas concorde, атлас конкорд, плитка atlas concorde, керамогранит atlas concorde, плитка, керамогранит, atlas concord, плитка конкорд, плитка atlas, поставщик, атлас конкорд италия, атлас конкорд сайт","Каталог керамической плитки и керамогранита ATLAS CONCORDE / АТЛАС КОНКОРД (Италия) от прямого поставщика КЕРАМОТЕКА. Низкие цены, скидки. Оптовые и розничные продажи. Материал в наличии.",ATLAS CONCORDE / АТЛАС КОНКОРД (Италия) Керамическая плитка и керамогранит от прямого поставщика - компании КЕРАМОТЕКА,Италия,DOLMEN,"atlas concorde dolmen, атлас конкорд долмен, дольмен, керамогранит dolmen, купить, поставщик, скидки, цены",Каталог керамического гранита Atlas Concorde Dolmen / Атлас Конкорд Дольмен от прямого поставщика КЕРАМОТЕКА. Опт и розница. Скидки. Цены.,ATLAS CONCORDE DOLMEN / АТЛАС КОНКОРД ДОЛМЕН - проектный керамогранит для общественных пространств. КЕРАМОТЕКА.,Под заказ,$$$,https://www.keramoteka.ru/upload/uf/57e/keramoteka-atlas-concorde-dolmen.pdf,Статус NHS - ОТСУТСВУЕТ,Керамогранит,Porfido Grigio,20X20 СМ,2DPG,./temp_files/img/ATLAS CONCORDE_DOLMEN_Porfido Grigio.jpg
ATLAS CONCORDE,./temp_files/logo/ATLAS CONCORDE.png,"atlas concorde, атлас конкорд, плитка atlas concorde, керамогранит atlas concorde, плитка, керамогранит, atlas concord, плитка конкорд, плитка atlas, поставщик, атлас конкорд италия, атлас конкорд сайт","Каталог керамической плитки и керамогранита ATLAS CONCORDE / АТЛАС КОНКОРД (Италия) от прямого поставщика КЕРАМОТЕКА. Низкие цены, скидки. Оптовые и розничные продажи. Материал в наличии.",ATLAS CONCORDE / АТЛАС КОНКОРД (Италия) Керамическая плитка и керамогранит от прямого поставщика - компании КЕРАМОТЕКА,Италия,DOLMEN,"atlas concorde dolmen, атлас конкорд долмен, дольмен, керамогранит dolmen, купить, поставщик, скидки, цены",Каталог керамического гранита Atlas Concorde Dolmen / Атлас Конкорд Дольмен от прямого поставщика КЕРАМОТЕКА. Опт и розница. Скидки. Цены.,ATLAS CONCORDE DOLMEN / АТЛАС КОНКОРД ДОЛМЕН - проектный керамогранит для общественных пространств. КЕРАМОТЕКА.,Под заказ,$$$,https://www.keramoteka.ru/upload/uf/57e/keramoteka-atlas-concorde-dolmen.pdf,Статус NHS - ОТСУТСВУЕТ,Керамогранит,Porfido Bianco,20X20 СМ,2DPI,./temp_files/img/ATLAS CONCORDE_DOLMEN_Porfido Bianco.jpg
ATLAS CONCORDE,./temp_files/logo/ATLAS CONCORDE.png,"atlas concorde, атлас конкорд, плитка atlas concorde, керамогранит atlas concorde, плитка, керамогранит, atlas concord, плитка конкорд, плитка atlas, поставщик, атлас конкорд италия, атлас конкорд сайт","Каталог керамической плитки и керамогранита ATLAS CONCORDE / АТЛАС КОНКОРД (Италия) от прямого поставщика КЕРАМОТЕКА. Низкие цены, скидки. Оптовые и розничные продажи. Материал в наличии.",ATLAS CONCORDE / АТЛАС КОНКОРД (Италия) Керамическая плитка и керамогранит от прямого поставщика - компании КЕРАМОТЕКА,Италия,DOLMEN,"atlas concorde dolmen, атлас конкорд долмен, дольмен, керамогранит dolmen, купить, поставщик, скидки, цены",Каталог керамического гранита Atlas Concorde Dolmen / Атлас Конкорд Дольмен от прямого поставщика КЕРАМОТЕКА. Опт и розница. Скидки. Цены.,ATLAS CONCORDE DOLMEN / АТЛАС КОНКОРД ДОЛМЕН - проектный керамогранит для общественных пространств. КЕРАМОТЕКА.,Под заказ,$$$,https://www.keramoteka.ru/upload/uf/57e/keramoteka-atlas-concorde-dolmen.pdf,Статус NHS - ОТСУТСВУЕТ,Керамогранит,Porfido Rosso,20X20 СМ,2DPR,./temp_files/img/ATLAS CONCORDE_DOLMEN_Porfido Rosso.jpg
ATLAS CONCORDE,./temp_files/logo/ATLAS CONCORDE.png,"atlas concorde, атлас конкорд, плитка atlas concorde, керамогранит atlas concorde, плитка, керамогранит, atlas concord, плитка конкорд, плитка atlas, поставщик, атлас конкорд италия, атлас конкорд сайт","Каталог керамической плитки и керамогранита ATLAS CONCORDE / АТЛАС КОНКОРД (Италия) от прямого поставщика КЕРАМОТЕКА. Низкие цены, скидки. Оптовые и розничные продажи. Материал в наличии.",ATLAS CONCORDE / АТЛАС КОНКОРД (Италия) Керамическая плитка и керамогранит от прямого поставщика - компании КЕРАМОТЕКА,Италия,DOLMEN,"atlas concorde dolmen, атлас конкорд долмен, дольмен, керамогранит dolmen, купить, поставщик, скидки, цены",Каталог керамического гранита Atlas Concorde Dolmen / Атлас Конкорд Дольмен от прямого поставщика КЕРАМОТЕКА. Опт и розница. Скидки. Цены.,ATLAS CONCORDE DOLMEN / АТЛАС КОНКОРД ДОЛМЕН - проектный керамогранит для общественных пространств. КЕРАМОТЕКА.,Под заказ,$$$,https://www.keramoteka.ru/upload/uf/57e/keramoteka-atlas-concorde-dolmen.pdf,Статус NHS - ОТСУТСВУЕТ,Керамогранит,Porfido Rosa,20X20 СМ,2DPO,./temp_files/img/ATLAS CONCORDE_DOLMEN_Porfido Rosa.jpg
ATLAS CONCORDE,./temp_files/logo/ATLAS CONCORDE.png,"atlas concorde, атлас конкорд, плитка atlas concorde, керамогранит atlas concorde, плитка, керамогранит, atlas concord, плитка конкорд, плитка atlas, поставщик, атлас конкорд италия, атлас конкорд сайт","Каталог керамической плитки и керамогранита ATLAS CONCORDE / АТЛАС КОНКОРД (Италия) от прямого поставщика КЕРАМОТЕКА. Низкие цены, скидки. Оптовые и розничные продажи. Материал в наличии.",ATLAS CONCORDE / АТЛАС КОНКОРД (Италия) Керамическая плитка и керамогранит от прямого поставщика - компании КЕРАМОТЕКА,Италия,DOLMEN,"atlas concorde dolmen, атлас конкорд долмен, дольмен, керамогранит dolmen, купить, поставщик, скидки, цены",Каталог керамического гранита Atlas Concorde Dolmen / Атлас Конкорд Дольмен от прямого поставщика КЕРАМОТЕКА. Опт и розница. Скидки. Цены.,ATLAS CONCORDE DOLMEN / АТЛАС КОНКОРД ДОЛМЕН - проектный керамогранит для общественных пространств. КЕРАМОТЕКА.,Под заказ,$$$,https://www.keramoteka.ru/upload/uf/57e/keramoteka-atlas-concorde-dolmen.pdf,Статус NHS - ОТСУТСВУЕТ,Керамогранит,Porfido Beige,10X10 СМ,1DPB,./temp_files/img/ATLAS CONCORDE_DOLMEN_Porfido Beige.jpg
ATLAS CONCORDE,./temp_files/logo/ATLAS CONCORDE.png,"atlas concorde, атлас конкорд, плитка atlas concorde, керамогранит atlas concorde, плитка, керамогранит, atlas concord, плитка конкорд, плитка atlas, поставщик, атлас конкорд италия, атлас конкорд сайт","Каталог керамической плитки и керамогранита ATLAS CONCORDE / АТЛАС КОНКОРД (Италия) от прямого поставщика КЕРАМОТЕКА. Низкие цены, скидки. Оптовые и розничные продажи. Материал в наличии.",ATLAS CONCORDE / АТЛАС КОНКОРД (Италия) Керамическая плитка и керамогранит от прямого поставщика - компании КЕРАМОТЕКА,Италия,DOLMEN,"atlas concorde dolmen, атлас конкорд долмен, дольмен, керамогранит dolmen, купить, поставщик, скидки, цены",Каталог керамического гранита Atlas Concorde Dolmen / Атлас Конкорд Дольмен от прямого поставщика КЕРАМОТЕКА. Опт и розница. Скидки. Цены.,ATLAS CONCORDE DOLMEN / АТЛАС КОНКОРД ДОЛМЕН - проектный керамогранит для общественных пространств. КЕРАМОТЕКА.,Под заказ,$$$,https://www.keramoteka.ru/upload/uf/57e/keramoteka-atlas-concorde-dolmen.pdf,Статус NHS - ОТСУТСВУЕТ,Керамогранит,Porfido Grigio,10X10 СМ,1DPG,./temp_files/img/ATLAS CONCORDE_DOLMEN_Porfido Grigio.jpg
ATLAS CONCORDE,./temp_files/logo/ATLAS CONCORDE.png,"atlas concorde, атлас конкорд, плитка atlas concorde, керамогранит atlas concorde, плитка, керамогранит, atlas concord, плитка конкорд, плитка atlas, поставщик, атлас конкорд италия, атлас конкорд сайт","Каталог керамической плитки и керамогранита ATLAS CONCORDE / АТЛАС КОНКОРД (Италия) от прямого поставщика КЕРАМОТЕКА. Низкие цены, скидки. Оптовые и розничные продажи. Материал в наличии.",ATLAS CONCORDE / АТЛАС КОНКОРД (Италия) Керамическая плитка и керамогранит от прямого поставщика - компании КЕРАМОТЕКА,Италия,DOLMEN,"atlas concorde dolmen, атлас конкорд долмен, дольмен, керамогранит dolmen, купить, поставщик, скидки, цены",Каталог керамического гранита Atlas Concorde Dolmen / Атлас Конкорд Дольмен от прямого поставщика КЕРАМОТЕКА. Опт и розница. Скидки. Цены.,ATLAS CONCORDE DOLMEN / АТЛАС КОНКОРД ДОЛМЕН - проектный керамогранит для общественных пространств. КЕРАМОТЕКА.,Под заказ,$$$,https://www.keramoteka.ru/upload/uf/57e/keramoteka-atlas-concorde-dolmen.pdf,Статус NHS - ОТСУТСВУЕТ,Керамогранит,Porfido Bianco,10X10 СМ,1DPI,./temp_files/img/ATLAS CONCORDE_DOLMEN_Porfido Bianco.jpg
ATLAS CONCORDE,./temp_files/logo/ATLAS CONCORDE.png,"atlas concorde, атлас конкорд, плитка atlas concorde, керамогранит atlas concorde, плитка, керамогранит, atlas concord, плитка конкорд, плитка atlas, поставщик, атлас конкорд италия, атлас конкорд сайт","Каталог керамической плитки и керамогранита ATLAS CONCORDE / АТЛАС КОНКОРД (Италия) от прямого поставщика КЕРАМОТЕКА. Низкие цены, скидки. Оптовые и розничные продажи. Материал в наличии.",ATLAS CONCORDE / АТЛАС КОНКОРД (Италия) Керамическая плитка и керамогранит от прямого поставщика - компании КЕРАМОТЕКА,Италия,DOLMEN,"atlas concorde dolmen, атлас конкорд долмен, дольмен, керамогранит dolmen, купить, поставщик, скидки, цены",Каталог керамического гранита Atlas Concorde Dolmen / Атлас Конкорд Дольмен от прямого поставщика КЕРАМОТЕКА. Опт и розница. Скидки. Цены.,ATLAS CONCORDE DOLMEN / АТЛАС КОНКОРД ДОЛМЕН - проектный керамогранит для общественных пространств. КЕРАМОТЕКА.,Под заказ,$$$,https://www.keramoteka.ru/upload/uf/57e/keramoteka-atlas-concorde-dolmen.pdf,Статус NHS - ОТСУТСВУЕТ,Керамогранит,Porfido Rosso,10X10 СМ,1DPR,./temp_files/img/ATLAS CONCORDE_DOLMEN_Porfido Rosso.jpg
ATLAS CONCORDE,./temp_files/logo/ATLAS CONCORDE.png,"atlas concorde, атлас конкорд, плитка atlas concorde, керамогранит atlas concorde, плитка, керамогранит, atlas concord, плитка конкорд, плитка atlas, поставщик, атлас конкорд италия, атлас конкорд сайт","Каталог керамической плитки и керамогранита ATLAS CONCORDE / АТЛАС КОНКОРД (Италия) от прямого поставщика КЕРАМОТЕКА. Низкие цены, скидки. Оптовые и розничные продажи. Материал в наличии.",ATLAS CONCORDE / АТЛАС КОНКОРД (Италия) Керамическая плитка и керамогранит от прямого поставщика - компании КЕРАМОТЕКА,Италия,DOLMEN,"atlas concorde dolmen, атлас конкорд долмен, дольмен, керамогранит dolmen, купить, поставщик, скидки, цены",Каталог керамического гранита Atlas Concorde Dolmen / Атлас Конкорд Дольмен от прямого поставщика КЕРАМОТЕКА. Опт и розница. Скидки. Цены.,ATLAS CONCORDE DOLMEN / АТЛАС КОНКОРД ДОЛМЕН - проектный керамогранит для общественных пространств. КЕРАМОТЕКА.,Под заказ,$$$,https://www.keramoteka.ru/upload/uf/57e/keramoteka-atlas-concorde-dolmen.pdf,Статус NHS - ОТСУТСВУЕТ,Керамогранит,Porfido Rosa,10X10 СМ,1DPO,./temp_files/img/ATLAS CONCORDE_DOLMEN_Porfido Rosa.jpg
ATLAS CONCORDE,./temp_files/logo/ATLAS CONCORDE.png,"atlas concorde, атлас конкорд, плитка atlas concorde, керамогранит atlas concorde, плитка, керамогранит, atlas concord, плитка конкорд, плитка atlas, поставщик, атлас конкорд италия, атлас конкорд сайт","Каталог керамической плитки и керамогранита ATLAS CONCORDE / АТЛАС КОНКОРД (Италия) от прямого поставщика КЕРАМОТЕКА. Низкие цены, скидки. Оптовые и розничные продажи. Материал в наличии.",ATLAS CONCORDE / АТЛАС КОНКОРД (Италия) Керамическая плитка и керамогранит от прямого поставщика - компании КЕРАМОТЕКА,Италия,DOLMEN,"atlas concorde dolmen, атлас конкорд долмен, дольмен, керамогранит dolmen, купить, поставщик, скидки, цены",Каталог керамического гранита Atlas Concorde Dolmen / Атлас Конкорд Дольмен от прямого поставщика КЕРАМОТЕКА. Опт и розница. Скидки. Цены.,ATLAS CONCORDE DOLMEN / АТЛАС КОНКОРД ДОЛМЕН - проектный керамогранит для общественных пространств. КЕРАМОТЕКА.,Под заказ,$$$,https://www.keramoteka.ru/upload/uf/57e/keramoteka-atlas-concorde-dolmen.pdf,Статус NHS - ОТСУТСВУЕТ,Керамогранит,Porfido Beige,10X10X6 СМ,1PPB,./temp_files/img/ATLAS CONCORDE_DOLMEN_Porfido Beige.jpg
ATLAS CONCORDE,./temp_files/logo/ATLAS CONCORDE.png,"atlas concorde, атлас конкорд, плитка atlas concorde, керамогранит atlas concorde, плитка, керамогранит, atlas concord, плитка конкорд, плитка atlas, поставщик, атлас конкорд италия, атлас конкорд сайт","Каталог керамической плитки и керамогранита ATLAS CONCORDE / АТЛАС КОНКОРД (Италия) от прямого поставщика КЕРАМОТЕКА. Низкие цены, скидки. Оптовые и розничные продажи. Материал в наличии.",ATLAS CONCORDE / АТЛАС КОНКОРД (Италия) Керамическая плитка и керамогранит от прямого поставщика - компании КЕРАМОТЕКА,Италия,DOLMEN,"atlas concorde dolmen, атлас конкорд долмен, дольмен, керамогранит dolmen, купить, поставщик, скидки, цены",Каталог керамического гранита Atlas Concorde Dolmen / Атлас Конкорд Дольмен от прямого поставщика КЕРАМОТЕКА. Опт и розница. Скидки. Цены.,ATLAS CONCORDE DOLMEN / АТЛАС КОНКОРД ДОЛМЕН - проектный керамогранит для общественных пространств. КЕРАМОТЕКА.,Под заказ,$$$,https://www.keramoteka.ru/upload/uf/57e/keramoteka-atlas-concorde-dolmen.pdf,Статус NHS - ОТСУТСВУЕТ,Керамогранит,Porfido Grigio,10X10X6 СМ,1PPG,./temp_files/img/ATLAS CONCORDE_DOLMEN_Porfido Grigio.jpg
ATLAS CONCORDE,./temp_files/logo/ATLAS CONCORDE.png,"atlas concorde, атлас конкорд, плитка atlas concorde, керамогранит atlas concorde, плитка, керамогранит, atlas concord, плитка конкорд, плитка atlas, поставщик, атлас конкорд италия, атлас конкорд сайт","Каталог керамической плитки и керамогранита ATLAS CONCORDE / АТЛАС КОНКОРД (Италия) от прямого поставщика КЕРАМОТЕКА. Низкие цены, скидки. Оптовые и розничные продажи. Материал в наличии.",ATLAS CONCORDE / АТЛАС КОНКОРД (Италия) Керамическая плитка и керамогранит от прямого поставщика - компании КЕРАМОТЕКА,Италия,DOLMEN,"atlas concorde dolmen, атлас конкорд долмен, дольмен, керамогранит dolmen, купить, поставщик, скидки, цены",Каталог керамического гранита Atlas Concorde Dolmen / Атлас Конкорд Дольмен от прямого поставщика КЕРАМОТЕКА. Опт и розница. Скидки. Цены.,ATLAS CONCORDE DOLMEN / АТЛАС КОНКОРД ДОЛМЕН - проектный керамогранит для общественных пространств. КЕРАМОТЕКА.,Под заказ,$$$,https://www.keramoteka.ru/upload/uf/57e/keramoteka-atlas-concorde-dolmen.pdf,Статус NHS - ОТСУТСВУЕТ,Керамогранит,Porfido Bianco,10X10X6 СМ,1PPI,./temp_files/img/ATLAS CONCORDE_DOLMEN_Porfido Bianco.jpg
ATLAS CONCORDE,./temp_files/logo/ATLAS CONCORDE.png,"atlas concorde, атлас конкорд, плитка atlas concorde, керамогранит atlas concorde, плитка, керамогранит, atlas concord, плитка конкорд, плитка atlas, поставщик, атлас конкорд италия, атлас конкорд сайт","Каталог керамической плитки и керамогранита ATLAS CONCORDE / АТЛАС КОНКОРД (Италия) от прямого поставщика КЕРАМОТЕКА. Низкие цены, скидки. Оптовые и розничные продажи. Материал в наличии.",ATLAS CONCORDE / АТЛАС КОНКОРД (Италия) Керамическая плитка и керамогранит от прямого поставщика - компании КЕРАМОТЕКА,Италия,DOLMEN,"atlas concorde dolmen, атлас конкорд долмен, дольмен, керамогранит dolmen, купить, поставщик, скидки, цены",Каталог керамического гранита Atlas Concorde Dolmen / Атлас Конкорд Дольмен от прямого поставщика КЕРАМОТЕКА. Опт и розница. Скидки. Цены.,ATLAS CONCORDE DOLMEN / АТЛАС КОНКОРД ДОЛМЕН - проектный керамогранит для общественных пространств. КЕРАМОТЕКА.,Под заказ,$$$,https://www.keramoteka.ru/upload/uf/57e/keramoteka-atlas-concorde-dolmen.pdf,Статус NHS - ОТСУТСВУЕТ,Керамогранит,Porfido Rosso,10X10X6 СМ,1PPR,./temp_files/img/ATLAS CONCORDE_DOLMEN_Porfido Rosso.jpg
ATLAS CONCORDE,./temp_files/logo/ATLAS CONCORDE.png,"atlas concorde, атлас конкорд, плитка atlas concorde, керамогранит atlas concorde, плитка, керамогранит, atlas concord, плитка конкорд, плитка atlas, поставщик, атлас конкорд италия, атлас конкорд сайт","Каталог керамической плитки и керамогранита ATLAS CONCORDE / АТЛАС КОНКОРД (Италия) от прямого поставщика КЕРАМОТЕКА. Низкие цены, скидки. Оптовые и розничные продажи. Материал в наличии.",ATLAS CONCORDE / АТЛАС КОНКОРД (Италия) Керамическая плитка и керамогранит от прямого поставщика - компании КЕРАМОТЕКА,Италия,DOLMEN,"atlas concorde dolmen, атлас конкорд долмен, дольмен, керамогранит dolmen, купить, поставщик, скидки, цены",Каталог керамического гранита Atlas Concorde Dolmen / Атлас Конкорд Дольмен от прямого поставщика КЕРАМОТЕКА. Опт и розница. Скидки. Цены.,ATLAS CONCORDE DOLMEN / АТЛАС КОНКОРД ДОЛМЕН - проектный керамогранит для общественных пространств. КЕРАМОТЕКА.,Под заказ,$$$,https://www.keramoteka.ru/upload/uf/57e/keramoteka-atlas-concorde-dolmen.pdf,Статус NHS - ОТСУТСВУЕТ,Керамогранит,Porfido Rosa,10X10X6 СМ,1PPO,./temp_files/img/ATLAS CONCORDE_DOLMEN_Porfido Rosa.jpg
ATLAS CONCORDE,./temp_files/logo/ATLAS CONCORDE.png,"atlas concorde, атлас конкорд, плитка atlas concorde, керамогранит atlas concorde, плитка, керамогранит, atlas concord, плитка конкорд, плитка atlas, поставщик, атлас конкорд италия, атлас конкорд сайт","Каталог керамической плитки и керамогранита ATLAS CONCORDE / АТЛАС КОНКОРД (Италия) от прямого поставщика КЕРАМОТЕКА. Низкие цены, скидки. Оптовые и розничные продажи. Материал в наличии.",ATLAS CONCORDE / АТЛАС КОНКОРД (Италия) Керамическая плитка и керамогранит от прямого поставщика - компании КЕРАМОТЕКА,Италия,DOLMEN,"atlas concorde dolmen, атлас конкорд долмен, дольмен, керамогранит dolmen, купить, поставщик, скидки, цены",Каталог керамического гранита Atlas Concorde Dolmen / Атлас Конкорд Дольмен от прямого поставщика КЕРАМОТЕКА. Опт и розница. Скидки. Цены.,ATLAS CONCORDE DOLMEN / АТЛАС КОНКОРД ДОЛМЕН - проектный керамогранит для общественных пространств. КЕРАМОТЕКА.,Под заказ,$$$,https://www.keramoteka.ru/upload/uf/57e/keramoteka-atlas-concorde-dolmen.pdf,Статус NHS - ОТСУТСВУЕТ,Декоративные элементы /Керамогранит/,Панно Beige Pavone Tinta Unita,"143,5X83 СМ",1DBP,./temp_files/img/ATLAS CONCORDE_DOLMEN_Панно Beige Pavone Tinta Unita.jpg
ATLAS CONCORDE,./temp_files/logo/ATLAS CONCORDE.png,"atlas concorde, атлас конкорд, плитка atlas concorde, керамогранит atlas concorde, плитка, керамогранит, atlas concord, плитка конкорд, плитка atlas, поставщик, атлас конкорд италия, атлас конкорд сайт","Каталог керамической плитки и керамогранита ATLAS CONCORDE / АТЛАС КОНКОРД (Италия) от прямого поставщика КЕРАМОТЕКА. Низкие цены, скидки. Оптовые и розничные продажи. Материал в наличии.",ATLAS CONCORDE / АТЛАС КОНКОРД (Италия) Керамическая плитка и керамогранит от прямого поставщика - компании КЕРАМОТЕКА,Италия,DOLMEN,"atlas concorde dolmen, атлас конкорд долмен, дольмен, керамогранит dolmen, купить, поставщик, скидки, цены",Каталог керамического гранита Atlas Concorde Dolmen / Атлас Конкорд Дольмен от прямого поставщика КЕРАМОТЕКА. Опт и розница. Скидки. Цены.,ATLAS CONCORDE DOLMEN / АТЛАС КОНКОРД ДОЛМЕН - проектный керамогранит для общественных пространств. КЕРАМОТЕКА.,Под заказ,$$$,https://www.keramoteka.ru/upload/uf/57e/keramoteka-atlas-concorde-dolmen.pdf,Статус NHS - ОТСУТСВУЕТ,Декоративные элементы /Керамогранит/,Панно Grigio Pavone Tinta Unita,"143,5X83 СМ",1DGP,./temp_files/img/ATLAS CONCORDE_DOLMEN_Панно Grigio Pavone Tinta Unita.jpg
ATLAS CONCORDE,./temp_files/logo/ATLAS CONCORDE.png,"atlas concorde, атлас конкорд, плитка atlas concorde, керамогранит atlas concorde, плитка, керамогранит, atlas concord, плитка конкорд, плитка atlas, поставщик, атлас конкорд италия, атлас конкорд сайт","Каталог керамической плитки и керамогранита ATLAS CONCORDE / АТЛАС КОНКОРД (Италия) от прямого поставщика КЕРАМОТЕКА. Низкие цены, скидки. Оптовые и розничные продажи. Материал в наличии.",ATLAS CONCORDE / АТЛАС КОНКОРД (Италия) Керамическая плитка и керамогранит от прямого поставщика - компании КЕРАМОТЕКА,Италия,DOLMEN,"atlas concorde dolmen, атлас конкорд долмен, дольмен, керамогранит dolmen, купить, поставщик, скидки, цены",Каталог керамического гранита Atlas Concorde Dolmen / Атлас Конкорд Дольмен от прямого поставщика КЕРАМОТЕКА. Опт и розница. Скидки. Цены.,ATLAS CONCORDE DOLMEN / АТЛАС КОНКОРД ДОЛМЕН - проектный керамогранит для общественных пространств. КЕРАМОТЕКА.,Под заказ,$$$,https://www.keramoteka.ru/upload/uf/57e/keramoteka-atlas-concorde-dolmen.pdf,Статус NHS - ОТСУТСВУЕТ,Декоративные элементы /Керамогранит/,Панно Rosso Pavone Tinta Unita,"143,5X83 СМ",1DRP,./temp_files/img/ATLAS CONCORDE_DOLMEN_Панно Rosso Pavone Tinta Unita.jpg
ATLAS CONCORDE,./temp_files/logo/ATLAS CONCORDE.png,"atlas concorde, атлас конкорд, плитка atlas concorde, керамогранит atlas concorde, плитка, керамогранит, atlas concord, плитка конкорд, плитка atlas, поставщик, атлас конкорд италия, атлас конкорд сайт","Каталог керамической плитки и керамогранита ATLAS CONCORDE / АТЛАС КОНКОРД (Италия) от прямого поставщика КЕРАМОТЕКА. Низкие цены, скидки. Оптовые и розничные продажи. Материал в наличии.",ATLAS CONCORDE / АТЛАС КОНКОРД (Италия) Керамическая плитка и керамогранит от прямого поставщика - компании КЕРАМОТЕКА,Италия,DOLMEN,"atlas concorde dolmen, атлас конкорд долмен, дольмен, керамогранит dolmen, купить, поставщик, скидки, цены",Каталог керамического гранита Atlas Concorde Dolmen / Атлас Конкорд Дольмен от прямого поставщика КЕРАМОТЕКА. Опт и розница. Скидки. Цены.,ATLAS CONCORDE DOLMEN / АТЛАС КОНКОРД ДОЛМЕН - проектный керамогранит для общественных пространств. КЕРАМОТЕКА.,Под заказ,$$$,https://www.keramoteka.ru/upload/uf/57e/keramoteka-atlas-concorde-dolmen.pdf,Статус NHS - ОТСУТСВУЕТ,Декоративные элементы /Керамогранит/,Панно Rosa Pavone Tinta Unita,"143,5X83 СМ",1DRO,./temp_files/img/ATLAS CONCORDE_DOLMEN_Панно Rosa Pavone Tinta Unita.jpg
ATLAS CONCORDE,./temp_files/logo/ATLAS CONCORDE.png,"atlas concorde, атлас конкорд, плитка atlas concorde, керамогранит atlas concorde, плитка, керамогранит, atlas concord, плитка конкорд, плитка atlas, поставщик, атлас конкорд италия, атлас конкорд сайт","Каталог керамической плитки и керамогранита ATLAS CONCORDE / АТЛАС КОНКОРД (Италия) от прямого поставщика КЕРАМОТЕКА. Низкие цены, скидки. Оптовые и розничные продажи. Материал в наличии.",ATLAS CONCORDE / АТЛАС КОНКОРД (Италия) Керамическая плитка и керамогранит от прямого поставщика - компании КЕРАМОТЕКА,Италия,DOLMEN,"atlas concorde dolmen, атлас конкорд долмен, дольмен, керамогранит dolmen, купить, поставщик, скидки, цены",Каталог керамического гранита Atlas Concorde Dolmen / Атлас Конкорд Дольмен от прямого поставщика КЕРАМОТЕКА. Опт и розница. Скидки. Цены.,ATLAS CONCORDE DOLMEN / АТЛАС КОНКОРД ДОЛМЕН - проектный керамогранит для общественных пространств. КЕРАМОТЕКА.,Под заказ,$$$,https://www.keramoteka.ru/upload/uf/57e/keramoteka-atlas-concorde-dolmen.pdf,Статус NHS - ОТСУТСВУЕТ,Декоративные элементы /Керамогранит/,Панно Beige Pavone,"143,5X83 СМ",1DBP,./temp_files/img/ATLAS CONCORDE_DOLMEN_Панно Beige Pavone.jpg
ATLAS CONCORDE,./temp_files/logo/ATLAS CONCORDE.png,"atlas concorde, атлас конкорд, плитка atlas concorde, керамогранит atlas concorde, плитка, керамогранит, atlas concord, плитка конкорд, плитка atlas, поставщик, атлас конкорд италия, атлас конкорд сайт","Каталог керамической плитки и керамогранита ATLAS CONCORDE / АТЛАС КОНКОРД (Италия) от прямого поставщика КЕРАМОТЕКА. Низкие цены, скидки. Оптовые и розничные продажи. Материал в наличии.",ATLAS CONCORDE / АТЛАС КОНКОРД (Италия) Керамическая плитка и керамогранит от прямого поставщика - компании КЕРАМОТЕКА,Италия,DOLMEN,"atlas concorde dolmen, атлас конкорд долмен, дольмен, керамогранит dolmen, купить, поставщик, скидки, цены",Каталог керамического гранита Atlas Concorde Dolmen / Атлас Конкорд Дольмен от прямого поставщика КЕРАМОТЕКА. Опт и розница. Скидки. Цены.,ATLAS CONCORDE DOLMEN / АТЛАС КОНКОРД ДОЛМЕН - проектный керамогранит для общественных пространств. КЕРАМОТЕКА.,Под заказ,$$$,https://www.keramoteka.ru/upload/uf/57e/keramoteka-atlas-concorde-dolmen.pdf,Статус NHS - ОТСУТСВУЕТ,Декоративные элементы /Керамогранит/,Панно Grigio Pavone,"143,5X83 СМ",1DGP,./temp_files/img/ATLAS CONCORDE_DOLMEN_Панно Grigio Pavone.jpg
ATLAS CONCORDE,./temp_files/logo/ATLAS CONCORDE.png,"atlas concorde, атлас конкорд, плитка atlas concorde, керамогранит atlas concorde, плитка, керамогранит, atlas concord, плитка конкорд, плитка atlas, поставщик, атлас конкорд италия, атлас конкорд сайт","Каталог керамической плитки и керамогранита ATLAS CONCORDE / АТЛАС КОНКОРД (Италия) от прямого поставщика КЕРАМОТЕКА. Низкие цены, скидки. Оптовые и розничные продажи. Материал в наличии.",ATLAS CONCORDE / АТЛАС КОНКОРД (Италия) Керамическая плитка и керамогранит от прямого поставщика - компании КЕРАМОТЕКА,Италия,DOLMEN,"atlas concorde dolmen, атлас конкорд долмен, дольмен, керамогранит dolmen, купить, поставщик, скидки, цены",Каталог керамического гранита Atlas Concorde Dolmen / Атлас Конкорд Дольмен от прямого поставщика КЕРАМОТЕКА. Опт и розница. Скидки. Цены.,ATLAS CONCORDE DOLMEN / АТЛАС КОНКОРД ДОЛМЕН - проектный керамогранит для общественных пространств. КЕРАМОТЕКА.,Под заказ,$$$,https://www.keramoteka.ru/upload/uf/57e/keramoteka-atlas-concorde-dolmen.pdf,Статус NHS - ОТСУТСВУЕТ,Декоративные элементы /Керамогранит/,Панно Rosso Pavone,"143,5X83 СМ",1DRP,./temp_files/img/ATLAS CONCORDE_DOLMEN_Панно Rosso Pavone.jpg
ATLAS CONCORDE,./temp_files/logo/ATLAS CONCORDE.png,"atlas concorde, атлас конкорд, плитка atlas concorde, керамогранит atlas concorde, плитка, керамогранит, atlas concord, плитка конкорд, плитка atlas, поставщик, атлас конкорд италия, атлас конкорд сайт","Каталог керамической плитки и керамогранита ATLAS CONCORDE / АТЛАС КОНКОРД (Италия) от прямого поставщика КЕРАМОТЕКА. Низкие цены, скидки. Оптовые и розничные продажи. Материал в наличии.",ATLAS CONCORDE / АТЛАС КОНКОРД (Италия) Керамическая плитка и керамогранит от прямого поставщика - компании КЕРАМОТЕКА,Италия,DOLMEN,"atlas concorde dolmen, атлас конкорд долмен, дольмен, керамогранит dolmen, купить, поставщик, скидки, цены",Каталог керамического гранита Atlas Concorde Dolmen / Атлас Конкорд Дольмен от прямого поставщика КЕРАМОТЕКА. Опт и розница. Скидки. Цены.,ATLAS CONCORDE DOLMEN / АТЛАС КОНКОРД ДОЛМЕН - проектный керамогранит для общественных пространств. КЕРАМОТЕКА.,Под заказ,$$$,https://www.keramoteka.ru/upload/uf/57e/keramoteka-atlas-concorde-dolmen.pdf,Статус NHS - ОТСУТСВУЕТ,Декоративные элементы /Керамогранит/,Панно Rosa Pavone,"143,5X83 СМ",1DRO,./temp_files/img/ATLAS CONCORDE_DOLMEN_Панно Rosa Pavone.jpg
ATLAS CONCORDE,./temp_files/logo/ATLAS CONCORDE.png,"atlas concorde, атлас конкорд, плитка atlas concorde, керамогранит atlas concorde, плитка, керамогранит, atlas concord, плитка конкорд, плитка atlas, поставщик, атлас конкорд италия, атлас конкорд сайт","Каталог керамической плитки и керамогранита ATLAS CONCORDE / АТЛАС КОНКОРД (Италия) от прямого поставщика КЕРАМОТЕКА. Низкие цены, скидки. Оптовые и розничные продажи. Материал в наличии.",ATLAS CONCORDE / АТЛАС КОНКОРД (Италия) Керамическая плитка и керамогранит от прямого поставщика - компании КЕРАМОТЕКА,Италия,DOLMEN,"atlas concorde dolmen, атлас конкорд долмен, дольмен, керамогранит dolmen, купить, поставщик, скидки, цены",Каталог керамического гранита Atlas Concorde Dolmen / Атлас Конкорд Дольмен от прямого поставщика КЕРАМОТЕКА. Опт и розница. Скидки. Цены.,ATLAS CONCORDE DOLMEN / АТЛАС КОНКОРД ДОЛМЕН - проектный керамогранит для общественных пространств. КЕРАМОТЕКА.,Под заказ,$$$,https://www.keramoteka.ru/upload/uf/57e/keramoteka-atlas-concorde-dolmen.pdf,Статус NHS - ОТСУТСВУЕТ,Спецэлементы,Спецэлемент Porfido Beige Diagonale,10X10X14 СМ,1RPB,./temp_files/img/ATLAS CONCORDE_DOLMEN_Спецэлемент Porfido Beige Diagonale.jpg
ATLAS CONCORDE,./temp_files/logo/ATLAS CONCORDE.png,"atlas concorde, атлас конкорд, плитка atlas concorde, керамогранит atlas concorde, плитка, керамогранит, atlas concord, плитка конкорд, плитка atlas, поставщик, атлас конкорд италия, атлас конкорд сайт","Каталог керамической плитки и керамогранита ATLAS CONCORDE / АТЛАС КОНКОРД (Италия) от прямого поставщика КЕРАМОТЕКА. Низкие цены, скидки. Оптовые и розничные продажи. Материал в наличии.",ATLAS CONCORDE / АТЛАС КОНКОРД (Италия) Керамическая плитка и керамогранит от прямого поставщика - компании КЕРАМОТЕКА,Италия,DOLMEN,"atlas concorde dolmen, атлас конкорд долмен, дольмен, керамогранит dolmen, купить, поставщик, скидки, цены",Каталог керамического гранита Atlas Concorde Dolmen / Атлас Конкорд Дольмен от прямого поставщика КЕРАМОТЕКА. Опт и розница. Скидки. Цены.,ATLAS CONCORDE DOLMEN / АТЛАС КОНКОРД ДОЛМЕН - проектный керамогранит для общественных пространств. КЕРАМОТЕКА.,Под заказ,$$$,https://www.keramoteka.ru/upload/uf/57e/keramoteka-atlas-concorde-dolmen.pdf,Статус NHS - ОТСУТСВУЕТ,Спецэлементы,Спецэлемент Porfido Grigio Diagonale,10X10X14 СМ,1RPG,./temp_files/img/ATLAS CONCORDE_DOLMEN_Спецэлемент Porfido Grigio Diagonale.jpg
ATLAS CONCORDE,./temp_files/logo/ATLAS CONCORDE.png,"atlas concorde, атлас конкорд, плитка atlas concorde, керамогранит atlas concorde, плитка, керамогранит, atlas concord, плитка конкорд, плитка atlas, поставщик, атлас конкорд италия, атлас конкорд сайт","Каталог керамической плитки и керамогранита ATLAS CONCORDE / АТЛАС КОНКОРД (Италия) от прямого поставщика КЕРАМОТЕКА. Низкие цены, скидки. Оптовые и розничные продажи. Материал в наличии.",ATLAS CONCORDE / АТЛАС КОНКОРД (Италия) Керамическая плитка и керамогранит от прямого поставщика - компании КЕРАМОТЕКА,Италия,DOLMEN,"atlas concorde dolmen, атлас конкорд долмен, дольмен, керамогранит dolmen, купить, поставщик, скидки, цены",Каталог керамического гранита Atlas Concorde Dolmen / Атлас Конкорд Дольмен от прямого поставщика КЕРАМОТЕКА. Опт и розница. Скидки. Цены.,ATLAS CONCORDE DOLMEN / АТЛАС КОНКОРД ДОЛМЕН - проектный керамогранит для общественных пространств. КЕРАМОТЕКА.,Под заказ,$$$,https://www.keramoteka.ru/upload/uf/57e/keramoteka-atlas-concorde-dolmen.pdf,Статус NHS - ОТСУТСВУЕТ,Спецэлементы,Спецэлемент Porfido Bianco Diagonale,10X10X14 СМ,1RPI,./temp_files/img/ATLAS CONCORDE_DOLMEN_Спецэлемент Porfido Bianco Diagonale.jpg
ATLAS CONCORDE,./temp_files/logo/ATLAS CONCORDE.png,"atlas concorde, атлас конкорд, плитка atlas concorde, керамогранит atlas concorde, плитка, керамогранит, atlas concord, плитка конкорд, плитка atlas, поставщик, атлас конкорд италия, атлас конкорд сайт","Каталог керамической плитки и керамогранита ATLAS CONCORDE / АТЛАС КОНКОРД (Италия) от прямого поставщика КЕРАМОТЕКА. Низкие цены, скидки. Оптовые и розничные продажи. Материал в наличии.",ATLAS CONCORDE / АТЛАС КОНКОРД (Италия) Керамическая плитка и керамогранит от прямого поставщика - компании КЕРАМОТЕКА,Италия,DOLMEN,"atlas concorde dolmen, атлас конкорд долмен, дольмен, керамогранит dolmen, купить, поставщик, скидки, цены",Каталог керамического гранита Atlas Concorde Dolmen / Атлас Конкорд Дольмен от прямого поставщика КЕРАМОТЕКА. Опт и розница. Скидки. Цены.,ATLAS CONCORDE DOLMEN / АТЛАС КОНКОРД ДОЛМЕН - проектный керамогранит для общественных пространств. КЕРАМОТЕКА.,Под заказ,$$$,https://www.keramoteka.ru/upload/uf/57e/keramoteka-atlas-concorde-dolmen.pdf,Статус NHS - ОТСУТСВУЕТ,Спецэлементы,Спецэлемент Porfido Rosso Diagonale,10X10X14 СМ,1RPR,./temp_files/img/ATLAS CONCORDE_DOLMEN_Спецэлемент Porfido Rosso Diagonale.jpg
ATLAS CONCORDE,./temp_files/logo/ATLAS CONCORDE.png,"atlas concorde, атлас конкорд, плитка atlas concorde, керамогранит atlas concorde, плитка, керамогранит, atlas concord, плитка конкорд, плитка atlas, поставщик, атлас конкорд италия, атлас конкорд сайт","Каталог керамической плитки и керамогранита ATLAS CONCORDE / АТЛАС КОНКОРД (Италия) от прямого поставщика КЕРАМОТЕКА. Низкие цены, скидки. Оптовые и розничные продажи. Материал в наличии.",ATLAS CONCORDE / АТЛАС КОНКОРД (Италия) Керамическая плитка и керамогранит от прямого поставщика - компании КЕРАМОТЕКА,Италия,DOLMEN,"atlas concorde dolmen, атлас конкорд долмен, дольмен, керамогранит dolmen, купить, поставщик, скидки, цены",Каталог керамического гранита Atlas Concorde Dolmen / Атлас Конкорд Дольмен от прямого поставщика КЕРАМОТЕКА. Опт и розница. Скидки. Цены.,ATLAS CONCORDE DOLMEN / АТЛАС КОНКОРД ДОЛМЕН - проектный керамогранит для общественных пространств. КЕРАМОТЕКА.,Под заказ,$$$,https://www.keramoteka.ru/upload/uf/57e/keramoteka-atlas-concorde-dolmen.pdf,Статус NHS - ОТСУТСВУЕТ,Спецэлементы,Спецэлемент Porfido Rosa Diagonale,10X10X14 СМ,1RPO,./temp_files/img/ATLAS CONCORDE_DOLMEN_Спецэлемент Porfido Rosa Diagonale.jpg
ATLAS CONCORDE,./temp_files/logo/ATLAS CONCORDE.png,"atlas concorde, атлас конкорд, плитка atlas concorde, керамогранит atlas concorde, плитка, керамогранит, atlas concord, плитка конкорд, плитка atlas, поставщик, атлас конкорд италия, атлас конкорд сайт","Каталог керамической плитки и керамогранита ATLAS CONCORDE / АТЛАС КОНКОРД (Италия) от прямого поставщика КЕРАМОТЕКА. Низкие цены, скидки. Оптовые и розничные продажи. Материал в наличии.",ATLAS CONCORDE / АТЛАС КОНКОРД (Италия) Керамическая плитка и керамогранит от прямого поставщика - компании КЕРАМОТЕКА,Италия,DOLMEN,"atlas concorde dolmen, атлас конкорд долмен, дольмен, керамогранит dolmen, купить, поставщик, скидки, цены",Каталог керамического гранита Atlas Concorde Dolmen / Атлас Конкорд Дольмен от прямого поставщика КЕРАМОТЕКА. Опт и розница. Скидки. Цены.,ATLAS CONCORDE DOLMEN / АТЛАС КОНКОРД ДОЛМЕН - проектный керамогранит для общественных пространств. КЕРАМОТЕКА.,Под заказ,$$$,https://www.keramoteka.ru/upload/uf/57e/keramoteka-atlas-concorde-dolmen.pdf,Статус NHS - ОТСУТСВУЕТ,Спецэлементы,Спецэлемент Porfido Beige Listello,5X10 СМ,1LPB,./temp_files/img/ATLAS CONCORDE_DOLMEN_Спецэлемент Porfido Beige Listello.jpg
ATLAS CONCORDE,./temp_files/logo/ATLAS CONCORDE.png,"atlas concorde, атлас конкорд, плитка atlas concorde, керамогранит atlas concorde, плитка, керамогранит, atlas concord, плитка конкорд, плитка atlas, поставщик, атлас конкорд италия, атлас конкорд сайт","Каталог керамической плитки и керамогранита ATLAS CONCORDE / АТЛАС КОНКОРД (Италия) от прямого поставщика КЕРАМОТЕКА. Низкие цены, скидки. Оптовые и розничные продажи. Материал в наличии.",ATLAS CONCORDE / АТЛАС КОНКОРД (Италия) Керамическая плитка и керамогранит от прямого поставщика - компании КЕРАМОТЕКА,Италия,DOLMEN,"atlas concorde dolmen, атлас конкорд долмен, дольмен, керамогранит dolmen, купить, поставщик, скидки, цены",Каталог керамического гранита Atlas Concorde Dolmen / Атлас Конкорд Дольмен от прямого поставщика КЕРАМОТЕКА. Опт и розница. Скидки. Цены.,ATLAS CONCORDE DOLMEN / АТЛАС КОНКОРД ДОЛМЕН - проектный керамогранит для общественных пространств. КЕРАМОТЕКА.,Под заказ,$$$,https://www.keramoteka.ru/upload/uf/57e/keramoteka-atlas-concorde-dolmen.pdf,Статус NHS - ОТСУТСВУЕТ,Спецэлементы,Спецэлемент Porfido Grigio Listello,5X10 СМ,1LPG,./temp_files/img/ATLAS CONCORDE_DOLMEN_Спецэлемент Porfido Grigio Listello.jpg
ATLAS CONCORDE,./temp_files/logo/ATLAS CONCORDE.png,"atlas concorde, атлас конкорд, плитка atlas concorde, керамогранит atlas concorde, плитка, керамогранит, atlas concord, плитка конкорд, плитка atlas, поставщик, атлас конкорд италия, атлас конкорд сайт","Каталог керамической плитки и керамогранита ATLAS CONCORDE / АТЛАС КОНКОРД (Италия) от прямого поставщика КЕРАМОТЕКА. Низкие цены, скидки. Оптовые и розничные продажи. Материал в наличии.",ATLAS CONCORDE / АТЛАС КОНКОРД (Италия) Керамическая плитка и керамогранит от прямого поставщика - компании КЕРАМОТЕКА,Италия,DOLMEN,"atlas concorde dolmen, атлас конкорд долмен, дольмен, керамогранит dolmen, купить, поставщик, скидки, цены",Каталог керамического гранита Atlas Concorde Dolmen / Атлас Конкорд Дольмен от прямого поставщика КЕРАМОТЕКА. Опт и розница. Скидки. Цены.,ATLAS CONCORDE DOLMEN / АТЛАС КОНКОРД ДОЛМЕН - проектный керамогранит для общественных пространств. КЕРАМОТЕКА.,Под заказ,$$$,https://www.keramoteka.ru/upload/uf/57e/keramoteka-atlas-concorde-dolmen.pdf,Статус NHS - ОТСУТСВУЕТ,Спецэлементы,Спецэлемент Porfido Bianco Listello,5X10 СМ,1LPI,./temp_files/img/ATLAS CONCORDE_DOLMEN_Спецэлемент Porfido Bianco Listello.jpg
ATLAS CONCORDE,./temp_files/logo/ATLAS CONCORDE.png,"atlas concorde, атлас конкорд, плитка atlas concorde, керамогранит atlas concorde, плитка, керамогранит, atlas concord, плитка конкорд, плитка atlas, поставщик, атлас конкорд италия, атлас конкорд сайт","Каталог керамической плитки и керамогранита ATLAS CONCORDE / АТЛАС КОНКОРД (Италия) от прямого поставщика КЕРАМОТЕКА. Низкие цены, скидки. Оптовые и розничные продажи. Материал в наличии.",ATLAS CONCORDE / АТЛАС КОНКОРД (Италия) Керамическая плитка и керамогранит от прямого поставщика - компании КЕРАМОТЕКА,Италия,DOLMEN,"atlas concorde dolmen, атлас конкорд долмен, дольмен, керамогранит dolmen, купить, поставщик, скидки, цены",Каталог керамического гранита Atlas Concorde Dolmen / Атлас Конкорд Дольмен от прямого поставщика КЕРАМОТЕКА. Опт и розница. Скидки. Цены.,ATLAS CONCORDE DOLMEN / АТЛАС КОНКОРД ДОЛМЕН - проектный керамогранит для общественных пространств. КЕРАМОТЕКА.,Под заказ,$$$,https://www.keramoteka.ru/upload/uf/57e/keramoteka-atlas-concorde-dolmen.pdf,Статус NHS - ОТСУТСВУЕТ,Спецэлементы,Спецэлемент Porfido Rosso Listello,5X10 СМ,1LPR,./temp_files/img/ATLAS CONCORDE_DOLMEN_Спецэлемент Porfido Rosso Listello.jpg
ATLAS CONCORDE,./temp_files/logo/ATLAS CONCORDE.png,"atlas concorde, атлас конкорд, плитка atlas concorde, керамогранит atlas concorde, плитка, керамогранит, atlas concord, плитка конкорд, плитка atlas, поставщик, атлас конкорд италия, атлас конкорд сайт","Каталог керамической плитки и керамогранита ATLAS CONCORDE / АТЛАС КОНКОРД (Италия) от прямого поставщика КЕРАМОТЕКА. Низкие цены, скидки. Оптовые и розничные продажи. Материал в наличии.",ATLAS CONCORDE / АТЛАС КОНКОРД (Италия) Керамическая плитка и керамогранит от прямого поставщика - компании КЕРАМОТЕКА,Италия,DOLMEN,"atlas concorde dolmen, атлас конкорд долмен, дольмен, керамогранит dolmen, купить, поставщик, скидки, цены",Каталог керамического гранита Atlas Concorde Dolmen / Атлас Конкорд Дольмен от прямого поставщика КЕРАМОТЕКА. Опт и розница. Скидки. Цены.,ATLAS CONCORDE DOLMEN / АТЛАС КОНКОРД ДОЛМЕН - проектный керамогранит для общественных пространств. КЕРАМОТЕКА.,Под заказ,$$$,https://www.keramoteka.ru/upload/uf/57e/keramoteka-atlas-concorde-dolmen.pdf,Статус NHS - ОТСУТСВУЕТ,Спецэлементы,Спецэлемент Porfido Rosa Listello,5X10 СМ,1LPO,./temp_files/img/ATLAS CONCORDE_DOLMEN_Спецэлемент Porfido Rosa Listello.jpg
ATLAS CONCORDE,./temp_files/logo/ATLAS CONCORDE.png,"atlas concorde, атлас конкорд, плитка atlas concorde, керамогранит atlas concorde, плитка, керамогранит, atlas concord, плитка конкорд, плитка atlas, поставщик, атлас конкорд италия, атлас конкорд сайт","Каталог керамической плитки и керамогранита ATLAS CONCORDE / АТЛАС КОНКОРД (Италия) от прямого поставщика КЕРАМОТЕКА. Низкие цены, скидки. Оптовые и розничные продажи. Материал в наличии.",ATLAS CONCORDE / АТЛАС КОНКОРД (Италия) Керамическая плитка и керамогранит от прямого поставщика - компании КЕРАМОТЕКА,Италия,DOLMEN,"atlas concorde dolmen, атлас конкорд долмен, дольмен, керамогранит dolmen, купить, поставщик, скидки, цены",Каталог керамического гранита Atlas Concorde Dolmen / Атлас Конкорд Дольмен от прямого поставщика КЕРАМОТЕКА. Опт и розница. Скидки. Цены.,ATLAS CONCORDE DOLMEN / АТЛАС КОНКОРД ДОЛМЕН - проектный керамогранит для общественных пространств. КЕРАМОТЕКА.,Под заказ,$$$,https://www.keramoteka.ru/upload/uf/57e/keramoteka-atlas-concorde-dolmen.pdf,Статус NHS - ОТСУТСВУЕТ,Спецэлементы,Спецэлемент Porfido Beige Cono,9X9 СМ,1NPB,./temp_files/img/ATLAS CONCORDE_DOLMEN_Спецэлемент Porfido Beige Cono.jpg
ATLAS CONCORDE,./temp_files/logo/ATLAS CONCORDE.png,"atlas concorde, атлас конкорд, плитка atlas concorde, керамогранит atlas concorde, плитка, керамогранит, atlas concord, плитка конкорд, плитка atlas, поставщик, атлас конкорд италия, атлас конкорд сайт","Каталог керамической плитки и керамогранита ATLAS CONCORDE / АТЛАС КОНКОРД (Италия) от прямого поставщика КЕРАМОТЕКА. Низкие цены, скидки. Оптовые и розничные продажи. Материал в наличии.",ATLAS CONCORDE / АТЛАС КОНКОРД (Италия) Керамическая плитка и керамогранит от прямого поставщика - компании КЕРАМОТЕКА,Италия,DOLMEN,"atlas concorde dolmen, атлас конкорд долмен, дольмен, керамогранит dolmen, купить, поставщик, скидки, цены",Каталог керамического гранита Atlas Concorde Dolmen / Атлас Конкорд Дольмен от прямого поставщика КЕРАМОТЕКА. Опт и розница. Скидки. Цены.,ATLAS CONCORDE DOLMEN / АТЛАС КОНКОРД ДОЛМЕН - проектный керамогранит для общественных пространств. КЕРАМОТЕКА.,Под заказ,$$$,https://www.keramoteka.ru/upload/uf/57e/keramoteka-atlas-concorde-dolmen.pdf,Статус NHS - ОТСУТСВУЕТ,Спецэлементы,Спецэлемент Porfido Grigio Cono,9X9 СМ,1NPG,./temp_files/img/ATLAS CONCORDE_DOLMEN_Спецэлемент Porfido Grigio Cono.jpg
ATLAS CONCORDE,./temp_files/logo/ATLAS CONCORDE.png,"atlas concorde, атлас конкорд, плитка atlas concorde, керамогранит atlas concorde, плитка, керамогранит, atlas concord, плитка конкорд, плитка atlas, поставщик, атлас конкорд италия, атлас конкорд сайт","Каталог керамической плитки и керамогранита ATLAS CONCORDE / АТЛАС КОНКОРД (Италия) от прямого поставщика КЕРАМОТЕКА. Низкие цены, скидки. Оптовые и розничные продажи. Материал в наличии.",ATLAS CONCORDE / АТЛАС КОНКОРД (Италия) Керамическая плитка и керамогранит от прямого поставщика - компании КЕРАМОТЕКА,Италия,DOLMEN,"atlas concorde dolmen, атлас конкорд долмен, дольмен, керамогранит dolmen, купить, поставщик, скидки, цены",Каталог керамического гранита Atlas Concorde Dolmen / Атлас Конкорд Дольмен от прямого поставщика КЕРАМОТЕКА. Опт и розница. Скидки. Цены.,ATLAS CONCORDE DOLMEN / АТЛАС КОНКОРД ДОЛМЕН - проектный керамогранит для общественных пространств. КЕРАМОТЕКА.,Под заказ,$$$,https://www.keramoteka.ru/upload/uf/57e/keramoteka-atlas-concorde-dolmen.pdf,Статус NHS - ОТСУТСВУЕТ,Спецэлементы,Спецэлемент Porfido Bianco Cono,9X9 СМ,1NPI,./temp_files/img/ATLAS CONCORDE_DOLMEN_Спецэлемент Porfido Bianco Cono.jpg
ATLAS CONCORDE,./temp_files/logo/ATLAS CONCORDE.png,"atlas concorde, атлас конкорд, плитка atlas concorde, керамогранит atlas concorde, плитка, керамогранит, atlas concord, плитка конкорд, плитка atlas, поставщик, атлас конкорд италия, атлас конкорд сайт","Каталог керамической плитки и керамогранита ATLAS CONCORDE / АТЛАС КОНКОРД (Италия) от прямого поставщика КЕРАМОТЕКА. Низкие цены, скидки. Оптовые и розничные продажи. Материал в наличии.",ATLAS CONCORDE / АТЛАС КОНКОРД (Италия) Керамическая плитка и керамогранит от прямого поставщика - компании КЕРАМОТЕКА,Италия,DOLMEN,"atlas concorde dolmen, атлас конкорд долмен, дольмен, керамогранит dolmen, купить, поставщик, скидки, цены",Каталог керамического гранита Atlas Concorde Dolmen / Атлас Конкорд Дольмен от прямого поставщика КЕРАМОТЕКА. Опт и розница. Скидки. Цены.,ATLAS CONCORDE DOLMEN / АТЛАС КОНКОРД ДОЛМЕН - проектный керамогранит для общественных пространств. КЕРАМОТЕКА.,Под заказ,$$$,https://www.keramoteka.ru/upload/uf/57e/keramoteka-atlas-concorde-dolmen.pdf,Статус NHS - ОТСУТСВУЕТ,Спецэлементы,Спецэлемент Porfido Rosso Cono,9X9 СМ,1NPR,./temp_files/img/ATLAS CONCORDE_DOLMEN_Спецэлемент Porfido Rosso Cono.jpg
ATLAS CONCORDE,./temp_files/logo/ATLAS CONCORDE.png,"atlas concorde, атлас конкорд, плитка atlas concorde, керамогранит atlas concorde, плитка, керамогранит, atlas concord, плитка конкорд, плитка atlas, поставщик, атлас конкорд италия, атлас конкорд сайт","Каталог керамической плитки и керамогранита ATLAS CONCORDE / АТЛАС КОНКОРД (Италия) от прямого поставщика КЕРАМОТЕКА. Низкие цены, скидки. Оптовые и розничные продажи. Материал в наличии.",ATLAS CONCORDE / АТЛАС КОНКОРД (Италия) Керамическая плитка и керамогранит от прямого поставщика - компании КЕРАМОТЕКА,Италия,DOLMEN,"atlas concorde dolmen, атлас конкорд долмен, дольмен, керамогранит dolmen, купить, поставщик, скидки, цены",Каталог керамического гранита Atlas Concorde Dolmen / Атлас Конкорд Дольмен от прямого поставщика КЕРАМОТЕКА. Опт и розница. Скидки. Цены.,ATLAS CONCORDE DOLMEN / АТЛАС КОНКОРД ДОЛМЕН - проектный керамогранит для общественных пространств. КЕРАМОТЕКА.,Под заказ,$$$,https://www.keramoteka.ru/upload/uf/57e/keramoteka-atlas-concorde-dolmen.pdf,Статус NHS - ОТСУТСВУЕТ,Спецэлементы,Спецэлемент Porfido Rosa Cono,9X9 СМ,1NPO,./temp_files/img/ATLAS CONCORDE_DOLMEN_Спецэлемент Porfido Rosa Cono.jpg
ATLAS CONCORDE,./temp_files/logo/ATLAS CONCORDE.png,"atlas concorde, атлас конкорд, плитка atlas concorde, керамогранит atlas concorde, плитка, керамогранит, atlas concord, плитка конкорд, плитка atlas, поставщик, атлас конкорд италия, атлас конкорд сайт","Каталог керамической плитки и керамогранита ATLAS CONCORDE / АТЛАС КОНКОРД (Италия) от прямого поставщика КЕРАМОТЕКА. Низкие цены, скидки. Оптовые и розничные продажи. Материал в наличии.",ATLAS CONCORDE / АТЛАС КОНКОРД (Италия) Керамическая плитка и керамогранит от прямого поставщика - компании КЕРАМОТЕКА,Италия,DOLMEN,"atlas concorde dolmen, атлас конкорд долмен, дольмен, керамогранит dolmen, купить, поставщик, скидки, цены",Каталог керамического гранита Atlas Concorde Dolmen / Атлас Конкорд Дольмен от прямого поставщика КЕРАМОТЕКА. Опт и розница. Скидки. Цены.,ATLAS CONCORDE DOLMEN / АТЛАС КОНКОРД ДОЛМЕН - проектный керамогранит для общественных пространств. КЕРАМОТЕКА.,Под заказ,$$$,https://www.keramoteka.ru/upload/uf/57e/keramoteka-atlas-concorde-dolmen.pdf,Статус NHS - ОТСУТСВУЕТ,Спецэлементы,Спецэлемент Porfido Beige Tozzetto,5X5 СМ,1TGB,./temp_files/img/ATLAS CONCORDE_DOLMEN_Спецэлемент Porfido Beige Tozzetto.jpg
ATLAS CONCORDE,./temp_files/logo/ATLAS CONCORDE.png,"atlas concorde, атлас конкорд, плитка atlas concorde, керамогранит atlas concorde, плитка, керамогранит, atlas concord, плитка конкорд, плитка atlas, поставщик, атлас конкорд италия, атлас конкорд сайт","Каталог керамической плитки и керамогранита ATLAS CONCORDE / АТЛАС КОНКОРД (Италия) от прямого поставщика КЕРАМОТЕКА. Низкие цены, скидки. Оптовые и розничные продажи. Материал в наличии.",ATLAS CONCORDE / АТЛАС КОНКОРД (Италия) Керамическая плитка и керамогранит от прямого поставщика - компании КЕРАМОТЕКА,Италия,DOLMEN,"atlas concorde dolmen, атлас конкорд долмен, дольмен, керамогранит dolmen, купить, поставщик, скидки, цены",Каталог керамического гранита Atlas Concorde Dolmen / Атлас Конкорд Дольмен от прямого поставщика КЕРАМОТЕКА. Опт и розница. Скидки. Цены.,ATLAS CONCORDE DOLMEN / АТЛАС КОНКОРД ДОЛМЕН - проектный керамогранит для общественных пространств. КЕРАМОТЕКА.,Под заказ,$$$,https://www.keramoteka.ru/upload/uf/57e/keramoteka-atlas-concorde-dolmen.pdf,Статус NHS - ОТСУТСВУЕТ,Спецэлементы,Спецэлемент Porfido Grigio Tozzetto,5X5 СМ,1TPG,./temp_files/img/ATLAS CONCORDE_DOLMEN_Спецэлемент Porfido Grigio Tozzetto.jpg
ATLAS CONCORDE,./temp_files/logo/ATLAS CONCORDE.png,"atlas concorde, атлас конкорд, плитка atlas concorde, керамогранит atlas concorde, плитка, керамогранит, atlas concord, плитка конкорд, плитка atlas, поставщик, атлас конкорд италия, атлас конкорд сайт","Каталог керамической плитки и керамогранита ATLAS CONCORDE / АТЛАС КОНКОРД (Италия) от прямого поставщика КЕРАМОТЕКА. Низкие цены, скидки. Оптовые и розничные продажи. Материал в наличии.",ATLAS CONCORDE / АТЛАС КОНКОРД (Италия) Керамическая плитка и керамогранит от прямого поставщика - компании КЕРАМОТЕКА,Италия,DOLMEN,"atlas concorde dolmen, атлас конкорд долмен, дольмен, керамогранит dolmen, купить, поставщик, скидки, цены",Каталог керамического гранита Atlas Concorde Dolmen / Атлас Конкорд Дольмен от прямого поставщика КЕРАМОТЕКА. Опт и розница. Скидки. Цены.,ATLAS CONCORDE DOLMEN / АТЛАС КОНКОРД ДОЛМЕН - проектный керамогранит для общественных пространств. КЕРАМОТЕКА.,Под заказ,$$$,https://www.keramoteka.ru/upload/uf/57e/keramoteka-atlas-concorde-dolmen.pdf,Статус NHS - ОТСУТСВУЕТ,Спецэлементы,Спецэлемент Porfido Bianco Tozzetto,5X5 СМ,1TGI,./temp_files/img/ATLAS CONCORDE_DOLMEN_Спецэлемент Porfido Bianco Tozzetto.jpg
ATLAS CONCORDE,./temp_files/logo/ATLAS CONCORDE.png,"atlas concorde, атлас конкорд, плитка atlas concorde, керамогранит atlas concorde, плитка, керамогранит, atlas concord, плитка конкорд, плитка atlas, поставщик, атлас конкорд италия, атлас конкорд сайт","Каталог керамической плитки и керамогранита ATLAS CONCORDE / АТЛАС КОНКОРД (Италия) от прямого поставщика КЕРАМОТЕКА. Низкие цены, скидки. Оптовые и розничные продажи. Материал в наличии.",ATLAS CONCORDE / АТЛАС КОНКОРД (Италия) Керамическая плитка и керамогранит от прямого поставщика - компании КЕРАМОТЕКА,Италия,DOLMEN,"atlas concorde dolmen, атлас конкорд долмен, дольмен, керамогранит dolmen, купить, поставщик, скидки, цены",Каталог керамического гранита Atlas Concorde Dolmen / Атлас Конкорд Дольмен от прямого поставщика КЕРАМОТЕКА. Опт и розница. Скидки. Цены.,ATLAS CONCORDE DOLMEN / АТЛАС КОНКОРД ДОЛМЕН - проектный керамогранит для общественных пространств. КЕРАМОТЕКА.,Под заказ,$$$,https://www.keramoteka.ru/upload/uf/57e/keramoteka-atlas-concorde-dolmen.pdf,Статус NHS - ОТСУТСВУЕТ,Спецэлементы,Спецэлемент Porfido Rosso Tozzetto,5X5 СМ,1TGR,./temp_files/img/ATLAS CONCORDE_DOLMEN_Спецэлемент Porfido Rosso Tozzetto.jpg
ATLAS CONCORDE,./temp_files/logo/ATLAS CONCORDE.png,"atlas concorde, атлас конкорд, плитка atlas concorde, керамогранит atlas concorde, плитка, керамогранит, atlas concord, плитка конкорд, плитка atlas, поставщик, атлас конкорд италия, атлас конкорд сайт","Каталог керамической плитки и керамогранита ATLAS CONCORDE / АТЛАС КОНКОРД (Италия) от прямого поставщика КЕРАМОТЕКА. Низкие цены, скидки. Оптовые и розничные продажи. Материал в наличии.",ATLAS CONCORDE / АТЛАС КОНКОРД (Италия) Керамическая плитка и керамогранит от прямого поставщика - компании КЕРАМОТЕКА,Италия,DOLMEN,"atlas concorde dolmen, атлас конкорд долмен, дольмен, керамогранит dolmen, купить, поставщик, скидки, цены",Каталог керамического гранита Atlas Concorde Dolmen / Атлас Конкорд Дольмен от прямого поставщика КЕРАМОТЕКА. Опт и розница. Скидки. Цены.,ATLAS CONCORDE DOLMEN / АТЛАС КОНКОРД ДОЛМЕН - проектный керамогранит для общественных пространств. КЕРАМОТЕКА.,Под заказ,$$$,https://www.keramoteka.ru/upload/uf/57e/keramoteka-atlas-concorde-dolmen.pdf,Статус NHS - ОТСУТСВУЕТ,Спецэлементы,Спецэлемент Porfido Rosa Tozzetto,5X5 СМ,1TGO,./temp_files/img/ATLAS CONCORDE_DOLMEN_Спецэлемент Porfido Rosa Tozzetto.jpg
