ATLAS CONCORDE,./temp_files/logo/ATLAS CONCORDE.png,"atlas concorde, атлас конкорд, плитка atlas concorde, керамогранит atlas concorde, плитка, керамогранит, atlas concord, плитка конкорд, плитка atlas, поставщик, атлас конкорд италия, атлас конкорд сайт","Каталог керамической плитки и керамогранита ATLAS CONCORDE / АТЛАС КОНКОРД (Италия) от прямого поставщика КЕРАМОТЕКА. Низкие цены, скидки. Оптовые и розничные продажи. Материал в наличии.",ATLAS CONCORDE / АТЛАС КОНКОРД (Италия) Керамическая плитка и керамогранит от прямого поставщика - компании КЕРАМОТЕКА,Италия,MILESTONE,"atlas concorde milestone, атлас конкорд майлстоун, керамогранит milestone, купить, поставщик, скидки, цены",Каталог керамического гранита ATLAS CONCORDE MILESTONE от прямого поставщика КЕРАМОТЕКА. Опт и розница. Скидки. Цены.,ATLAS CONCORDE MILESTONE / АТЛАС КОНКОРД МАЙЛСТОУН - проектный керамогранит для общественных пространств. КЕРАМОТЕКА.,Под заказ,$$$,https://www.keramoteka.ru/upload/uf/d85/keramoteka-atlas-concorde-milestone.pdf,СНЯТО С ПРОИЗВОДСТВА,Керамогранит,Cliff,60X60 СМ,7X14,./temp_files/img/ATLAS CONCORDE_MILESTONE_Cliff.jpg
ATLAS CONCORDE,./temp_files/logo/ATLAS CONCORDE.png,"atlas concorde, атлас конкорд, плитка atlas concorde, керамогранит atlas concorde, плитка, керамогранит, atlas concord, плитка конкорд, плитка atlas, поставщик, атлас конкорд италия, атлас конкорд сайт","Каталог керамической плитки и керамогранита ATLAS CONCORDE / АТЛАС КОНКОРД (Италия) от прямого поставщика КЕРАМОТЕКА. Низкие цены, скидки. Оптовые и розничные продажи. Материал в наличии.",ATLAS CONCORDE / АТЛАС КОНКОРД (Италия) Керамическая плитка и керамогранит от прямого поставщика - компании КЕРАМОТЕКА,Италия,MILESTONE,"atlas concorde milestone, атлас конкорд майлстоун, керамогранит milestone, купить, поставщик, скидки, цены",Каталог керамического гранита ATLAS CONCORDE MILESTONE от прямого поставщика КЕРАМОТЕКА. Опт и розница. Скидки. Цены.,ATLAS CONCORDE MILESTONE / АТЛАС КОНКОРД МАЙЛСТОУН - проектный керамогранит для общественных пространств. КЕРАМОТЕКА.,Под заказ,$$$,https://www.keramoteka.ru/upload/uf/d85/keramoteka-atlas-concorde-milestone.pdf,СНЯТО С ПРОИЗВОДСТВА,Керамогранит,Canyon Lappato Полуполированный,60X60 СМ,7XL3,./temp_files/img/ATLAS CONCORDE_MILESTONE_Canyon Lappato Полуполированный.jpg
ATLAS CONCORDE,./temp_files/logo/ATLAS CONCORDE.png,"atlas concorde, атлас конкорд, плитка atlas concorde, керамогранит atlas concorde, плитка, керамогранит, atlas concord, плитка конкорд, плитка atlas, поставщик, атлас конкорд италия, атлас конкорд сайт","Каталог керамической плитки и керамогранита ATLAS CONCORDE / АТЛАС КОНКОРД (Италия) от прямого поставщика КЕРАМОТЕКА. Низкие цены, скидки. Оптовые и розничные продажи. Материал в наличии.",ATLAS CONCORDE / АТЛАС КОНКОРД (Италия) Керамическая плитка и керамогранит от прямого поставщика - компании КЕРАМОТЕКА,Италия,MILESTONE,"atlas concorde milestone, атлас конкорд майлстоун, керамогранит milestone, купить, поставщик, скидки, цены",Каталог керамического гранита ATLAS CONCORDE MILESTONE от прямого поставщика КЕРАМОТЕКА. Опт и розница. Скидки. Цены.,ATLAS CONCORDE MILESTONE / АТЛАС КОНКОРД МАЙЛСТОУН - проектный керамогранит для общественных пространств. КЕРАМОТЕКА.,Под заказ,$$$,https://www.keramoteka.ru/upload/uf/d85/keramoteka-atlas-concorde-milestone.pdf,СНЯТО С ПРОИЗВОДСТВА,Керамогранит,Alaska Lappato Полуполированный,60X60 СМ,7XL1,./temp_files/img/ATLAS CONCORDE_MILESTONE_Alaska Lappato Полуполированный.jpg
ATLAS CONCORDE,./temp_files/logo/ATLAS CONCORDE.png,"atlas concorde, атлас конкорд, плитка atlas concorde, керамогранит atlas concorde, плитка, керамогранит, atlas concord, плитка конкорд, плитка atlas, поставщик, атлас конкорд италия, атлас конкорд сайт","Каталог керамической плитки и керамогранита ATLAS CONCORDE / АТЛАС КОНКОРД (Италия) от прямого поставщика КЕРАМОТЕКА. Низкие цены, скидки. Оптовые и розничные продажи. Материал в наличии.",ATLAS CONCORDE / АТЛАС КОНКОРД (Италия) Керамическая плитка и керамогранит от прямого поставщика - компании КЕРАМОТЕКА,Италия,MILESTONE,"atlas concorde milestone, атлас конкорд майлстоун, керамогранит milestone, купить, поставщик, скидки, цены",Каталог керамического гранита ATLAS CONCORDE MILESTONE от прямого поставщика КЕРАМОТЕКА. Опт и розница. Скидки. Цены.,ATLAS CONCORDE MILESTONE / АТЛАС КОНКОРД МАЙЛСТОУН - проектный керамогранит для общественных пространств. КЕРАМОТЕКА.,Под заказ,$$$,https://www.keramoteka.ru/upload/uf/d85/keramoteka-atlas-concorde-milestone.pdf,СНЯТО С ПРОИЗВОДСТВА,Керамогранит,Cliff Lappato Полуполированный,60X60 СМ,7XL4,./temp_files/img/ATLAS CONCORDE_MILESTONE_Cliff Lappato Полуполированный.jpg
ATLAS CONCORDE,./temp_files/logo/ATLAS CONCORDE.png,"atlas concorde, атлас конкорд, плитка atlas concorde, керамогранит atlas concorde, плитка, керамогранит, atlas concord, плитка конкорд, плитка atlas, поставщик, атлас конкорд италия, атлас конкорд сайт","Каталог керамической плитки и керамогранита ATLAS CONCORDE / АТЛАС КОНКОРД (Италия) от прямого поставщика КЕРАМОТЕКА. Низкие цены, скидки. Оптовые и розничные продажи. Материал в наличии.",ATLAS CONCORDE / АТЛАС КОНКОРД (Италия) Керамическая плитка и керамогранит от прямого поставщика - компании КЕРАМОТЕКА,Италия,MILESTONE,"atlas concorde milestone, атлас конкорд майлстоун, керамогранит milestone, купить, поставщик, скидки, цены",Каталог керамического гранита ATLAS CONCORDE MILESTONE от прямого поставщика КЕРАМОТЕКА. Опт и розница. Скидки. Цены.,ATLAS CONCORDE MILESTONE / АТЛАС КОНКОРД МАЙЛСТОУН - проектный керамогранит для общественных пространств. КЕРАМОТЕКА.,Под заказ,$$$,https://www.keramoteka.ru/upload/uf/d85/keramoteka-atlas-concorde-milestone.pdf,СНЯТО С ПРОИЗВОДСТВА,Керамогранит,Canyon,45X45 СМ,5X13,./temp_files/img/ATLAS CONCORDE_MILESTONE_Canyon.jpg
ATLAS CONCORDE,./temp_files/logo/ATLAS CONCORDE.png,"atlas concorde, атлас конкорд, плитка atlas concorde, керамогранит atlas concorde, плитка, керамогранит, atlas concord, плитка конкорд, плитка atlas, поставщик, атлас конкорд италия, атлас конкорд сайт","Каталог керамической плитки и керамогранита ATLAS CONCORDE / АТЛАС КОНКОРД (Италия) от прямого поставщика КЕРАМОТЕКА. Низкие цены, скидки. Оптовые и розничные продажи. Материал в наличии.",ATLAS CONCORDE / АТЛАС КОНКОРД (Италия) Керамическая плитка и керамогранит от прямого поставщика - компании КЕРАМОТЕКА,Италия,MILESTONE,"atlas concorde milestone, атлас конкорд майлстоун, керамогранит milestone, купить, поставщик, скидки, цены",Каталог керамического гранита ATLAS CONCORDE MILESTONE от прямого поставщика КЕРАМОТЕКА. Опт и розница. Скидки. Цены.,ATLAS CONCORDE MILESTONE / АТЛАС КОНКОРД МАЙЛСТОУН - проектный керамогранит для общественных пространств. КЕРАМОТЕКА.,Под заказ,$$$,https://www.keramoteka.ru/upload/uf/d85/keramoteka-atlas-concorde-milestone.pdf,СНЯТО С ПРОИЗВОДСТВА,Керамогранит,Desert,30X60 СМ,5X12,./temp_files/img/ATLAS CONCORDE_MILESTONE_Desert.jpg
ATLAS CONCORDE,./temp_files/logo/ATLAS CONCORDE.png,"atlas concorde, атлас конкорд, плитка atlas concorde, керамогранит atlas concorde, плитка, керамогранит, atlas concord, плитка конкорд, плитка atlas, поставщик, атлас конкорд италия, атлас конкорд сайт","Каталог керамической плитки и керамогранита ATLAS CONCORDE / АТЛАС КОНКОРД (Италия) от прямого поставщика КЕРАМОТЕКА. Низкие цены, скидки. Оптовые и розничные продажи. Материал в наличии.",ATLAS CONCORDE / АТЛАС КОНКОРД (Италия) Керамическая плитка и керамогранит от прямого поставщика - компании КЕРАМОТЕКА,Италия,MILESTONE,"atlas concorde milestone, атлас конкорд майлстоун, керамогранит milestone, купить, поставщик, скидки, цены",Каталог керамического гранита ATLAS CONCORDE MILESTONE от прямого поставщика КЕРАМОТЕКА. Опт и розница. Скидки. Цены.,ATLAS CONCORDE MILESTONE / АТЛАС КОНКОРД МАЙЛСТОУН - проектный керамогранит для общественных пространств. КЕРАМОТЕКА.,Под заказ,$$$,https://www.keramoteka.ru/upload/uf/d85/keramoteka-atlas-concorde-milestone.pdf,СНЯТО С ПРОИЗВОДСТВА,Керамогранит,Canyon,30X60 СМ,5X13,./temp_files/img/ATLAS CONCORDE_MILESTONE_Canyon.jpg
ATLAS CONCORDE,./temp_files/logo/ATLAS CONCORDE.png,"atlas concorde, атлас конкорд, плитка atlas concorde, керамогранит atlas concorde, плитка, керамогранит, atlas concord, плитка конкорд, плитка atlas, поставщик, атлас конкорд италия, атлас конкорд сайт","Каталог керамической плитки и керамогранита ATLAS CONCORDE / АТЛАС КОНКОРД (Италия) от прямого поставщика КЕРАМОТЕКА. Низкие цены, скидки. Оптовые и розничные продажи. Материал в наличии.",ATLAS CONCORDE / АТЛАС КОНКОРД (Италия) Керамическая плитка и керамогранит от прямого поставщика - компании КЕРАМОТЕКА,Италия,MILESTONE,"atlas concorde milestone, атлас конкорд майлстоун, керамогранит milestone, купить, поставщик, скидки, цены",Каталог керамического гранита ATLAS CONCORDE MILESTONE от прямого поставщика КЕРАМОТЕКА. Опт и розница. Скидки. Цены.,ATLAS CONCORDE MILESTONE / АТЛАС КОНКОРД МАЙЛСТОУН - проектный керамогранит для общественных пространств. КЕРАМОТЕКА.,Под заказ,$$$,https://www.keramoteka.ru/upload/uf/d85/keramoteka-atlas-concorde-milestone.pdf,СНЯТО С ПРОИЗВОДСТВА,Керамогранит,Alaska,30X60 СМ,5X11,./temp_files/img/ATLAS CONCORDE_MILESTONE_Alaska.jpg
ATLAS CONCORDE,./temp_files/logo/ATLAS CONCORDE.png,"atlas concorde, атлас конкорд, плитка atlas concorde, керамогранит atlas concorde, плитка, керамогранит, atlas concord, плитка конкорд, плитка atlas, поставщик, атлас конкорд италия, атлас конкорд сайт","Каталог керамической плитки и керамогранита ATLAS CONCORDE / АТЛАС КОНКОРД (Италия) от прямого поставщика КЕРАМОТЕКА. Низкие цены, скидки. Оптовые и розничные продажи. Материал в наличии.",ATLAS CONCORDE / АТЛАС КОНКОРД (Италия) Керамическая плитка и керамогранит от прямого поставщика - компании КЕРАМОТЕКА,Италия,MILESTONE,"atlas concorde milestone, атлас конкорд майлстоун, керамогранит milestone, купить, поставщик, скидки, цены",Каталог керамического гранита ATLAS CONCORDE MILESTONE от прямого поставщика КЕРАМОТЕКА. Опт и розница. Скидки. Цены.,ATLAS CONCORDE MILESTONE / АТЛАС КОНКОРД МАЙЛСТОУН - проектный керамогранит для общественных пространств. КЕРАМОТЕКА.,Под заказ,$$$,https://www.keramoteka.ru/upload/uf/d85/keramoteka-atlas-concorde-milestone.pdf,СНЯТО С ПРОИЗВОДСТВА,Керамогранит,Cliff,30X60 СМ,5X14,./temp_files/img/ATLAS CONCORDE_MILESTONE_Cliff.jpg
ATLAS CONCORDE,./temp_files/logo/ATLAS CONCORDE.png,"atlas concorde, атлас конкорд, плитка atlas concorde, керамогранит atlas concorde, плитка, керамогранит, atlas concord, плитка конкорд, плитка atlas, поставщик, атлас конкорд италия, атлас конкорд сайт","Каталог керамической плитки и керамогранита ATLAS CONCORDE / АТЛАС КОНКОРД (Италия) от прямого поставщика КЕРАМОТЕКА. Низкие цены, скидки. Оптовые и розничные продажи. Материал в наличии.",ATLAS CONCORDE / АТЛАС КОНКОРД (Италия) Керамическая плитка и керамогранит от прямого поставщика - компании КЕРАМОТЕКА,Италия,MILESTONE,"atlas concorde milestone, атлас конкорд майлстоун, керамогранит milestone, купить, поставщик, скидки, цены",Каталог керамического гранита ATLAS CONCORDE MILESTONE от прямого поставщика КЕРАМОТЕКА. Опт и розница. Скидки. Цены.,ATLAS CONCORDE MILESTONE / АТЛАС КОНКОРД МАЙЛСТОУН - проектный керамогранит для общественных пространств. КЕРАМОТЕКА.,Под заказ,$$$,https://www.keramoteka.ru/upload/uf/d85/keramoteka-atlas-concorde-milestone.pdf,СНЯТО С ПРОИЗВОДСТВА,Керамогранит,Desert Strutturato Структурированный,30X60 СМ,5XS2,./temp_files/img/ATLAS CONCORDE_MILESTONE_Desert Strutturato Структурированный.jpg
ATLAS CONCORDE,./temp_files/logo/ATLAS CONCORDE.png,"atlas concorde, атлас конкорд, плитка atlas concorde, керамогранит atlas concorde, плитка, керамогранит, atlas concord, плитка конкорд, плитка atlas, поставщик, атлас конкорд италия, атлас конкорд сайт","Каталог керамической плитки и керамогранита ATLAS CONCORDE / АТЛАС КОНКОРД (Италия) от прямого поставщика КЕРАМОТЕКА. Низкие цены, скидки. Оптовые и розничные продажи. Материал в наличии.",ATLAS CONCORDE / АТЛАС КОНКОРД (Италия) Керамическая плитка и керамогранит от прямого поставщика - компании КЕРАМОТЕКА,Италия,MILESTONE,"atlas concorde milestone, атлас конкорд майлстоун, керамогранит milestone, купить, поставщик, скидки, цены",Каталог керамического гранита ATLAS CONCORDE MILESTONE от прямого поставщика КЕРАМОТЕКА. Опт и розница. Скидки. Цены.,ATLAS CONCORDE MILESTONE / АТЛАС КОНКОРД МАЙЛСТОУН - проектный керамогранит для общественных пространств. КЕРАМОТЕКА.,Под заказ,$$$,https://www.keramoteka.ru/upload/uf/d85/keramoteka-atlas-concorde-milestone.pdf,СНЯТО С ПРОИЗВОДСТВА,Керамогранит,Canyon Strutturato Структурированный,30X60 СМ,5XS3,./temp_files/img/ATLAS CONCORDE_MILESTONE_Canyon Strutturato Структурированный.jpg
ATLAS CONCORDE,./temp_files/logo/ATLAS CONCORDE.png,"atlas concorde, атлас конкорд, плитка atlas concorde, керамогранит atlas concorde, плитка, керамогранит, atlas concord, плитка конкорд, плитка atlas, поставщик, атлас конкорд италия, атлас конкорд сайт","Каталог керамической плитки и керамогранита ATLAS CONCORDE / АТЛАС КОНКОРД (Италия) от прямого поставщика КЕРАМОТЕКА. Низкие цены, скидки. Оптовые и розничные продажи. Материал в наличии.",ATLAS CONCORDE / АТЛАС КОНКОРД (Италия) Керамическая плитка и керамогранит от прямого поставщика - компании КЕРАМОТЕКА,Италия,MILESTONE,"atlas concorde milestone, атлас конкорд майлстоун, керамогранит milestone, купить, поставщик, скидки, цены",Каталог керамического гранита ATLAS CONCORDE MILESTONE от прямого поставщика КЕРАМОТЕКА. Опт и розница. Скидки. Цены.,ATLAS CONCORDE MILESTONE / АТЛАС КОНКОРД МАЙЛСТОУН - проектный керамогранит для общественных пространств. КЕРАМОТЕКА.,Под заказ,$$$,https://www.keramoteka.ru/upload/uf/d85/keramoteka-atlas-concorde-milestone.pdf,СНЯТО С ПРОИЗВОДСТВА,Керамогранит,Alaska Strutturato Структурированный,30X60 СМ,5XS1,./temp_files/img/ATLAS CONCORDE_MILESTONE_Alaska Strutturato Структурированный.jpg
ATLAS CONCORDE,./temp_files/logo/ATLAS CONCORDE.png,"atlas concorde, атлас конкорд, плитка atlas concorde, керамогранит atlas concorde, плитка, керамогранит, atlas concord, плитка конкорд, плитка atlas, поставщик, атлас конкорд италия, атлас конкорд сайт","Каталог керамической плитки и керамогранита ATLAS CONCORDE / АТЛАС КОНКОРД (Италия) от прямого поставщика КЕРАМОТЕКА. Низкие цены, скидки. Оптовые и розничные продажи. Материал в наличии.",ATLAS CONCORDE / АТЛАС КОНКОРД (Италия) Керамическая плитка и керамогранит от прямого поставщика - компании КЕРАМОТЕКА,Италия,MILESTONE,"atlas concorde milestone, атлас конкорд майлстоун, керамогранит milestone, купить, поставщик, скидки, цены",Каталог керамического гранита ATLAS CONCORDE MILESTONE от прямого поставщика КЕРАМОТЕКА. Опт и розница. Скидки. Цены.,ATLAS CONCORDE MILESTONE / АТЛАС КОНКОРД МАЙЛСТОУН - проектный керамогранит для общественных пространств. КЕРАМОТЕКА.,Под заказ,$$$,https://www.keramoteka.ru/upload/uf/d85/keramoteka-atlas-concorde-milestone.pdf,СНЯТО С ПРОИЗВОДСТВА,Керамогранит,Cliff Strutturato Структурированный,30X60 СМ,5XS4,./temp_files/img/ATLAS CONCORDE_MILESTONE_Cliff Strutturato Структурированный.jpg
ATLAS CONCORDE,./temp_files/logo/ATLAS CONCORDE.png,"atlas concorde, атлас конкорд, плитка atlas concorde, керамогранит atlas concorde, плитка, керамогранит, atlas concord, плитка конкорд, плитка atlas, поставщик, атлас конкорд италия, атлас конкорд сайт","Каталог керамической плитки и керамогранита ATLAS CONCORDE / АТЛАС КОНКОРД (Италия) от прямого поставщика КЕРАМОТЕКА. Низкие цены, скидки. Оптовые и розничные продажи. Материал в наличии.",ATLAS CONCORDE / АТЛАС КОНКОРД (Италия) Керамическая плитка и керамогранит от прямого поставщика - компании КЕРАМОТЕКА,Италия,MILESTONE,"atlas concorde milestone, атлас конкорд майлстоун, керамогранит milestone, купить, поставщик, скидки, цены",Каталог керамического гранита ATLAS CONCORDE MILESTONE от прямого поставщика КЕРАМОТЕКА. Опт и розница. Скидки. Цены.,ATLAS CONCORDE MILESTONE / АТЛАС КОНКОРД МАЙЛСТОУН - проектный керамогранит для общественных пространств. КЕРАМОТЕКА.,Под заказ,$$$,https://www.keramoteka.ru/upload/uf/d85/keramoteka-atlas-concorde-milestone.pdf,СНЯТО С ПРОИЗВОДСТВА,Керамогранит,Desert Brick,30X60 СМ,5BX2,./temp_files/img/ATLAS CONCORDE_MILESTONE_Desert Brick.jpg
ATLAS CONCORDE,./temp_files/logo/ATLAS CONCORDE.png,"atlas concorde, атлас конкорд, плитка atlas concorde, керамогранит atlas concorde, плитка, керамогранит, atlas concord, плитка конкорд, плитка atlas, поставщик, атлас конкорд италия, атлас конкорд сайт","Каталог керамической плитки и керамогранита ATLAS CONCORDE / АТЛАС КОНКОРД (Италия) от прямого поставщика КЕРАМОТЕКА. Низкие цены, скидки. Оптовые и розничные продажи. Материал в наличии.",ATLAS CONCORDE / АТЛАС КОНКОРД (Италия) Керамическая плитка и керамогранит от прямого поставщика - компании КЕРАМОТЕКА,Италия,MILESTONE,"atlas concorde milestone, атлас конкорд майлстоун, керамогранит milestone, купить, поставщик, скидки, цены",Каталог керамического гранита ATLAS CONCORDE MILESTONE от прямого поставщика КЕРАМОТЕКА. Опт и розница. Скидки. Цены.,ATLAS CONCORDE MILESTONE / АТЛАС КОНКОРД МАЙЛСТОУН - проектный керамогранит для общественных пространств. КЕРАМОТЕКА.,Под заказ,$$$,https://www.keramoteka.ru/upload/uf/d85/keramoteka-atlas-concorde-milestone.pdf,СНЯТО С ПРОИЗВОДСТВА,Керамогранит,Canyon Brick,30X60 СМ,5BX3,./temp_files/img/ATLAS CONCORDE_MILESTONE_Canyon Brick.jpg
ATLAS CONCORDE,./temp_files/logo/ATLAS CONCORDE.png,"atlas concorde, атлас конкорд, плитка atlas concorde, керамогранит atlas concorde, плитка, керамогранит, atlas concord, плитка конкорд, плитка atlas, поставщик, атлас конкорд италия, атлас конкорд сайт","Каталог керамической плитки и керамогранита ATLAS CONCORDE / АТЛАС КОНКОРД (Италия) от прямого поставщика КЕРАМОТЕКА. Низкие цены, скидки. Оптовые и розничные продажи. Материал в наличии.",ATLAS CONCORDE / АТЛАС КОНКОРД (Италия) Керамическая плитка и керамогранит от прямого поставщика - компании КЕРАМОТЕКА,Италия,MILESTONE,"atlas concorde milestone, атлас конкорд майлстоун, керамогранит milestone, купить, поставщик, скидки, цены",Каталог керамического гранита ATLAS CONCORDE MILESTONE от прямого поставщика КЕРАМОТЕКА. Опт и розница. Скидки. Цены.,ATLAS CONCORDE MILESTONE / АТЛАС КОНКОРД МАЙЛСТОУН - проектный керамогранит для общественных пространств. КЕРАМОТЕКА.,Под заказ,$$$,https://www.keramoteka.ru/upload/uf/d85/keramoteka-atlas-concorde-milestone.pdf,СНЯТО С ПРОИЗВОДСТВА,Керамогранит,Alaska Brick,30X60 СМ,5BX1,./temp_files/img/ATLAS CONCORDE_MILESTONE_Alaska Brick.jpg
ATLAS CONCORDE,./temp_files/logo/ATLAS CONCORDE.png,"atlas concorde, атлас конкорд, плитка atlas concorde, керамогранит atlas concorde, плитка, керамогранит, atlas concord, плитка конкорд, плитка atlas, поставщик, атлас конкорд италия, атлас конкорд сайт","Каталог керамической плитки и керамогранита ATLAS CONCORDE / АТЛАС КОНКОРД (Италия) от прямого поставщика КЕРАМОТЕКА. Низкие цены, скидки. Оптовые и розничные продажи. Материал в наличии.",ATLAS CONCORDE / АТЛАС КОНКОРД (Италия) Керамическая плитка и керамогранит от прямого поставщика - компании КЕРАМОТЕКА,Италия,MILESTONE,"atlas concorde milestone, атлас конкорд майлстоун, керамогранит milestone, купить, поставщик, скидки, цены",Каталог керамического гранита ATLAS CONCORDE MILESTONE от прямого поставщика КЕРАМОТЕКА. Опт и розница. Скидки. Цены.,ATLAS CONCORDE MILESTONE / АТЛАС КОНКОРД МАЙЛСТОУН - проектный керамогранит для общественных пространств. КЕРАМОТЕКА.,Под заказ,$$$,https://www.keramoteka.ru/upload/uf/d85/keramoteka-atlas-concorde-milestone.pdf,СНЯТО С ПРОИЗВОДСТВА,Керамогранит,Desert Brick Strutturato Структурированный,30X60 СМ,5BX2,./temp_files/img/ATLAS CONCORDE_MILESTONE_Desert Brick Strutturato Структурированный.jpg
ATLAS CONCORDE,./temp_files/logo/ATLAS CONCORDE.png,"atlas concorde, атлас конкорд, плитка atlas concorde, керамогранит atlas concorde, плитка, керамогранит, atlas concord, плитка конкорд, плитка atlas, поставщик, атлас конкорд италия, атлас конкорд сайт","Каталог керамической плитки и керамогранита ATLAS CONCORDE / АТЛАС КОНКОРД (Италия) от прямого поставщика КЕРАМОТЕКА. Низкие цены, скидки. Оптовые и розничные продажи. Материал в наличии.",ATLAS CONCORDE / АТЛАС КОНКОРД (Италия) Керамическая плитка и керамогранит от прямого поставщика - компании КЕРАМОТЕКА,Италия,MILESTONE,"atlas concorde milestone, атлас конкорд майлстоун, керамогранит milestone, купить, поставщик, скидки, цены",Каталог керамического гранита ATLAS CONCORDE MILESTONE от прямого поставщика КЕРАМОТЕКА. Опт и розница. Скидки. Цены.,ATLAS CONCORDE MILESTONE / АТЛАС КОНКОРД МАЙЛСТОУН - проектный керамогранит для общественных пространств. КЕРАМОТЕКА.,Под заказ,$$$,https://www.keramoteka.ru/upload/uf/d85/keramoteka-atlas-concorde-milestone.pdf,СНЯТО С ПРОИЗВОДСТВА,Керамогранит,Canyon Brick Strutturato Структурированный,30X60 СМ,5BX3,./temp_files/img/ATLAS CONCORDE_MILESTONE_Canyon Brick Strutturato Структурированный.jpg
ATLAS CONCORDE,./temp_files/logo/ATLAS CONCORDE.png,"atlas concorde, атлас конкорд, плитка atlas concorde, керамогранит atlas concorde, плитка, керамогранит, atlas concord, плитка конкорд, плитка atlas, поставщик, атлас конкорд италия, атлас конкорд сайт","Каталог керамической плитки и керамогранита ATLAS CONCORDE / АТЛАС КОНКОРД (Италия) от прямого поставщика КЕРАМОТЕКА. Низкие цены, скидки. Оптовые и розничные продажи. Материал в наличии.",ATLAS CONCORDE / АТЛАС КОНКОРД (Италия) Керамическая плитка и керамогранит от прямого поставщика - компании КЕРАМОТЕКА,Италия,MILESTONE,"atlas concorde milestone, атлас конкорд майлстоун, керамогранит milestone, купить, поставщик, скидки, цены",Каталог керамического гранита ATLAS CONCORDE MILESTONE от прямого поставщика КЕРАМОТЕКА. Опт и розница. Скидки. Цены.,ATLAS CONCORDE MILESTONE / АТЛАС КОНКОРД МАЙЛСТОУН - проектный керамогранит для общественных пространств. КЕРАМОТЕКА.,Под заказ,$$$,https://www.keramoteka.ru/upload/uf/d85/keramoteka-atlas-concorde-milestone.pdf,СНЯТО С ПРОИЗВОДСТВА,Керамогранит,Alaska Brick Strutturato Структурированный,30X60 СМ,5BX1,./temp_files/img/ATLAS CONCORDE_MILESTONE_Alaska Brick Strutturato Структурированный.jpg
ATLAS CONCORDE,./temp_files/logo/ATLAS CONCORDE.png,"atlas concorde, атлас конкорд, плитка atlas concorde, керамогранит atlas concorde, плитка, керамогранит, atlas concord, плитка конкорд, плитка atlas, поставщик, атлас конкорд италия, атлас конкорд сайт","Каталог керамической плитки и керамогранита ATLAS CONCORDE / АТЛАС КОНКОРД (Италия) от прямого поставщика КЕРАМОТЕКА. Низкие цены, скидки. Оптовые и розничные продажи. Материал в наличии.",ATLAS CONCORDE / АТЛАС КОНКОРД (Италия) Керамическая плитка и керамогранит от прямого поставщика - компании КЕРАМОТЕКА,Италия,MILESTONE,"atlas concorde milestone, атлас конкорд майлстоун, керамогранит milestone, купить, поставщик, скидки, цены",Каталог керамического гранита ATLAS CONCORDE MILESTONE от прямого поставщика КЕРАМОТЕКА. Опт и розница. Скидки. Цены.,ATLAS CONCORDE MILESTONE / АТЛАС КОНКОРД МАЙЛСТОУН - проектный керамогранит для общественных пространств. КЕРАМОТЕКА.,Под заказ,$$$,https://www.keramoteka.ru/upload/uf/d85/keramoteka-atlas-concorde-milestone.pdf,СНЯТО С ПРОИЗВОДСТВА,Керамогранит,Cliff Brick Strutturato Структурированный,30X60 СМ,5BX4,./temp_files/img/ATLAS CONCORDE_MILESTONE_Cliff Brick Strutturato Структурированный.jpg
ATLAS CONCORDE,./temp_files/logo/ATLAS CONCORDE.png,"atlas concorde, атлас конкорд, плитка atlas concorde, керамогранит atlas concorde, плитка, керамогранит, atlas concord, плитка конкорд, плитка atlas, поставщик, атлас конкорд италия, атлас конкорд сайт","Каталог керамической плитки и керамогранита ATLAS CONCORDE / АТЛАС КОНКОРД (Италия) от прямого поставщика КЕРАМОТЕКА. Низкие цены, скидки. Оптовые и розничные продажи. Материал в наличии.",ATLAS CONCORDE / АТЛАС КОНКОРД (Италия) Керамическая плитка и керамогранит от прямого поставщика - компании КЕРАМОТЕКА,Италия,MILESTONE,"atlas concorde milestone, атлас конкорд майлстоун, керамогранит milestone, купить, поставщик, скидки, цены",Каталог керамического гранита ATLAS CONCORDE MILESTONE от прямого поставщика КЕРАМОТЕКА. Опт и розница. Скидки. Цены.,ATLAS CONCORDE MILESTONE / АТЛАС КОНКОРД МАЙЛСТОУН - проектный керамогранит для общественных пространств. КЕРАМОТЕКА.,Под заказ,$$$,https://www.keramoteka.ru/upload/uf/d85/keramoteka-atlas-concorde-milestone.pdf,СНЯТО С ПРОИЗВОДСТВА,Керамогранит,Desert,30X30 СМ,3X12,./temp_files/img/ATLAS CONCORDE_MILESTONE_Desert.jpg
ATLAS CONCORDE,./temp_files/logo/ATLAS CONCORDE.png,"atlas concorde, атлас конкорд, плитка atlas concorde, керамогранит atlas concorde, плитка, керамогранит, atlas concord, плитка конкорд, плитка atlas, поставщик, атлас конкорд италия, атлас конкорд сайт","Каталог керамической плитки и керамогранита ATLAS CONCORDE / АТЛАС КОНКОРД (Италия) от прямого поставщика КЕРАМОТЕКА. Низкие цены, скидки. Оптовые и розничные продажи. Материал в наличии.",ATLAS CONCORDE / АТЛАС КОНКОРД (Италия) Керамическая плитка и керамогранит от прямого поставщика - компании КЕРАМОТЕКА,Италия,MILESTONE,"atlas concorde milestone, атлас конкорд майлстоун, керамогранит milestone, купить, поставщик, скидки, цены",Каталог керамического гранита ATLAS CONCORDE MILESTONE от прямого поставщика КЕРАМОТЕКА. Опт и розница. Скидки. Цены.,ATLAS CONCORDE MILESTONE / АТЛАС КОНКОРД МАЙЛСТОУН - проектный керамогранит для общественных пространств. КЕРАМОТЕКА.,Под заказ,$$$,https://www.keramoteka.ru/upload/uf/d85/keramoteka-atlas-concorde-milestone.pdf,СНЯТО С ПРОИЗВОДСТВА,Мозаика /Керамогранит/,Canyon Mosaico,30X30 СМ,3MX1,./temp_files/img/ATLAS CONCORDE_MILESTONE_Canyon Mosaico.jpg
ATLAS CONCORDE,./temp_files/logo/ATLAS CONCORDE.png,"atlas concorde, атлас конкорд, плитка atlas concorde, керамогранит atlas concorde, плитка, керамогранит, atlas concord, плитка конкорд, плитка atlas, поставщик, атлас конкорд италия, атлас конкорд сайт","Каталог керамической плитки и керамогранита ATLAS CONCORDE / АТЛАС КОНКОРД (Италия) от прямого поставщика КЕРАМОТЕКА. Низкие цены, скидки. Оптовые и розничные продажи. Материал в наличии.",ATLAS CONCORDE / АТЛАС КОНКОРД (Италия) Керамическая плитка и керамогранит от прямого поставщика - компании КЕРАМОТЕКА,Италия,MILESTONE,"atlas concorde milestone, атлас конкорд майлстоун, керамогранит milestone, купить, поставщик, скидки, цены",Каталог керамического гранита ATLAS CONCORDE MILESTONE от прямого поставщика КЕРАМОТЕКА. Опт и розница. Скидки. Цены.,ATLAS CONCORDE MILESTONE / АТЛАС КОНКОРД МАЙЛСТОУН - проектный керамогранит для общественных пространств. КЕРАМОТЕКА.,Под заказ,$$$,https://www.keramoteka.ru/upload/uf/d85/keramoteka-atlas-concorde-milestone.pdf,СНЯТО С ПРОИЗВОДСТВА,Мозаика /Керамогранит/,Alaska Mosaico,30X30 СМ,3MX3,./temp_files/img/ATLAS CONCORDE_MILESTONE_Alaska Mosaico.jpg
ATLAS CONCORDE,./temp_files/logo/ATLAS CONCORDE.png,"atlas concorde, атлас конкорд, плитка atlas concorde, керамогранит atlas concorde, плитка, керамогранит, atlas concord, плитка конкорд, плитка atlas, поставщик, атлас конкорд италия, атлас конкорд сайт","Каталог керамической плитки и керамогранита ATLAS CONCORDE / АТЛАС КОНКОРД (Италия) от прямого поставщика КЕРАМОТЕКА. Низкие цены, скидки. Оптовые и розничные продажи. Материал в наличии.",ATLAS CONCORDE / АТЛАС КОНКОРД (Италия) Керамическая плитка и керамогранит от прямого поставщика - компании КЕРАМОТЕКА,Италия,MILESTONE,"atlas concorde milestone, атлас конкорд майлстоун, керамогранит milestone, купить, поставщик, скидки, цены",Каталог керамического гранита ATLAS CONCORDE MILESTONE от прямого поставщика КЕРАМОТЕКА. Опт и розница. Скидки. Цены.,ATLAS CONCORDE MILESTONE / АТЛАС КОНКОРД МАЙЛСТОУН - проектный керамогранит для общественных пространств. КЕРАМОТЕКА.,Под заказ,$$$,https://www.keramoteka.ru/upload/uf/d85/keramoteka-atlas-concorde-milestone.pdf,СНЯТО С ПРОИЗВОДСТВА,Мозаика /Керамогранит/,Cliff Mosaico,30X30 СМ,3MX4,./temp_files/img/ATLAS CONCORDE_MILESTONE_Cliff Mosaico.jpg
ATLAS CONCORDE,./temp_files/logo/ATLAS CONCORDE.png,"atlas concorde, атлас конкорд, плитка atlas concorde, керамогранит atlas concorde, плитка, керамогранит, atlas concord, плитка конкорд, плитка atlas, поставщик, атлас конкорд италия, атлас конкорд сайт","Каталог керамической плитки и керамогранита ATLAS CONCORDE / АТЛАС КОНКОРД (Италия) от прямого поставщика КЕРАМОТЕКА. Низкие цены, скидки. Оптовые и розничные продажи. Материал в наличии.",ATLAS CONCORDE / АТЛАС КОНКОРД (Италия) Керамическая плитка и керамогранит от прямого поставщика - компании КЕРАМОТЕКА,Италия,MILESTONE,"atlas concorde milestone, атлас конкорд майлстоун, керамогранит milestone, купить, поставщик, скидки, цены",Каталог керамического гранита ATLAS CONCORDE MILESTONE от прямого поставщика КЕРАМОТЕКА. Опт и розница. Скидки. Цены.,ATLAS CONCORDE MILESTONE / АТЛАС КОНКОРД МАЙЛСТОУН - проектный керамогранит для общественных пространств. КЕРАМОТЕКА.,Под заказ,$$$,https://www.keramoteka.ru/upload/uf/d85/keramoteka-atlas-concorde-milestone.pdf,СНЯТО С ПРОИЗВОДСТВА,Декоративные элементы /Керамогранит/,Бордюр Desert Fascia,15X30 СМ,3FX2,./temp_files/img/ATLAS CONCORDE_MILESTONE_Бордюр Desert Fascia.jpg
ATLAS CONCORDE,./temp_files/logo/ATLAS CONCORDE.png,"atlas concorde, атлас конкорд, плитка atlas concorde, керамогранит atlas concorde, плитка, керамогранит, atlas concord, плитка конкорд, плитка atlas, поставщик, атлас конкорд италия, атлас конкорд сайт","Каталог керамической плитки и керамогранита ATLAS CONCORDE / АТЛАС КОНКОРД (Италия) от прямого поставщика КЕРАМОТЕКА. Низкие цены, скидки. Оптовые и розничные продажи. Материал в наличии.",ATLAS CONCORDE / АТЛАС КОНКОРД (Италия) Керамическая плитка и керамогранит от прямого поставщика - компании КЕРАМОТЕКА,Италия,MILESTONE,"atlas concorde milestone, атлас конкорд майлстоун, керамогранит milestone, купить, поставщик, скидки, цены",Каталог керамического гранита ATLAS CONCORDE MILESTONE от прямого поставщика КЕРАМОТЕКА. Опт и розница. Скидки. Цены.,ATLAS CONCORDE MILESTONE / АТЛАС КОНКОРД МАЙЛСТОУН - проектный керамогранит для общественных пространств. КЕРАМОТЕКА.,Под заказ,$$$,https://www.keramoteka.ru/upload/uf/d85/keramoteka-atlas-concorde-milestone.pdf,СНЯТО С ПРОИЗВОДСТВА,Декоративные элементы /Керамогранит/,Бордюр Canyon Fascia,15X30 СМ,3FX3,./temp_files/img/ATLAS CONCORDE_MILESTONE_Бордюр Canyon Fascia.jpg
