EQUIPE,./temp_files/logo/EQUIPE.png,"equipe ceramicas, экипе керамикас, плитка equipe, плитка, напольная плитка equipe, поставщик, купить, цены, Caprice, Hexatile, Hexatile Cement, Octagon, Urban, Micro, Carrara, Caprice Deco, Kite, Hexawood, Country, Metro, InMetro Evolution, Brick, Harmony, Scale","Каталог классической керамической плитки и керамогранита EQUIPE CERAMICAS / ЭКИПЕ КЕРАМИКАС от прямого поставщика КЕРАМОТЕКА. Низкие цены, скидки. Оптовые и розничные продажи. Материал в наличии.",EQUIPE CERAMICAS / ЭКИПЕ КЕРАМИКАС Керамическая плитка и керамогранит (Испания) от прямого поставщика КЕРАМОТЕКА.,Испания,URBAN,"equipe urban, экипе урбан, бетон, цемент, керамогранит, патчворк, плитка, напольная плитка, скидки, купить, цены, испания","Каталог коллекции керамогранита Equipe Urban / Экипе Урбан (Испания) от компании КЕРАМОТЕКА. Низкие цены, скидки. Оптовые и розничные продажи. Материал в наличии.","Equipe Urban / Экипе Урбан - Керамический гранит, имитирующий бетон для жилых интерьеров и общественных пространств (Испания). КЕРАМОТЕКА",На складе,$$$,https://www.keramoteka.ru/upload/uf/bb3/keramoteka-equipe-urban.pdf,НОВИНКА,Керамогранит,Hexagon Light,"25,4Х29,2 СМ",23511,./temp_files/img/EQUIPE_URBAN_Hexagon Light.jpg
EQUIPE,./temp_files/logo/EQUIPE.png,"equipe ceramicas, экипе керамикас, плитка equipe, плитка, напольная плитка equipe, поставщик, купить, цены, Caprice, Hexatile, Hexatile Cement, Octagon, Urban, Micro, Carrara, Caprice Deco, Kite, Hexawood, Country, Metro, InMetro Evolution, Brick, Harmony, Scale","Каталог классической керамической плитки и керамогранита EQUIPE CERAMICAS / ЭКИПЕ КЕРАМИКАС от прямого поставщика КЕРАМОТЕКА. Низкие цены, скидки. Оптовые и розничные продажи. Материал в наличии.",EQUIPE CERAMICAS / ЭКИПЕ КЕРАМИКАС Керамическая плитка и керамогранит (Испания) от прямого поставщика КЕРАМОТЕКА.,Испания,URBAN,"equipe urban, экипе урбан, бетон, цемент, керамогранит, патчворк, плитка, напольная плитка, скидки, купить, цены, испания","Каталог коллекции керамогранита Equipe Urban / Экипе Урбан (Испания) от компании КЕРАМОТЕКА. Низкие цены, скидки. Оптовые и розничные продажи. Материал в наличии.","Equipe Urban / Экипе Урбан - Керамический гранит, имитирующий бетон для жилых интерьеров и общественных пространств (Испания). КЕРАМОТЕКА",На складе,$$$,https://www.keramoteka.ru/upload/uf/bb3/keramoteka-equipe-urban.pdf,НОВИНКА,Керамогранит,Hexagon Natural,"25,4Х29,2 СМ",23512,./temp_files/img/EQUIPE_URBAN_Hexagon Natural.jpg
EQUIPE,./temp_files/logo/EQUIPE.png,"equipe ceramicas, экипе керамикас, плитка equipe, плитка, напольная плитка equipe, поставщик, купить, цены, Caprice, Hexatile, Hexatile Cement, Octagon, Urban, Micro, Carrara, Caprice Deco, Kite, Hexawood, Country, Metro, InMetro Evolution, Brick, Harmony, Scale","Каталог классической керамической плитки и керамогранита EQUIPE CERAMICAS / ЭКИПЕ КЕРАМИКАС от прямого поставщика КЕРАМОТЕКА. Низкие цены, скидки. Оптовые и розничные продажи. Материал в наличии.",EQUIPE CERAMICAS / ЭКИПЕ КЕРАМИКАС Керамическая плитка и керамогранит (Испания) от прямого поставщика КЕРАМОТЕКА.,Испания,URBAN,"equipe urban, экипе урбан, бетон, цемент, керамогранит, патчворк, плитка, напольная плитка, скидки, купить, цены, испания","Каталог коллекции керамогранита Equipe Urban / Экипе Урбан (Испания) от компании КЕРАМОТЕКА. Низкие цены, скидки. Оптовые и розничные продажи. Материал в наличии.","Equipe Urban / Экипе Урбан - Керамический гранит, имитирующий бетон для жилых интерьеров и общественных пространств (Испания). КЕРАМОТЕКА",На складе,$$$,https://www.keramoteka.ru/upload/uf/bb3/keramoteka-equipe-urban.pdf,НОВИНКА,Керамогранит,Hexagon Nut,"25,4Х29,2 СМ",23513,./temp_files/img/EQUIPE_URBAN_Hexagon Nut.jpg
EQUIPE,./temp_files/logo/EQUIPE.png,"equipe ceramicas, экипе керамикас, плитка equipe, плитка, напольная плитка equipe, поставщик, купить, цены, Caprice, Hexatile, Hexatile Cement, Octagon, Urban, Micro, Carrara, Caprice Deco, Kite, Hexawood, Country, Metro, InMetro Evolution, Brick, Harmony, Scale","Каталог классической керамической плитки и керамогранита EQUIPE CERAMICAS / ЭКИПЕ КЕРАМИКАС от прямого поставщика КЕРАМОТЕКА. Низкие цены, скидки. Оптовые и розничные продажи. Материал в наличии.",EQUIPE CERAMICAS / ЭКИПЕ КЕРАМИКАС Керамическая плитка и керамогранит (Испания) от прямого поставщика КЕРАМОТЕКА.,Испания,URBAN,"equipe urban, экипе урбан, бетон, цемент, керамогранит, патчворк, плитка, напольная плитка, скидки, купить, цены, испания","Каталог коллекции керамогранита Equipe Urban / Экипе Урбан (Испания) от компании КЕРАМОТЕКА. Низкие цены, скидки. Оптовые и розничные продажи. Материал в наличии.","Equipe Urban / Экипе Урбан - Керамический гранит, имитирующий бетон для жилых интерьеров и общественных пространств (Испания). КЕРАМОТЕКА",На складе,$$$,https://www.keramoteka.ru/upload/uf/bb3/keramoteka-equipe-urban.pdf,НОВИНКА,Керамогранит,Hexagon Silver,"25,4Х29,2 СМ",23514,./temp_files/img/EQUIPE_URBAN_Hexagon Silver.jpg
EQUIPE,./temp_files/logo/EQUIPE.png,"equipe ceramicas, экипе керамикас, плитка equipe, плитка, напольная плитка equipe, поставщик, купить, цены, Caprice, Hexatile, Hexatile Cement, Octagon, Urban, Micro, Carrara, Caprice Deco, Kite, Hexawood, Country, Metro, InMetro Evolution, Brick, Harmony, Scale","Каталог классической керамической плитки и керамогранита EQUIPE CERAMICAS / ЭКИПЕ КЕРАМИКАС от прямого поставщика КЕРАМОТЕКА. Низкие цены, скидки. Оптовые и розничные продажи. Материал в наличии.",EQUIPE CERAMICAS / ЭКИПЕ КЕРАМИКАС Керамическая плитка и керамогранит (Испания) от прямого поставщика КЕРАМОТЕКА.,Испания,URBAN,"equipe urban, экипе урбан, бетон, цемент, керамогранит, патчворк, плитка, напольная плитка, скидки, купить, цены, испания","Каталог коллекции керамогранита Equipe Urban / Экипе Урбан (Испания) от компании КЕРАМОТЕКА. Низкие цены, скидки. Оптовые и розничные продажи. Материал в наличии.","Equipe Urban / Экипе Урбан - Керамический гранит, имитирующий бетон для жилых интерьеров и общественных пространств (Испания). КЕРАМОТЕКА",На складе,$$$,https://www.keramoteka.ru/upload/uf/bb3/keramoteka-equipe-urban.pdf,НОВИНКА,Керамогранит,Hexagon Dark,"25,4Х29,2 СМ",23515,./temp_files/img/EQUIPE_URBAN_Hexagon Dark.jpg
EQUIPE,./temp_files/logo/EQUIPE.png,"equipe ceramicas, экипе керамикас, плитка equipe, плитка, напольная плитка equipe, поставщик, купить, цены, Caprice, Hexatile, Hexatile Cement, Octagon, Urban, Micro, Carrara, Caprice Deco, Kite, Hexawood, Country, Metro, InMetro Evolution, Brick, Harmony, Scale","Каталог классической керамической плитки и керамогранита EQUIPE CERAMICAS / ЭКИПЕ КЕРАМИКАС от прямого поставщика КЕРАМОТЕКА. Низкие цены, скидки. Оптовые и розничные продажи. Материал в наличии.",EQUIPE CERAMICAS / ЭКИПЕ КЕРАМИКАС Керамическая плитка и керамогранит (Испания) от прямого поставщика КЕРАМОТЕКА.,Испания,URBAN,"equipe urban, экипе урбан, бетон, цемент, керамогранит, патчворк, плитка, напольная плитка, скидки, купить, цены, испания","Каталог коллекции керамогранита Equipe Urban / Экипе Урбан (Испания) от компании КЕРАМОТЕКА. Низкие цены, скидки. Оптовые и розничные продажи. Материал в наличии.","Equipe Urban / Экипе Урбан - Керамический гранит, имитирующий бетон для жилых интерьеров и общественных пространств (Испания). КЕРАМОТЕКА",На складе,$$$,https://www.keramoteka.ru/upload/uf/bb3/keramoteka-equipe-urban.pdf,НОВИНКА,Керамогранит,Hexagon Melange Light (12 вариантов паттерна),"25,4Х29,2 СМ",23516,./temp_files/img/EQUIPE_URBAN_Hexagon Melange Light (12 вариантов паттерна).jpg
EQUIPE,./temp_files/logo/EQUIPE.png,"equipe ceramicas, экипе керамикас, плитка equipe, плитка, напольная плитка equipe, поставщик, купить, цены, Caprice, Hexatile, Hexatile Cement, Octagon, Urban, Micro, Carrara, Caprice Deco, Kite, Hexawood, Country, Metro, InMetro Evolution, Brick, Harmony, Scale","Каталог классической керамической плитки и керамогранита EQUIPE CERAMICAS / ЭКИПЕ КЕРАМИКАС от прямого поставщика КЕРАМОТЕКА. Низкие цены, скидки. Оптовые и розничные продажи. Материал в наличии.",EQUIPE CERAMICAS / ЭКИПЕ КЕРАМИКАС Керамическая плитка и керамогранит (Испания) от прямого поставщика КЕРАМОТЕКА.,Испания,URBAN,"equipe urban, экипе урбан, бетон, цемент, керамогранит, патчворк, плитка, напольная плитка, скидки, купить, цены, испания","Каталог коллекции керамогранита Equipe Urban / Экипе Урбан (Испания) от компании КЕРАМОТЕКА. Низкие цены, скидки. Оптовые и розничные продажи. Материал в наличии.","Equipe Urban / Экипе Урбан - Керамический гранит, имитирующий бетон для жилых интерьеров и общественных пространств (Испания). КЕРАМОТЕКА",На складе,$$$,https://www.keramoteka.ru/upload/uf/bb3/keramoteka-equipe-urban.pdf,НОВИНКА,Керамогранит,Hexagon Melange Natural (12 вариантов паттерна),"25,4Х29,2 СМ",23601,./temp_files/img/EQUIPE_URBAN_Hexagon Melange Natural (12 вариантов паттерна).jpg
EQUIPE,./temp_files/logo/EQUIPE.png,"equipe ceramicas, экипе керамикас, плитка equipe, плитка, напольная плитка equipe, поставщик, купить, цены, Caprice, Hexatile, Hexatile Cement, Octagon, Urban, Micro, Carrara, Caprice Deco, Kite, Hexawood, Country, Metro, InMetro Evolution, Brick, Harmony, Scale","Каталог классической керамической плитки и керамогранита EQUIPE CERAMICAS / ЭКИПЕ КЕРАМИКАС от прямого поставщика КЕРАМОТЕКА. Низкие цены, скидки. Оптовые и розничные продажи. Материал в наличии.",EQUIPE CERAMICAS / ЭКИПЕ КЕРАМИКАС Керамическая плитка и керамогранит (Испания) от прямого поставщика КЕРАМОТЕКА.,Испания,URBAN,"equipe urban, экипе урбан, бетон, цемент, керамогранит, патчворк, плитка, напольная плитка, скидки, купить, цены, испания","Каталог коллекции керамогранита Equipe Urban / Экипе Урбан (Испания) от компании КЕРАМОТЕКА. Низкие цены, скидки. Оптовые и розничные продажи. Материал в наличии.","Equipe Urban / Экипе Урбан - Керамический гранит, имитирующий бетон для жилых интерьеров и общественных пространств (Испания). КЕРАМОТЕКА",На складе,$$$,https://www.keramoteka.ru/upload/uf/bb3/keramoteka-equipe-urban.pdf,НОВИНКА,Керамогранит,Hexagon Melange Nut (12 вариантов паттерна),"25,4Х29,2 СМ",23602,./temp_files/img/EQUIPE_URBAN_Hexagon Melange Nut (12 вариантов паттерна).jpg
EQUIPE,./temp_files/logo/EQUIPE.png,"equipe ceramicas, экипе керамикас, плитка equipe, плитка, напольная плитка equipe, поставщик, купить, цены, Caprice, Hexatile, Hexatile Cement, Octagon, Urban, Micro, Carrara, Caprice Deco, Kite, Hexawood, Country, Metro, InMetro Evolution, Brick, Harmony, Scale","Каталог классической керамической плитки и керамогранита EQUIPE CERAMICAS / ЭКИПЕ КЕРАМИКАС от прямого поставщика КЕРАМОТЕКА. Низкие цены, скидки. Оптовые и розничные продажи. Материал в наличии.",EQUIPE CERAMICAS / ЭКИПЕ КЕРАМИКАС Керамическая плитка и керамогранит (Испания) от прямого поставщика КЕРАМОТЕКА.,Испания,URBAN,"equipe urban, экипе урбан, бетон, цемент, керамогранит, патчворк, плитка, напольная плитка, скидки, купить, цены, испания","Каталог коллекции керамогранита Equipe Urban / Экипе Урбан (Испания) от компании КЕРАМОТЕКА. Низкие цены, скидки. Оптовые и розничные продажи. Материал в наличии.","Equipe Urban / Экипе Урбан - Керамический гранит, имитирующий бетон для жилых интерьеров и общественных пространств (Испания). КЕРАМОТЕКА",На складе,$$$,https://www.keramoteka.ru/upload/uf/bb3/keramoteka-equipe-urban.pdf,НОВИНКА,Керамогранит,Hexagon Melange Silver (12 вариантов паттерна),"25,4Х29,2 СМ",23603,./temp_files/img/EQUIPE_URBAN_Hexagon Melange Silver (12 вариантов паттерна).jpg
EQUIPE,./temp_files/logo/EQUIPE.png,"equipe ceramicas, экипе керамикас, плитка equipe, плитка, напольная плитка equipe, поставщик, купить, цены, Caprice, Hexatile, Hexatile Cement, Octagon, Urban, Micro, Carrara, Caprice Deco, Kite, Hexawood, Country, Metro, InMetro Evolution, Brick, Harmony, Scale","Каталог классической керамической плитки и керамогранита EQUIPE CERAMICAS / ЭКИПЕ КЕРАМИКАС от прямого поставщика КЕРАМОТЕКА. Низкие цены, скидки. Оптовые и розничные продажи. Материал в наличии.",EQUIPE CERAMICAS / ЭКИПЕ КЕРАМИКАС Керамическая плитка и керамогранит (Испания) от прямого поставщика КЕРАМОТЕКА.,Испания,URBAN,"equipe urban, экипе урбан, бетон, цемент, керамогранит, патчворк, плитка, напольная плитка, скидки, купить, цены, испания","Каталог коллекции керамогранита Equipe Urban / Экипе Урбан (Испания) от компании КЕРАМОТЕКА. Низкие цены, скидки. Оптовые и розничные продажи. Материал в наличии.","Equipe Urban / Экипе Урбан - Керамический гранит, имитирующий бетон для жилых интерьеров и общественных пространств (Испания). КЕРАМОТЕКА",На складе,$$$,https://www.keramoteka.ru/upload/uf/bb3/keramoteka-equipe-urban.pdf,НОВИНКА,Керамогранит,Hexagon Melange Dark (12 вариантов паттерна),"25,4Х29,2 СМ",23604,./temp_files/img/EQUIPE_URBAN_Hexagon Melange Dark (12 вариантов паттерна).jpg
EQUIPE,./temp_files/logo/EQUIPE.png,"equipe ceramicas, экипе керамикас, плитка equipe, плитка, напольная плитка equipe, поставщик, купить, цены, Caprice, Hexatile, Hexatile Cement, Octagon, Urban, Micro, Carrara, Caprice Deco, Kite, Hexawood, Country, Metro, InMetro Evolution, Brick, Harmony, Scale","Каталог классической керамической плитки и керамогранита EQUIPE CERAMICAS / ЭКИПЕ КЕРАМИКАС от прямого поставщика КЕРАМОТЕКА. Низкие цены, скидки. Оптовые и розничные продажи. Материал в наличии.",EQUIPE CERAMICAS / ЭКИПЕ КЕРАМИКАС Керамическая плитка и керамогранит (Испания) от прямого поставщика КЕРАМОТЕКА.,Испания,URBAN,"equipe urban, экипе урбан, бетон, цемент, керамогранит, патчворк, плитка, напольная плитка, скидки, купить, цены, испания","Каталог коллекции керамогранита Equipe Urban / Экипе Урбан (Испания) от компании КЕРАМОТЕКА. Низкие цены, скидки. Оптовые и розничные продажи. Материал в наличии.","Equipe Urban / Экипе Урбан - Керамический гранит, имитирующий бетон для жилых интерьеров и общественных пространств (Испания). КЕРАМОТЕКА",На складе,$$$,https://www.keramoteka.ru/upload/uf/bb3/keramoteka-equipe-urban.pdf,НОВИНКА,Керамогранит,Hexagon Forest Natural (9 вариантов паттерна),"25,4Х29,2 СМ",23618,./temp_files/img/EQUIPE_URBAN_Hexagon Forest Natural (9 вариантов паттерна).jpg
EQUIPE,./temp_files/logo/EQUIPE.png,"equipe ceramicas, экипе керамикас, плитка equipe, плитка, напольная плитка equipe, поставщик, купить, цены, Caprice, Hexatile, Hexatile Cement, Octagon, Urban, Micro, Carrara, Caprice Deco, Kite, Hexawood, Country, Metro, InMetro Evolution, Brick, Harmony, Scale","Каталог классической керамической плитки и керамогранита EQUIPE CERAMICAS / ЭКИПЕ КЕРАМИКАС от прямого поставщика КЕРАМОТЕКА. Низкие цены, скидки. Оптовые и розничные продажи. Материал в наличии.",EQUIPE CERAMICAS / ЭКИПЕ КЕРАМИКАС Керамическая плитка и керамогранит (Испания) от прямого поставщика КЕРАМОТЕКА.,Испания,URBAN,"equipe urban, экипе урбан, бетон, цемент, керамогранит, патчворк, плитка, напольная плитка, скидки, купить, цены, испания","Каталог коллекции керамогранита Equipe Urban / Экипе Урбан (Испания) от компании КЕРАМОТЕКА. Низкие цены, скидки. Оптовые и розничные продажи. Материал в наличии.","Equipe Urban / Экипе Урбан - Керамический гранит, имитирующий бетон для жилых интерьеров и общественных пространств (Испания). КЕРАМОТЕКА",На складе,$$$,https://www.keramoteka.ru/upload/uf/bb3/keramoteka-equipe-urban.pdf,НОВИНКА,Керамогранит,Hexagon Forest Silver (9 вариантов паттерна),"25,4Х29,2 СМ",23615,./temp_files/img/EQUIPE_URBAN_Hexagon Forest Silver (9 вариантов паттерна).jpg
EQUIPE,./temp_files/logo/EQUIPE.png,"equipe ceramicas, экипе керамикас, плитка equipe, плитка, напольная плитка equipe, поставщик, купить, цены, Caprice, Hexatile, Hexatile Cement, Octagon, Urban, Micro, Carrara, Caprice Deco, Kite, Hexawood, Country, Metro, InMetro Evolution, Brick, Harmony, Scale","Каталог классической керамической плитки и керамогранита EQUIPE CERAMICAS / ЭКИПЕ КЕРАМИКАС от прямого поставщика КЕРАМОТЕКА. Низкие цены, скидки. Оптовые и розничные продажи. Материал в наличии.",EQUIPE CERAMICAS / ЭКИПЕ КЕРАМИКАС Керамическая плитка и керамогранит (Испания) от прямого поставщика КЕРАМОТЕКА.,Испания,URBAN,"equipe urban, экипе урбан, бетон, цемент, керамогранит, патчворк, плитка, напольная плитка, скидки, купить, цены, испания","Каталог коллекции керамогранита Equipe Urban / Экипе Урбан (Испания) от компании КЕРАМОТЕКА. Низкие цены, скидки. Оптовые и розничные продажи. Материал в наличии.","Equipe Urban / Экипе Урбан - Керамический гранит, имитирующий бетон для жилых интерьеров и общественных пространств (Испания). КЕРАМОТЕКА",На складе,$$$,https://www.keramoteka.ru/upload/uf/bb3/keramoteka-equipe-urban.pdf,НОВИНКА,Керамогранит,Light,20X20 СМ,23523,./temp_files/img/EQUIPE_URBAN_Light.jpg
EQUIPE,./temp_files/logo/EQUIPE.png,"equipe ceramicas, экипе керамикас, плитка equipe, плитка, напольная плитка equipe, поставщик, купить, цены, Caprice, Hexatile, Hexatile Cement, Octagon, Urban, Micro, Carrara, Caprice Deco, Kite, Hexawood, Country, Metro, InMetro Evolution, Brick, Harmony, Scale","Каталог классической керамической плитки и керамогранита EQUIPE CERAMICAS / ЭКИПЕ КЕРАМИКАС от прямого поставщика КЕРАМОТЕКА. Низкие цены, скидки. Оптовые и розничные продажи. Материал в наличии.",EQUIPE CERAMICAS / ЭКИПЕ КЕРАМИКАС Керамическая плитка и керамогранит (Испания) от прямого поставщика КЕРАМОТЕКА.,Испания,URBAN,"equipe urban, экипе урбан, бетон, цемент, керамогранит, патчворк, плитка, напольная плитка, скидки, купить, цены, испания","Каталог коллекции керамогранита Equipe Urban / Экипе Урбан (Испания) от компании КЕРАМОТЕКА. Низкие цены, скидки. Оптовые и розничные продажи. Материал в наличии.","Equipe Urban / Экипе Урбан - Керамический гранит, имитирующий бетон для жилых интерьеров и общественных пространств (Испания). КЕРАМОТЕКА",На складе,$$$,https://www.keramoteka.ru/upload/uf/bb3/keramoteka-equipe-urban.pdf,НОВИНКА,Керамогранит,Natural,20X20 СМ,23524,./temp_files/img/EQUIPE_URBAN_Natural.jpg
EQUIPE,./temp_files/logo/EQUIPE.png,"equipe ceramicas, экипе керамикас, плитка equipe, плитка, напольная плитка equipe, поставщик, купить, цены, Caprice, Hexatile, Hexatile Cement, Octagon, Urban, Micro, Carrara, Caprice Deco, Kite, Hexawood, Country, Metro, InMetro Evolution, Brick, Harmony, Scale","Каталог классической керамической плитки и керамогранита EQUIPE CERAMICAS / ЭКИПЕ КЕРАМИКАС от прямого поставщика КЕРАМОТЕКА. Низкие цены, скидки. Оптовые и розничные продажи. Материал в наличии.",EQUIPE CERAMICAS / ЭКИПЕ КЕРАМИКАС Керамическая плитка и керамогранит (Испания) от прямого поставщика КЕРАМОТЕКА.,Испания,URBAN,"equipe urban, экипе урбан, бетон, цемент, керамогранит, патчворк, плитка, напольная плитка, скидки, купить, цены, испания","Каталог коллекции керамогранита Equipe Urban / Экипе Урбан (Испания) от компании КЕРАМОТЕКА. Низкие цены, скидки. Оптовые и розничные продажи. Материал в наличии.","Equipe Urban / Экипе Урбан - Керамический гранит, имитирующий бетон для жилых интерьеров и общественных пространств (Испания). КЕРАМОТЕКА",На складе,$$$,https://www.keramoteka.ru/upload/uf/bb3/keramoteka-equipe-urban.pdf,НОВИНКА,Керамогранит,Nut,20X20 СМ,23525,./temp_files/img/EQUIPE_URBAN_Nut.jpg
EQUIPE,./temp_files/logo/EQUIPE.png,"equipe ceramicas, экипе керамикас, плитка equipe, плитка, напольная плитка equipe, поставщик, купить, цены, Caprice, Hexatile, Hexatile Cement, Octagon, Urban, Micro, Carrara, Caprice Deco, Kite, Hexawood, Country, Metro, InMetro Evolution, Brick, Harmony, Scale","Каталог классической керамической плитки и керамогранита EQUIPE CERAMICAS / ЭКИПЕ КЕРАМИКАС от прямого поставщика КЕРАМОТЕКА. Низкие цены, скидки. Оптовые и розничные продажи. Материал в наличии.",EQUIPE CERAMICAS / ЭКИПЕ КЕРАМИКАС Керамическая плитка и керамогранит (Испания) от прямого поставщика КЕРАМОТЕКА.,Испания,URBAN,"equipe urban, экипе урбан, бетон, цемент, керамогранит, патчворк, плитка, напольная плитка, скидки, купить, цены, испания","Каталог коллекции керамогранита Equipe Urban / Экипе Урбан (Испания) от компании КЕРАМОТЕКА. Низкие цены, скидки. Оптовые и розничные продажи. Материал в наличии.","Equipe Urban / Экипе Урбан - Керамический гранит, имитирующий бетон для жилых интерьеров и общественных пространств (Испания). КЕРАМОТЕКА",На складе,$$$,https://www.keramoteka.ru/upload/uf/bb3/keramoteka-equipe-urban.pdf,НОВИНКА,Керамогранит,Silver,20X20 СМ,23526,./temp_files/img/EQUIPE_URBAN_Silver.jpg
EQUIPE,./temp_files/logo/EQUIPE.png,"equipe ceramicas, экипе керамикас, плитка equipe, плитка, напольная плитка equipe, поставщик, купить, цены, Caprice, Hexatile, Hexatile Cement, Octagon, Urban, Micro, Carrara, Caprice Deco, Kite, Hexawood, Country, Metro, InMetro Evolution, Brick, Harmony, Scale","Каталог классической керамической плитки и керамогранита EQUIPE CERAMICAS / ЭКИПЕ КЕРАМИКАС от прямого поставщика КЕРАМОТЕКА. Низкие цены, скидки. Оптовые и розничные продажи. Материал в наличии.",EQUIPE CERAMICAS / ЭКИПЕ КЕРАМИКАС Керамическая плитка и керамогранит (Испания) от прямого поставщика КЕРАМОТЕКА.,Испания,URBAN,"equipe urban, экипе урбан, бетон, цемент, керамогранит, патчворк, плитка, напольная плитка, скидки, купить, цены, испания","Каталог коллекции керамогранита Equipe Urban / Экипе Урбан (Испания) от компании КЕРАМОТЕКА. Низкие цены, скидки. Оптовые и розничные продажи. Материал в наличии.","Equipe Urban / Экипе Урбан - Керамический гранит, имитирующий бетон для жилых интерьеров и общественных пространств (Испания). КЕРАМОТЕКА",На складе,$$$,https://www.keramoteka.ru/upload/uf/bb3/keramoteka-equipe-urban.pdf,НОВИНКА,Керамогранит,Dark,20X20 СМ,23527,./temp_files/img/EQUIPE_URBAN_Dark.jpg
EQUIPE,./temp_files/logo/EQUIPE.png,"equipe ceramicas, экипе керамикас, плитка equipe, плитка, напольная плитка equipe, поставщик, купить, цены, Caprice, Hexatile, Hexatile Cement, Octagon, Urban, Micro, Carrara, Caprice Deco, Kite, Hexawood, Country, Metro, InMetro Evolution, Brick, Harmony, Scale","Каталог классической керамической плитки и керамогранита EQUIPE CERAMICAS / ЭКИПЕ КЕРАМИКАС от прямого поставщика КЕРАМОТЕКА. Низкие цены, скидки. Оптовые и розничные продажи. Материал в наличии.",EQUIPE CERAMICAS / ЭКИПЕ КЕРАМИКАС Керамическая плитка и керамогранит (Испания) от прямого поставщика КЕРАМОТЕКА.,Испания,URBAN,"equipe urban, экипе урбан, бетон, цемент, керамогранит, патчворк, плитка, напольная плитка, скидки, купить, цены, испания","Каталог коллекции керамогранита Equipe Urban / Экипе Урбан (Испания) от компании КЕРАМОТЕКА. Низкие цены, скидки. Оптовые и розничные продажи. Материал в наличии.","Equipe Urban / Экипе Урбан - Керамический гранит, имитирующий бетон для жилых интерьеров и общественных пространств (Испания). КЕРАМОТЕКА",На складе,$$$,https://www.keramoteka.ru/upload/uf/bb3/keramoteka-equipe-urban.pdf,НОВИНКА,Керамогранит,Handmade Light (12 вариантов паттерна),20X20 СМ,23536,./temp_files/img/EQUIPE_URBAN_Handmade Light (12 вариантов паттерна).jpg
EQUIPE,./temp_files/logo/EQUIPE.png,"equipe ceramicas, экипе керамикас, плитка equipe, плитка, напольная плитка equipe, поставщик, купить, цены, Caprice, Hexatile, Hexatile Cement, Octagon, Urban, Micro, Carrara, Caprice Deco, Kite, Hexawood, Country, Metro, InMetro Evolution, Brick, Harmony, Scale","Каталог классической керамической плитки и керамогранита EQUIPE CERAMICAS / ЭКИПЕ КЕРАМИКАС от прямого поставщика КЕРАМОТЕКА. Низкие цены, скидки. Оптовые и розничные продажи. Материал в наличии.",EQUIPE CERAMICAS / ЭКИПЕ КЕРАМИКАС Керамическая плитка и керамогранит (Испания) от прямого поставщика КЕРАМОТЕКА.,Испания,URBAN,"equipe urban, экипе урбан, бетон, цемент, керамогранит, патчворк, плитка, напольная плитка, скидки, купить, цены, испания","Каталог коллекции керамогранита Equipe Urban / Экипе Урбан (Испания) от компании КЕРАМОТЕКА. Низкие цены, скидки. Оптовые и розничные продажи. Материал в наличии.","Equipe Urban / Экипе Урбан - Керамический гранит, имитирующий бетон для жилых интерьеров и общественных пространств (Испания). КЕРАМОТЕКА",На складе,$$$,https://www.keramoteka.ru/upload/uf/bb3/keramoteka-equipe-urban.pdf,НОВИНКА,Керамогранит,Handmade Natural (12 вариантов паттерна),20X20 СМ,23593,./temp_files/img/EQUIPE_URBAN_Handmade Natural (12 вариантов паттерна).jpg
EQUIPE,./temp_files/logo/EQUIPE.png,"equipe ceramicas, экипе керамикас, плитка equipe, плитка, напольная плитка equipe, поставщик, купить, цены, Caprice, Hexatile, Hexatile Cement, Octagon, Urban, Micro, Carrara, Caprice Deco, Kite, Hexawood, Country, Metro, InMetro Evolution, Brick, Harmony, Scale","Каталог классической керамической плитки и керамогранита EQUIPE CERAMICAS / ЭКИПЕ КЕРАМИКАС от прямого поставщика КЕРАМОТЕКА. Низкие цены, скидки. Оптовые и розничные продажи. Материал в наличии.",EQUIPE CERAMICAS / ЭКИПЕ КЕРАМИКАС Керамическая плитка и керамогранит (Испания) от прямого поставщика КЕРАМОТЕКА.,Испания,URBAN,"equipe urban, экипе урбан, бетон, цемент, керамогранит, патчворк, плитка, напольная плитка, скидки, купить, цены, испания","Каталог коллекции керамогранита Equipe Urban / Экипе Урбан (Испания) от компании КЕРАМОТЕКА. Низкие цены, скидки. Оптовые и розничные продажи. Материал в наличии.","Equipe Urban / Экипе Урбан - Керамический гранит, имитирующий бетон для жилых интерьеров и общественных пространств (Испания). КЕРАМОТЕКА",На складе,$$$,https://www.keramoteka.ru/upload/uf/bb3/keramoteka-equipe-urban.pdf,НОВИНКА,Керамогранит,Handmade Nut (12 вариантов паттерна),20X20 СМ,23594,./temp_files/img/EQUIPE_URBAN_Handmade Nut (12 вариантов паттерна).jpg
EQUIPE,./temp_files/logo/EQUIPE.png,"equipe ceramicas, экипе керамикас, плитка equipe, плитка, напольная плитка equipe, поставщик, купить, цены, Caprice, Hexatile, Hexatile Cement, Octagon, Urban, Micro, Carrara, Caprice Deco, Kite, Hexawood, Country, Metro, InMetro Evolution, Brick, Harmony, Scale","Каталог классической керамической плитки и керамогранита EQUIPE CERAMICAS / ЭКИПЕ КЕРАМИКАС от прямого поставщика КЕРАМОТЕКА. Низкие цены, скидки. Оптовые и розничные продажи. Материал в наличии.",EQUIPE CERAMICAS / ЭКИПЕ КЕРАМИКАС Керамическая плитка и керамогранит (Испания) от прямого поставщика КЕРАМОТЕКА.,Испания,URBAN,"equipe urban, экипе урбан, бетон, цемент, керамогранит, патчворк, плитка, напольная плитка, скидки, купить, цены, испания","Каталог коллекции керамогранита Equipe Urban / Экипе Урбан (Испания) от компании КЕРАМОТЕКА. Низкие цены, скидки. Оптовые и розничные продажи. Материал в наличии.","Equipe Urban / Экипе Урбан - Керамический гранит, имитирующий бетон для жилых интерьеров и общественных пространств (Испания). КЕРАМОТЕКА",На складе,$$$,https://www.keramoteka.ru/upload/uf/bb3/keramoteka-equipe-urban.pdf,НОВИНКА,Керамогранит,Handmade Silver (12 вариантов паттерна),20X20 СМ,23595,./temp_files/img/EQUIPE_URBAN_Handmade Silver (12 вариантов паттерна).jpg
EQUIPE,./temp_files/logo/EQUIPE.png,"equipe ceramicas, экипе керамикас, плитка equipe, плитка, напольная плитка equipe, поставщик, купить, цены, Caprice, Hexatile, Hexatile Cement, Octagon, Urban, Micro, Carrara, Caprice Deco, Kite, Hexawood, Country, Metro, InMetro Evolution, Brick, Harmony, Scale","Каталог классической керамической плитки и керамогранита EQUIPE CERAMICAS / ЭКИПЕ КЕРАМИКАС от прямого поставщика КЕРАМОТЕКА. Низкие цены, скидки. Оптовые и розничные продажи. Материал в наличии.",EQUIPE CERAMICAS / ЭКИПЕ КЕРАМИКАС Керамическая плитка и керамогранит (Испания) от прямого поставщика КЕРАМОТЕКА.,Испания,URBAN,"equipe urban, экипе урбан, бетон, цемент, керамогранит, патчворк, плитка, напольная плитка, скидки, купить, цены, испания","Каталог коллекции керамогранита Equipe Urban / Экипе Урбан (Испания) от компании КЕРАМОТЕКА. Низкие цены, скидки. Оптовые и розничные продажи. Материал в наличии.","Equipe Urban / Экипе Урбан - Керамический гранит, имитирующий бетон для жилых интерьеров и общественных пространств (Испания). КЕРАМОТЕКА",На складе,$$$,https://www.keramoteka.ru/upload/uf/bb3/keramoteka-equipe-urban.pdf,НОВИНКА,Керамогранит,Handmade Dark (12 вариантов паттерна),20X20 СМ,23596,./temp_files/img/EQUIPE_URBAN_Handmade Dark (12 вариантов паттерна).jpg
EQUIPE,./temp_files/logo/EQUIPE.png,"equipe ceramicas, экипе керамикас, плитка equipe, плитка, напольная плитка equipe, поставщик, купить, цены, Caprice, Hexatile, Hexatile Cement, Octagon, Urban, Micro, Carrara, Caprice Deco, Kite, Hexawood, Country, Metro, InMetro Evolution, Brick, Harmony, Scale","Каталог классической керамической плитки и керамогранита EQUIPE CERAMICAS / ЭКИПЕ КЕРАМИКАС от прямого поставщика КЕРАМОТЕКА. Низкие цены, скидки. Оптовые и розничные продажи. Материал в наличии.",EQUIPE CERAMICAS / ЭКИПЕ КЕРАМИКАС Керамическая плитка и керамогранит (Испания) от прямого поставщика КЕРАМОТЕКА.,Испания,URBAN,"equipe urban, экипе урбан, бетон, цемент, керамогранит, патчворк, плитка, напольная плитка, скидки, купить, цены, испания","Каталог коллекции керамогранита Equipe Urban / Экипе Урбан (Испания) от компании КЕРАМОТЕКА. Низкие цены, скидки. Оптовые и розничные продажи. Материал в наличии.","Equipe Urban / Экипе Урбан - Керамический гранит, имитирующий бетон для жилых интерьеров и общественных пространств (Испания). КЕРАМОТЕКА",На складе,$$$,https://www.keramoteka.ru/upload/uf/bb3/keramoteka-equipe-urban.pdf,НОВИНКА,Керамогранит,Arco Light (2 вариации паттерна),20X20 СМ,23528,./temp_files/img/EQUIPE_URBAN_Arco Light (2 вариации паттерна).jpg
EQUIPE,./temp_files/logo/EQUIPE.png,"equipe ceramicas, экипе керамикас, плитка equipe, плитка, напольная плитка equipe, поставщик, купить, цены, Caprice, Hexatile, Hexatile Cement, Octagon, Urban, Micro, Carrara, Caprice Deco, Kite, Hexawood, Country, Metro, InMetro Evolution, Brick, Harmony, Scale","Каталог классической керамической плитки и керамогранита EQUIPE CERAMICAS / ЭКИПЕ КЕРАМИКАС от прямого поставщика КЕРАМОТЕКА. Низкие цены, скидки. Оптовые и розничные продажи. Материал в наличии.",EQUIPE CERAMICAS / ЭКИПЕ КЕРАМИКАС Керамическая плитка и керамогранит (Испания) от прямого поставщика КЕРАМОТЕКА.,Испания,URBAN,"equipe urban, экипе урбан, бетон, цемент, керамогранит, патчворк, плитка, напольная плитка, скидки, купить, цены, испания","Каталог коллекции керамогранита Equipe Urban / Экипе Урбан (Испания) от компании КЕРАМОТЕКА. Низкие цены, скидки. Оптовые и розничные продажи. Материал в наличии.","Equipe Urban / Экипе Урбан - Керамический гранит, имитирующий бетон для жилых интерьеров и общественных пространств (Испания). КЕРАМОТЕКА",На складе,$$$,https://www.keramoteka.ru/upload/uf/bb3/keramoteka-equipe-urban.pdf,НОВИНКА,Керамогранит,Arco Natural (2 вариации паттерна),20X20 СМ,23585,./temp_files/img/EQUIPE_URBAN_Arco Natural (2 вариации паттерна).jpg
EQUIPE,./temp_files/logo/EQUIPE.png,"equipe ceramicas, экипе керамикас, плитка equipe, плитка, напольная плитка equipe, поставщик, купить, цены, Caprice, Hexatile, Hexatile Cement, Octagon, Urban, Micro, Carrara, Caprice Deco, Kite, Hexawood, Country, Metro, InMetro Evolution, Brick, Harmony, Scale","Каталог классической керамической плитки и керамогранита EQUIPE CERAMICAS / ЭКИПЕ КЕРАМИКАС от прямого поставщика КЕРАМОТЕКА. Низкие цены, скидки. Оптовые и розничные продажи. Материал в наличии.",EQUIPE CERAMICAS / ЭКИПЕ КЕРАМИКАС Керамическая плитка и керамогранит (Испания) от прямого поставщика КЕРАМОТЕКА.,Испания,URBAN,"equipe urban, экипе урбан, бетон, цемент, керамогранит, патчворк, плитка, напольная плитка, скидки, купить, цены, испания","Каталог коллекции керамогранита Equipe Urban / Экипе Урбан (Испания) от компании КЕРАМОТЕКА. Низкие цены, скидки. Оптовые и розничные продажи. Материал в наличии.","Equipe Urban / Экипе Урбан - Керамический гранит, имитирующий бетон для жилых интерьеров и общественных пространств (Испания). КЕРАМОТЕКА",На складе,$$$,https://www.keramoteka.ru/upload/uf/bb3/keramoteka-equipe-urban.pdf,НОВИНКА,Керамогранит,Arco Nut (2 вариации паттерна),20X20 СМ,23586,./temp_files/img/EQUIPE_URBAN_Arco Nut (2 вариации паттерна).jpg
EQUIPE,./temp_files/logo/EQUIPE.png,"equipe ceramicas, экипе керамикас, плитка equipe, плитка, напольная плитка equipe, поставщик, купить, цены, Caprice, Hexatile, Hexatile Cement, Octagon, Urban, Micro, Carrara, Caprice Deco, Kite, Hexawood, Country, Metro, InMetro Evolution, Brick, Harmony, Scale","Каталог классической керамической плитки и керамогранита EQUIPE CERAMICAS / ЭКИПЕ КЕРАМИКАС от прямого поставщика КЕРАМОТЕКА. Низкие цены, скидки. Оптовые и розничные продажи. Материал в наличии.",EQUIPE CERAMICAS / ЭКИПЕ КЕРАМИКАС Керамическая плитка и керамогранит (Испания) от прямого поставщика КЕРАМОТЕКА.,Испания,URBAN,"equipe urban, экипе урбан, бетон, цемент, керамогранит, патчворк, плитка, напольная плитка, скидки, купить, цены, испания","Каталог коллекции керамогранита Equipe Urban / Экипе Урбан (Испания) от компании КЕРАМОТЕКА. Низкие цены, скидки. Оптовые и розничные продажи. Материал в наличии.","Equipe Urban / Экипе Урбан - Керамический гранит, имитирующий бетон для жилых интерьеров и общественных пространств (Испания). КЕРАМОТЕКА",На складе,$$$,https://www.keramoteka.ru/upload/uf/bb3/keramoteka-equipe-urban.pdf,НОВИНКА,Керамогранит,Arco Silver (2 вариации паттерна),20X20 СМ,23587,./temp_files/img/EQUIPE_URBAN_Arco Silver (2 вариации паттерна).jpg
EQUIPE,./temp_files/logo/EQUIPE.png,"equipe ceramicas, экипе керамикас, плитка equipe, плитка, напольная плитка equipe, поставщик, купить, цены, Caprice, Hexatile, Hexatile Cement, Octagon, Urban, Micro, Carrara, Caprice Deco, Kite, Hexawood, Country, Metro, InMetro Evolution, Brick, Harmony, Scale","Каталог классической керамической плитки и керамогранита EQUIPE CERAMICAS / ЭКИПЕ КЕРАМИКАС от прямого поставщика КЕРАМОТЕКА. Низкие цены, скидки. Оптовые и розничные продажи. Материал в наличии.",EQUIPE CERAMICAS / ЭКИПЕ КЕРАМИКАС Керамическая плитка и керамогранит (Испания) от прямого поставщика КЕРАМОТЕКА.,Испания,URBAN,"equipe urban, экипе урбан, бетон, цемент, керамогранит, патчворк, плитка, напольная плитка, скидки, купить, цены, испания","Каталог коллекции керамогранита Equipe Urban / Экипе Урбан (Испания) от компании КЕРАМОТЕКА. Низкие цены, скидки. Оптовые и розничные продажи. Материал в наличии.","Equipe Urban / Экипе Урбан - Керамический гранит, имитирующий бетон для жилых интерьеров и общественных пространств (Испания). КЕРАМОТЕКА",На складе,$$$,https://www.keramoteka.ru/upload/uf/bb3/keramoteka-equipe-urban.pdf,НОВИНКА,Керамогранит,Arco Dark (2 вариации паттерна),20X20 СМ,23588,./temp_files/img/EQUIPE_URBAN_Arco Dark (2 вариации паттерна).jpg
EQUIPE,./temp_files/logo/EQUIPE.png,"equipe ceramicas, экипе керамикас, плитка equipe, плитка, напольная плитка equipe, поставщик, купить, цены, Caprice, Hexatile, Hexatile Cement, Octagon, Urban, Micro, Carrara, Caprice Deco, Kite, Hexawood, Country, Metro, InMetro Evolution, Brick, Harmony, Scale","Каталог классической керамической плитки и керамогранита EQUIPE CERAMICAS / ЭКИПЕ КЕРАМИКАС от прямого поставщика КЕРАМОТЕКА. Низкие цены, скидки. Оптовые и розничные продажи. Материал в наличии.",EQUIPE CERAMICAS / ЭКИПЕ КЕРАМИКАС Керамическая плитка и керамогранит (Испания) от прямого поставщика КЕРАМОТЕКА.,Испания,URBAN,"equipe urban, экипе урбан, бетон, цемент, керамогранит, патчворк, плитка, напольная плитка, скидки, купить, цены, испания","Каталог коллекции керамогранита Equipe Urban / Экипе Урбан (Испания) от компании КЕРАМОТЕКА. Низкие цены, скидки. Оптовые и розничные продажи. Материал в наличии.","Equipe Urban / Экипе Урбан - Керамический гранит, имитирующий бетон для жилых интерьеров и общественных пространств (Испания). КЕРАМОТЕКА",На складе,$$$,https://www.keramoteka.ru/upload/uf/bb3/keramoteka-equipe-urban.pdf,НОВИНКА,Керамогранит,Forest Natural (9 вариантов паттерна),20X20 СМ,23614,./temp_files/img/EQUIPE_URBAN_Forest Natural (9 вариантов паттерна).jpg
EQUIPE,./temp_files/logo/EQUIPE.png,"equipe ceramicas, экипе керамикас, плитка equipe, плитка, напольная плитка equipe, поставщик, купить, цены, Caprice, Hexatile, Hexatile Cement, Octagon, Urban, Micro, Carrara, Caprice Deco, Kite, Hexawood, Country, Metro, InMetro Evolution, Brick, Harmony, Scale","Каталог классической керамической плитки и керамогранита EQUIPE CERAMICAS / ЭКИПЕ КЕРАМИКАС от прямого поставщика КЕРАМОТЕКА. Низкие цены, скидки. Оптовые и розничные продажи. Материал в наличии.",EQUIPE CERAMICAS / ЭКИПЕ КЕРАМИКАС Керамическая плитка и керамогранит (Испания) от прямого поставщика КЕРАМОТЕКА.,Испания,URBAN,"equipe urban, экипе урбан, бетон, цемент, керамогранит, патчворк, плитка, напольная плитка, скидки, купить, цены, испания","Каталог коллекции керамогранита Equipe Urban / Экипе Урбан (Испания) от компании КЕРАМОТЕКА. Низкие цены, скидки. Оптовые и розничные продажи. Материал в наличии.","Equipe Urban / Экипе Урбан - Керамический гранит, имитирующий бетон для жилых интерьеров и общественных пространств (Испания). КЕРАМОТЕКА",На складе,$$$,https://www.keramoteka.ru/upload/uf/bb3/keramoteka-equipe-urban.pdf,НОВИНКА,Керамогранит,Forest Silver (9 вариантов паттерна),20X20 СМ,23611,./temp_files/img/EQUIPE_URBAN_Forest Silver (9 вариантов паттерна).jpg
EQUIPE,./temp_files/logo/EQUIPE.png,"equipe ceramicas, экипе керамикас, плитка equipe, плитка, напольная плитка equipe, поставщик, купить, цены, Caprice, Hexatile, Hexatile Cement, Octagon, Urban, Micro, Carrara, Caprice Deco, Kite, Hexawood, Country, Metro, InMetro Evolution, Brick, Harmony, Scale","Каталог классической керамической плитки и керамогранита EQUIPE CERAMICAS / ЭКИПЕ КЕРАМИКАС от прямого поставщика КЕРАМОТЕКА. Низкие цены, скидки. Оптовые и розничные продажи. Материал в наличии.",EQUIPE CERAMICAS / ЭКИПЕ КЕРАМИКАС Керамическая плитка и керамогранит (Испания) от прямого поставщика КЕРАМОТЕКА.,Испания,URBAN,"equipe urban, экипе урбан, бетон, цемент, керамогранит, патчворк, плитка, напольная плитка, скидки, купить, цены, испания","Каталог коллекции керамогранита Equipe Urban / Экипе Урбан (Испания) от компании КЕРАМОТЕКА. Низкие цены, скидки. Оптовые и розничные продажи. Материал в наличии.","Equipe Urban / Экипе Урбан - Керамический гранит, имитирующий бетон для жилых интерьеров и общественных пространств (Испания). КЕРАМОТЕКА",На складе,$$$,https://www.keramoteka.ru/upload/uf/bb3/keramoteka-equipe-urban.pdf,НОВИНКА,Мозаика /Керамогранит/,Natural,30X30 СМ,23632,./temp_files/img/EQUIPE_URBAN_Natural.jpg
EQUIPE,./temp_files/logo/EQUIPE.png,"equipe ceramicas, экипе керамикас, плитка equipe, плитка, напольная плитка equipe, поставщик, купить, цены, Caprice, Hexatile, Hexatile Cement, Octagon, Urban, Micro, Carrara, Caprice Deco, Kite, Hexawood, Country, Metro, InMetro Evolution, Brick, Harmony, Scale","Каталог классической керамической плитки и керамогранита EQUIPE CERAMICAS / ЭКИПЕ КЕРАМИКАС от прямого поставщика КЕРАМОТЕКА. Низкие цены, скидки. Оптовые и розничные продажи. Материал в наличии.",EQUIPE CERAMICAS / ЭКИПЕ КЕРАМИКАС Керамическая плитка и керамогранит (Испания) от прямого поставщика КЕРАМОТЕКА.,Испания,URBAN,"equipe urban, экипе урбан, бетон, цемент, керамогранит, патчворк, плитка, напольная плитка, скидки, купить, цены, испания","Каталог коллекции керамогранита Equipe Urban / Экипе Урбан (Испания) от компании КЕРАМОТЕКА. Низкие цены, скидки. Оптовые и розничные продажи. Материал в наличии.","Equipe Urban / Экипе Урбан - Керамический гранит, имитирующий бетон для жилых интерьеров и общественных пространств (Испания). КЕРАМОТЕКА",На складе,$$$,https://www.keramoteka.ru/upload/uf/bb3/keramoteka-equipe-urban.pdf,НОВИНКА,Мозаика /Керамогранит/,Nut,30X30 СМ,23631,./temp_files/img/EQUIPE_URBAN_Nut.jpg
EQUIPE,./temp_files/logo/EQUIPE.png,"equipe ceramicas, экипе керамикас, плитка equipe, плитка, напольная плитка equipe, поставщик, купить, цены, Caprice, Hexatile, Hexatile Cement, Octagon, Urban, Micro, Carrara, Caprice Deco, Kite, Hexawood, Country, Metro, InMetro Evolution, Brick, Harmony, Scale","Каталог классической керамической плитки и керамогранита EQUIPE CERAMICAS / ЭКИПЕ КЕРАМИКАС от прямого поставщика КЕРАМОТЕКА. Низкие цены, скидки. Оптовые и розничные продажи. Материал в наличии.",EQUIPE CERAMICAS / ЭКИПЕ КЕРАМИКАС Керамическая плитка и керамогранит (Испания) от прямого поставщика КЕРАМОТЕКА.,Испания,URBAN,"equipe urban, экипе урбан, бетон, цемент, керамогранит, патчворк, плитка, напольная плитка, скидки, купить, цены, испания","Каталог коллекции керамогранита Equipe Urban / Экипе Урбан (Испания) от компании КЕРАМОТЕКА. Низкие цены, скидки. Оптовые и розничные продажи. Материал в наличии.","Equipe Urban / Экипе Урбан - Керамический гранит, имитирующий бетон для жилых интерьеров и общественных пространств (Испания). КЕРАМОТЕКА",На складе,$$$,https://www.keramoteka.ru/upload/uf/bb3/keramoteka-equipe-urban.pdf,НОВИНКА,Мозаика /Керамогранит/,Silver,30X30 СМ,23628,./temp_files/img/EQUIPE_URBAN_Silver.jpg
EQUIPE,./temp_files/logo/EQUIPE.png,"equipe ceramicas, экипе керамикас, плитка equipe, плитка, напольная плитка equipe, поставщик, купить, цены, Caprice, Hexatile, Hexatile Cement, Octagon, Urban, Micro, Carrara, Caprice Deco, Kite, Hexawood, Country, Metro, InMetro Evolution, Brick, Harmony, Scale","Каталог классической керамической плитки и керамогранита EQUIPE CERAMICAS / ЭКИПЕ КЕРАМИКАС от прямого поставщика КЕРАМОТЕКА. Низкие цены, скидки. Оптовые и розничные продажи. Материал в наличии.",EQUIPE CERAMICAS / ЭКИПЕ КЕРАМИКАС Керамическая плитка и керамогранит (Испания) от прямого поставщика КЕРАМОТЕКА.,Испания,URBAN,"equipe urban, экипе урбан, бетон, цемент, керамогранит, патчворк, плитка, напольная плитка, скидки, купить, цены, испания","Каталог коллекции керамогранита Equipe Urban / Экипе Урбан (Испания) от компании КЕРАМОТЕКА. Низкие цены, скидки. Оптовые и розничные продажи. Материал в наличии.","Equipe Urban / Экипе Урбан - Керамический гранит, имитирующий бетон для жилых интерьеров и общественных пространств (Испания). КЕРАМОТЕКА",На складе,$$$,https://www.keramoteka.ru/upload/uf/bb3/keramoteka-equipe-urban.pdf,НОВИНКА,Мозаика /Керамогранит/,Dark,30X30 СМ,23629,./temp_files/img/EQUIPE_URBAN_Dark.jpg
EQUIPE,./temp_files/logo/EQUIPE.png,"equipe ceramicas, экипе керамикас, плитка equipe, плитка, напольная плитка equipe, поставщик, купить, цены, Caprice, Hexatile, Hexatile Cement, Octagon, Urban, Micro, Carrara, Caprice Deco, Kite, Hexawood, Country, Metro, InMetro Evolution, Brick, Harmony, Scale","Каталог классической керамической плитки и керамогранита EQUIPE CERAMICAS / ЭКИПЕ КЕРАМИКАС от прямого поставщика КЕРАМОТЕКА. Низкие цены, скидки. Оптовые и розничные продажи. Материал в наличии.",EQUIPE CERAMICAS / ЭКИПЕ КЕРАМИКАС Керамическая плитка и керамогранит (Испания) от прямого поставщика КЕРАМОТЕКА.,Испания,URBAN,"equipe urban, экипе урбан, бетон, цемент, керамогранит, патчворк, плитка, напольная плитка, скидки, купить, цены, испания","Каталог коллекции керамогранита Equipe Urban / Экипе Урбан (Испания) от компании КЕРАМОТЕКА. Низкие цены, скидки. Оптовые и розничные продажи. Материал в наличии.","Equipe Urban / Экипе Урбан - Керамический гранит, имитирующий бетон для жилых интерьеров и общественных пространств (Испания). КЕРАМОТЕКА",На складе,$$$,https://www.keramoteka.ru/upload/uf/bb3/keramoteka-equipe-urban.pdf,НОВИНКА,Мозаика /Керамогранит/,Light,30X30 СМ,23630,./temp_files/img/EQUIPE_URBAN_Light.jpg
